muni_code,muni_name,area_code,area_name,pref_code,pref_name,mapping_source
01101,札幌市中央区,0104,札幌,01,北海道,A38b_001
01102,札幌市北区,0104,札幌,01,北海道,A38b_001
01103,札幌市東区,0104,札幌,01,北海道,A38b_001
01104,札幌市白石区,0104,札幌,01,北海道,A38b_001
01105,札幌市豊平区,0104,札幌,01,北海道,A38b_001
01106,札幌市南区,0104,札幌,01,北海道,A38b_001
01107,札幌市西区,0104,札幌,01,北海道,A38b_001
01108,札幌市厚別区,0104,札幌,01,北海道,A38b_001
01109,札幌市手稲区,0104,札幌,01,北海道,A38b_001
01110,札幌市清田区,0104,札幌,01,北海道,A38b_001
01202,函館市,0101,南渡島,01,北海道,A38b_001
01203,小樽市,0105,後志,01,北海道,A38b_001
01204,旭川市,0112,上川中部,01,北海道,A38b_001
01205,室蘭市,0109,西胆振,01,北海道,A38b_001
01206,釧路市,0120,釧路,01,北海道,A38b_001
01207,帯広市,0119,十勝,01,北海道,A38b_001
01208,北見市,0117,北網,01,北海道,A38b_001
01209,夕張市,0106,南空知,01,北海道,A38b_001
01210,岩見沢市,0106,南空知,01,北海道,A38b_001
01211,網走市,0117,北網,01,北海道,A38b_001
01212,留萌市,0115,留萌,01,北海道,A38b_001
01213,苫小牧市,0110,東胆振,01,北海道,A38b_001
01214,稚内市,0116,宗谷,01,北海道,A38b_001
01215,美唄市,0106,南空知,01,北海道,A38b_001
01216,芦別市,0107,中空知,01,北海道,A38b_001
01217,江別市,0104,札幌,01,北海道,A38b_001
01218,赤平市,0107,中空知,01,北海道,A38b_001
01219,紋別市,0118,遠紋,01,北海道,A38b_001
01220,士別市,0113,上川北部,01,北海道,A38b_001
01221,名寄市,0113,上川北部,01,北海道,A38b_001
01222,三笠市,0106,南空知,01,北海道,A38b_001
01223,根室市,0121,根室,01,北海道,A38b_001
01224,千歳市,0104,札幌,01,北海道,A38b_001
01225,滝川市,0107,中空知,01,北海道,A38b_001
01226,砂川市,0107,中空知,01,北海道,A38b_001
01227,歌志内市,0107,中空知,01,北海道,A38b_001
01228,深川市,0108,北空知,01,北海道,A38b_001
01229,富良野市,0114,富良野,01,北海道,A38b_001
01230,登別市,0109,西胆振,01,北海道,A38b_001
01231,恵庭市,0104,札幌,01,北海道,A38b_001
01233,伊達市,0109,西胆振,01,北海道,A38b_001
01234,北広島市,0104,札幌,01,北海道,A38b_001
01235,石狩市,0104,札幌,01,北海道,A38b_001
01236,北斗市,0101,南渡島,01,北海道,A38b_001
01303,当別町,0104,札幌,01,北海道,A38b_001
01304,新篠津村,0104,札幌,01,北海道,A38b_001
01331,松前町,0101,南渡島,01,北海道,A38b_001
01332,福島町,0101,南渡島,01,北海道,A38b_001
01333,知内町,0101,南渡島,01,北海道,A38b_001
01334,木古内町,0101,南渡島,01,北海道,A38b_001
01337,七飯町,0101,南渡島,01,北海道,A38b_001
01343,鹿部町,0101,南渡島,01,北海道,A38b_001
01345,森町,0101,南渡島,01,北海道,A38b_001
01346,八雲町,0103,北渡島檜山,01,北海道,A38b_001
01347,長万部町,0103,北渡島檜山,01,北海道,A38b_001
01361,江差町,0102,南檜山,01,北海道,A38b_001
01362,上ノ国町,0102,南檜山,01,北海道,A38b_001
01363,厚沢部町,0102,南檜山,01,北海道,A38b_001
01364,乙部町,0102,南檜山,01,北海道,A38b_001
01367,奥尻町,0102,南檜山,01,北海道,A38b_001
01370,今金町,0103,北渡島檜山,01,北海道,A38b_001
01371,せたな町,0103,北渡島檜山,01,北海道,A38b_001
01391,島牧村,0105,後志,01,北海道,A38b_001
01392,寿都町,0105,後志,01,北海道,A38b_001
01393,黒松内町,0105,後志,01,北海道,A38b_001
01394,蘭越町,0105,後志,01,北海道,A38b_001
01395,ニセコ町,0105,後志,01,北海道,A38b_001
01396,真狩村,0105,後志,01,北海道,A38b_001
01397,留寿都村,0105,後志,01,北海道,A38b_001
01398,喜茂別町,0105,後志,01,北海道,A38b_001
01399,京極町,0105,後志,01,北海道,A38b_001
01400,倶知安町,0105,後志,01,北海道,A38b_001
01401,共和町,0105,後志,01,北海道,A38b_001
01402,岩内町,0105,後志,01,北海道,A38b_001
01403,泊村,0105,後志,01,北海道,A38b_001
01404,神恵内村,0105,後志,01,北海道,A38b_001
01405,積丹町,0105,後志,01,北海道,A38b_001
01406,古平町,0105,後志,01,北海道,A38b_001
01407,仁木町,0105,後志,01,北海道,A38b_001
01408,余市町,0105,後志,01,北海道,A38b_001
01409,赤井川村,0105,後志,01,北海道,A38b_001
01423,南幌町,0106,南空知,01,北海道,A38b_001
01424,奈井江町,0107,中空知,01,北海道,A38b_001
01425,上砂川町,0107,中空知,01,北海道,A38b_001
01427,由仁町,0106,南空知,01,北海道,A38b_001
01428,長沼町,0106,南空知,01,北海道,A38b_001
01429,栗山町,0106,南空知,01,北海道,A38b_001
01430,月形町,0106,南空知,01,北海道,A38b_001
01431,浦臼町,0107,中空知,01,北海道,A38b_001
01432,新十津川町,0107,中空知,01,北海道,A38b_001
01433,妹背牛町,0108,北空知,01,北海道,A38b_001
01434,秩父別町,0108,北空知,01,北海道,A38b_001
01436,雨竜町,0107,中空知,01,北海道,A38b_001
01437,北竜町,0108,北空知,01,北海道,A38b_001
01438,沼田町,0108,北空知,01,北海道,A38b_001
01452,鷹栖町,0112,上川中部,01,北海道,A38b_001
01453,東神楽町,0112,上川中部,01,北海道,A38b_001
01454,当麻町,0112,上川中部,01,北海道,A38b_001
01455,比布町,0112,上川中部,01,北海道,A38b_001
01456,愛別町,0112,上川中部,01,北海道,A38b_001
01457,上川町,0112,上川中部,01,北海道,A38b_001
01458,東川町,0112,上川中部,01,北海道,A38b_001
01459,美瑛町,0112,上川中部,01,北海道,A38b_001
01460,上富良野町,0114,富良野,01,北海道,A38b_001
01461,中富良野町,0114,富良野,01,北海道,A38b_001
01462,南富良野町,0114,富良野,01,北海道,A38b_001
01463,占冠村,0114,富良野,01,北海道,A38b_001
01464,和寒町,0113,上川北部,01,北海道,A38b_001
01465,剣淵町,0113,上川北部,01,北海道,A38b_001
01468,下川町,0113,上川北部,01,北海道,A38b_001
01469,美深町,0113,上川北部,01,北海道,A38b_001
01470,音威子府村,0113,上川北部,01,北海道,A38b_001
01471,中川町,0113,上川北部,01,北海道,A38b_001
01472,幌加内町,0112,上川中部,01,北海道,A38b_001
01481,増毛町,0115,留萌,01,北海道,A38b_001
01482,小平町,0115,留萌,01,北海道,A38b_001
01483,苫前町,0115,留萌,01,北海道,A38b_001
01484,羽幌町,0115,留萌,01,北海道,A38b_001
01485,初山別村,0115,留萌,01,北海道,A38b_001
01486,遠別町,0115,留萌,01,北海道,A38b_001
01487,天塩町,0115,留萌,01,北海道,A38b_001
01511,猿払村,0116,宗谷,01,北海道,A38b_001
01512,浜頓別町,0116,宗谷,01,北海道,A38b_001
01513,中頓別町,0116,宗谷,01,北海道,A38b_001
01514,枝幸町,0116,宗谷,01,北海道,A38b_001
01516,豊富町,0116,宗谷,01,北海道,A38b_001
01517,礼文町,0116,宗谷,01,北海道,A38b_001
01518,利尻町,0116,宗谷,01,北海道,A38b_001
01519,利尻富士町,0116,宗谷,01,北海道,A38b_001
01520,幌延町,0116,宗谷,01,北海道,A38b_001
01543,美幌町,0117,北網,01,北海道,A38b_001
01544,津別町,0117,北網,01,北海道,A38b_001
01545,斜里町,0117,北網,01,北海道,A38b_001
01546,清里町,0117,北網,01,北海道,A38b_001
01547,小清水町,0117,北網,01,北海道,A38b_001
01549,訓子府町,0117,北網,01,北海道,A38b_001
01550,置戸町,0117,北網,01,北海道,A38b_001
01552,佐呂間町,0118,遠紋,01,北海道,A38b_001
01555,遠軽町,0118,遠紋,01,北海道,A38b_001
01559,湧別町,0118,遠紋,01,北海道,A38b_001
01560,滝上町,0118,遠紋,01,北海道,A38b_001
01561,興部町,0118,遠紋,01,北海道,A38b_001
01562,西興部村,0118,遠紋,01,北海道,A38b_001
01563,雄武町,0118,遠紋,01,北海道,A38b_001
01564,大空町,0117,北網,01,北海道,A38b_001
01571,豊浦町,0109,西胆振,01,北海道,A38b_001
01575,壮瞥町,0109,西胆振,01,北海道,A38b_001
01578,白老町,0110,東胆振,01,北海道,A38b_001
01581,厚真町,0110,東胆振,01,北海道,A38b_001
01584,洞爺湖町,0109,西胆振,01,北海道,A38b_001
01585,安平町,0110,東胆振,01,北海道,A38b_001
01586,むかわ町,0110,東胆振,01,北海道,A38b_001
01601,日高町,0111,日高,01,北海道,A38b_001
01602,平取町,0111,日高,01,北海道,A38b_001
01604,新冠町,0111,日高,01,北海道,A38b_001
01607,浦河町,0111,日高,01,北海道,A38b_001
01608,様似町,0111,日高,01,北海道,A38b_001
01609,えりも町,0111,日高,01,北海道,A38b_001
01610,新ひだか町,0111,日高,01,北海道,A38b_001
01631,音更町,0119,十勝,01,北海道,A38b_001
01632,士幌町,0119,十勝,01,北海道,A38b_001
01633,上士幌町,0119,十勝,01,北海道,A38b_001
01634,鹿追町,0119,十勝,01,北海道,A38b_001
01635,新得町,0119,十勝,01,北海道,A38b_001
01636,清水町,0119,十勝,01,北海道,A38b_001
01637,芽室町,0119,十勝,01,北海道,A38b_001
01638,中札内村,0119,十勝,01,北海道,A38b_001
01639,更別村,0119,十勝,01,北海道,A38b_001
01641,大樹町,0119,十勝,01,北海道,A38b_001
01642,広尾町,0119,十勝,01,北海道,A38b_001
01643,幕別町,0119,十勝,01,北海道,A38b_001
01644,池田町,0119,十勝,01,北海道,A38b_001
01645,豊頃町,0119,十勝,01,北海道,A38b_001
01646,本別町,0119,十勝,01,北海道,A38b_001
01647,足寄町,0119,十勝,01,北海道,A38b_001
01648,陸別町,0119,十勝,01,北海道,A38b_001
01649,浦幌町,0119,十勝,01,北海道,A38b_001
01661,釧路町,0120,釧路,01,北海道,A38b_001
01662,厚岸町,0120,釧路,01,北海道,A38b_001
01663,浜中町,0120,釧路,01,北海道,A38b_001
01664,標茶町,0120,釧路,01,北海道,A38b_001
01665,弟子屈町,0120,釧路,01,北海道,A38b_001
01667,鶴居村,0120,釧路,01,北海道,A38b_001
01668,白糠町,0120,釧路,01,北海道,A38b_001
01691,別海町,0121,根室,01,北海道,A38b_001
01692,中標津町,0121,根室,01,北海道,A38b_001
01693,標津町,0121,根室,01,北海道,A38b_001
01694,羅臼町,0121,根室,01,北海道,A38b_001
02201,青森市,0203,青森地域,02,青森県,A38b_001
02202,弘前市,0201,津軽地域,02,青森県,A38b_001
02203,八戸市,0202,八戸地域,02,青森県,A38b_001
02204,黒石市,0201,津軽地域,02,青森県,A38b_001
02205,五所川原市,0204,西北五地域,02,青森県,A38b_001
02206,十和田市,0205,上十三地域,02,青森県,A38b_001
02207,三沢市,0205,上十三地域,02,青森県,A38b_001
02208,むつ市,0206,下北地域,02,青森県,A38b_001
02209,つがる市,0204,西北五地域,02,青森県,A38b_001
02210,平川市,0201,津軽地域,02,青森県,A38b_001
02301,平内町,0203,青森地域,02,青森県,A38b_001
02303,今別町,0203,青森地域,02,青森県,A38b_001
02304,蓬田村,0203,青森地域,02,青森県,A38b_001
02307,外ヶ浜町,0203,青森地域,02,青森県,A38b_001
02321,鰺ヶ沢町,0204,西北五地域,02,青森県,A38b_001
02323,深浦町,0204,西北五地域,02,青森県,A38b_001
02343,西目屋村,0201,津軽地域,02,青森県,A38b_001
02361,藤崎町,0201,津軽地域,02,青森県,A38b_001
02362,大鰐町,0201,津軽地域,02,青森県,A38b_001
02367,田舎館村,0201,津軽地域,02,青森県,A38b_001
02381,板柳町,0201,津軽地域,02,青森県,A38b_001
02384,鶴田町,0204,西北五地域,02,青森県,A38b_001
02387,中泊町,0204,西北五地域,02,青森県,A38b_001
02401,野辺地町,0205,上十三地域,02,青森県,A38b_001
02402,七戸町,0205,上十三地域,02,青森県,A38b_001
02405,六戸町,0205,上十三地域,02,青森県,A38b_001
02406,横浜町,0205,上十三地域,02,青森県,A38b_001
02408,東北町,0205,上十三地域,02,青森県,A38b_001
02411,六ヶ所村,0205,上十三地域,02,青森県,A38b_001
02412,おいらせ町,0202,八戸地域,02,青森県,A38b_001
02423,大間町,0206,下北地域,02,青森県,A38b_001
02424,東通村,0206,下北地域,02,青森県,A38b_001
02425,風間浦村,0206,下北地域,02,青森県,A38b_001
02426,佐井村,0206,下北地域,02,青森県,A38b_001
02441,三戸町,0202,八戸地域,02,青森県,A38b_001
02442,五戸町,0202,八戸地域,02,青森県,A38b_001
02443,田子町,0202,八戸地域,02,青森県,A38b_001
02445,南部町,0202,八戸地域,02,青森県,A38b_001
02446,階上町,0202,八戸地域,02,青森県,A38b_001
02450,新郷村,0202,八戸地域,02,青森県,A38b_001
03201,盛岡市,0301,盛岡,03,岩手県,A38b_001
03202,宮古市,0307,宮古,03,岩手県,A38b_001
03203,大船渡市,0305,気仙,03,岩手県,A38b_001
03205,花巻市,0302,岩手中部,03,岩手県,A38b_001
03206,北上市,0302,岩手中部,03,岩手県,A38b_001
03207,久慈市,0308,久慈,03,岩手県,A38b_001
03208,遠野市,0302,岩手中部,03,岩手県,A38b_001
03209,一関市,0304,両磐,03,岩手県,A38b_001
03210,陸前高田市,0305,気仙,03,岩手県,A38b_001
03211,釜石市,0306,釜石,03,岩手県,A38b_001
03213,二戸市,0309,二戸,03,岩手県,A38b_001
03214,八幡平市,0301,盛岡,03,岩手県,A38b_001
03215,奥州市,0303,胆江,03,岩手県,A38b_001
03216,滝沢市,0301,盛岡,03,岩手県,A38b_001
03301,雫石町,0301,盛岡,03,岩手県,A38b_001
03302,葛巻町,0301,盛岡,03,岩手県,A38b_001
03303,岩手町,0301,盛岡,03,岩手県,A38b_001
03321,紫波町,0301,盛岡,03,岩手県,A38b_001
03322,矢巾町,0301,盛岡,03,岩手県,A38b_001
03366,西和賀町,0302,岩手中部,03,岩手県,A38b_001
03381,金ケ崎町,0303,胆江,03,岩手県,A38b_001
03402,平泉町,0304,両磐,03,岩手県,A38b_001
03441,住田町,0305,気仙,03,岩手県,A38b_001
03461,大槌町,0306,釜石,03,岩手県,A38b_001
03482,山田町,0307,宮古,03,岩手県,A38b_001
03483,岩泉町,0307,宮古,03,岩手県,A38b_001
03484,田野畑村,0307,宮古,03,岩手県,A38b_001
03485,普代村,0308,久慈,03,岩手県,A38b_001
03501,軽米町,0309,二戸,03,岩手県,A38b_001
03503,野田村,0308,久慈,03,岩手県,A38b_001
03506,九戸村,0309,二戸,03,岩手県,A38b_001
03507,洋野町,0308,久慈,03,岩手県,A38b_001
03524,一戸町,0309,二戸,03,岩手県,A38b_001
04101,仙台市青葉区,0403,仙台,04,宮城県,A38b_001
04102,仙台市宮城野区,0403,仙台,04,宮城県,A38b_001
04103,仙台市若林区,0403,仙台,04,宮城県,A38b_001
04104,仙台市太白区,0403,仙台,04,宮城県,A38b_001
04105,仙台市泉区,0403,仙台,04,宮城県,A38b_001
04202,石巻市,0409,石巻・登米・気仙沼,04,宮城県,A38b_001
04203,塩竈市,0403,仙台,04,宮城県,A38b_001
04205,気仙沼市,0409,石巻・登米・気仙沼,04,宮城県,A38b_001
04206,白石市,0401,仙南,04,宮城県,A38b_001
04207,名取市,0403,仙台,04,宮城県,A38b_001
04208,角田市,0401,仙南,04,宮城県,A38b_001
04209,多賀城市,0403,仙台,04,宮城県,A38b_001
04211,岩沼市,0403,仙台,04,宮城県,A38b_001
04212,登米市,0409,石巻・登米・気仙沼,04,宮城県,A38b_001
04213,栗原市,0406,大崎・栗原,04,宮城県,A38b_001
04214,東松島市,0409,石巻・登米・気仙沼,04,宮城県,A38b_001
04215,大崎市,0406,大崎・栗原,04,宮城県,A38b_001
04216,富谷市,0403,仙台,04,宮城県,A38b_001
04301,蔵王町,0401,仙南,04,宮城県,A38b_001
04302,七ヶ宿町,0401,仙南,04,宮城県,A38b_001
04321,大河原町,0401,仙南,04,宮城県,A38b_001
04322,村田町,0401,仙南,04,宮城県,A38b_001
04323,柴田町,0401,仙南,04,宮城県,A38b_001
04324,川崎町,0401,仙南,04,宮城県,A38b_001
04341,丸森町,0401,仙南,04,宮城県,A38b_001
04361,亘理町,0403,仙台,04,宮城県,A38b_001
04362,山元町,0403,仙台,04,宮城県,A38b_001
04401,松島町,0403,仙台,04,宮城県,A38b_001
04404,七ヶ浜町,0403,仙台,04,宮城県,A38b_001
04406,利府町,0403,仙台,04,宮城県,A38b_001
04421,大和町,0403,仙台,04,宮城県,A38b_001
04422,大郷町,0403,仙台,04,宮城県,A38b_001
04424,大衡村,0403,仙台,04,宮城県,A38b_001
04444,色麻町,0406,大崎・栗原,04,宮城県,A38b_001
04445,加美町,0406,大崎・栗原,04,宮城県,A38b_001
04501,涌谷町,0406,大崎・栗原,04,宮城県,A38b_001
04505,美里町,0406,大崎・栗原,04,宮城県,A38b_001
04581,女川町,0409,石巻・登米・気仙沼,04,宮城県,A38b_001
04606,南三陸町,0409,石巻・登米・気仙沼,04,宮城県,A38b_001
05201,秋田市,0504,秋田周辺,05,秋田県,A38b_001
05202,能代市,0503,能代・山本,05,秋田県,A38b_001
05203,横手市,0507,横手,05,秋田県,A38b_001
05204,大館市,0501,大館・鹿角,05,秋田県,A38b_001
05206,男鹿市,0504,秋田周辺,05,秋田県,A38b_001
05207,湯沢市,0508,湯沢・雄勝,05,秋田県,A38b_001
05209,鹿角市,0501,大館・鹿角,05,秋田県,A38b_001
05210,由利本荘市,0505,由利本荘・にかほ,05,秋田県,A38b_001
05211,潟上市,0504,秋田周辺,05,秋田県,A38b_001
05212,大仙市,0506,大仙・仙北,05,秋田県,A38b_001
05213,北秋田市,0502,北秋田,05,秋田県,A38b_001
05214,にかほ市,0505,由利本荘・にかほ,05,秋田県,A38b_001
05215,仙北市,0506,大仙・仙北,05,秋田県,A38b_001
05303,小坂町,0501,大館・鹿角,05,秋田県,A38b_001
05327,上小阿仁村,0502,北秋田,05,秋田県,A38b_001
05346,藤里町,0503,能代・山本,05,秋田県,A38b_001
05348,三種町,0503,能代・山本,05,秋田県,A38b_001
05349,八峰町,0503,能代・山本,05,秋田県,A38b_001
05361,五城目町,0504,秋田周辺,05,秋田県,A38b_001
05363,八郎潟町,0504,秋田周辺,05,秋田県,A38b_001
05366,井川町,0504,秋田周辺,05,秋田県,A38b_001
05368,大潟村,0504,秋田周辺,05,秋田県,A38b_001
05434,美郷町,0506,大仙・仙北,05,秋田県,A38b_001
05463,羽後町,0508,湯沢・雄勝,05,秋田県,A38b_001
05464,東成瀬村,0508,湯沢・雄勝,05,秋田県,A38b_001
06201,山形市,0601,村山,06,山形県,A38b_001
06202,米沢市,0603,置賜,06,山形県,A38b_001
06203,鶴岡市,0604,庄内,06,山形県,A38b_001
06204,酒田市,0604,庄内,06,山形県,A38b_001
06205,新庄市,0602,最上,06,山形県,A38b_001
06206,寒河江市,0601,村山,06,山形県,A38b_001
06207,上山市,0601,村山,06,山形県,A38b_001
06208,村山市,0601,村山,06,山形県,A38b_001
06209,長井市,0603,置賜,06,山形県,A38b_001
06210,天童市,0601,村山,06,山形県,A38b_001
06211,東根市,0601,村山,06,山形県,A38b_001
06212,尾花沢市,0601,村山,06,山形県,A38b_001
06213,南陽市,0603,置賜,06,山形県,A38b_001
06301,山辺町,0601,村山,06,山形県,A38b_001
06302,中山町,0601,村山,06,山形県,A38b_001
06321,河北町,0601,村山,06,山形県,A38b_001
06322,西川町,0601,村山,06,山形県,A38b_001
06323,朝日町,0601,村山,06,山形県,A38b_001
06324,大江町,0601,村山,06,山形県,A38b_001
06341,大石田町,0601,村山,06,山形県,A38b_001
06361,金山町,0602,最上,06,山形県,A38b_001
06362,最上町,0602,最上,06,山形県,A38b_001
06363,舟形町,0602,最上,06,山形県,A38b_001
06364,真室川町,0602,最上,06,山形県,A38b_001
06365,大蔵村,0602,最上,06,山形県,A38b_001
06366,鮭川村,0602,最上,06,山形県,A38b_001
06367,戸沢村,0602,最上,06,山形県,A38b_001
06381,高畠町,0603,置賜,06,山形県,A38b_001
06382,川西町,0603,置賜,06,山形県,A38b_001
06401,小国町,0603,置賜,06,山形県,A38b_001
06402,白鷹町,0603,置賜,06,山形県,A38b_001
06403,飯豊町,0603,置賜,06,山形県,A38b_001
06426,三川町,0604,庄内,06,山形県,A38b_001
06428,庄内町,0604,庄内,06,山形県,A38b_001
06461,遊佐町,0604,庄内,06,山形県,A38b_001
07201,福島市,0701,県北,07,福島県,A38b_001
07202,会津若松市,0708,会津・南会津,07,福島県,A38b_001
07203,郡山市,0702,県中,07,福島県,A38b_001
07204,いわき市,0707,いわき,07,福島県,A38b_001
07205,白河市,0703,県南,07,福島県,A38b_001
07207,須賀川市,0702,県中,07,福島県,A38b_001
07208,喜多方市,0708,会津・南会津,07,福島県,A38b_001
07209,相馬市,0706,相双,07,福島県,A38b_001
07210,二本松市,0701,県北,07,福島県,A38b_001
07211,田村市,0702,県中,07,福島県,A38b_001
07212,南相馬市,0706,相双,07,福島県,A38b_001
07213,伊達市,0701,県北,07,福島県,A38b_001
07214,本宮市,0701,県北,07,福島県,A38b_001
07301,桑折町,0701,県北,07,福島県,A38b_001
07303,国見町,0701,県北,07,福島県,A38b_001
07308,川俣町,0701,県北,07,福島県,A38b_001
07322,大玉村,0701,県北,07,福島県,A38b_001
07342,鏡石町,0702,県中,07,福島県,A38b_001
07344,天栄村,0702,県中,07,福島県,A38b_001
07362,下郷町,0708,会津・南会津,07,福島県,A38b_001
07364,檜枝岐村,0708,会津・南会津,07,福島県,A38b_001
07367,只見町,0708,会津・南会津,07,福島県,A38b_001
07368,南会津町,0708,会津・南会津,07,福島県,A38b_001
07402,北塩原村,0708,会津・南会津,07,福島県,A38b_001
07405,西会津町,0708,会津・南会津,07,福島県,A38b_001
07407,磐梯町,0708,会津・南会津,07,福島県,A38b_001
07408,猪苗代町,0708,会津・南会津,07,福島県,A38b_001
07421,会津坂下町,0708,会津・南会津,07,福島県,A38b_001
07422,湯川村,0708,会津・南会津,07,福島県,A38b_001
07423,柳津町,0708,会津・南会津,07,福島県,A38b_001
07444,三島町,0708,会津・南会津,07,福島県,A38b_001
07445,金山町,0708,会津・南会津,07,福島県,A38b_001
07446,昭和村,0708,会津・南会津,07,福島県,A38b_001
07447,会津美里町,0708,会津・南会津,07,福島県,A38b_001
07461,西郷村,0703,県南,07,福島県,A38b_001
07464,泉崎村,0703,県南,07,福島県,A38b_001
07465,中島村,0703,県南,07,福島県,A38b_001
07466,矢吹町,0703,県南,07,福島県,A38b_001
07481,棚倉町,0703,県南,07,福島県,A38b_001
07482,矢祭町,0703,県南,07,福島県,A38b_001
07483,塙町,0703,県南,07,福島県,A38b_001
07484,鮫川村,0703,県南,07,福島県,A38b_001
07501,石川町,0702,県中,07,福島県,A38b_001
07502,玉川村,0702,県中,07,福島県,A38b_001
07503,平田村,0702,県中,07,福島県,A38b_001
07504,浅川町,0702,県中,07,福島県,A38b_001
07505,古殿町,0702,県中,07,福島県,A38b_001
07521,三春町,0702,県中,07,福島県,A38b_001
07522,小野町,0702,県中,07,福島県,A38b_001
07541,広野町,0706,相双,07,福島県,A38b_001
07542,楢葉町,0706,相双,07,福島県,A38b_001
07543,富岡町,0706,相双,07,福島県,A38b_001
07544,川内村,0706,相双,07,福島県,A38b_001
07545,大熊町,0706,相双,07,福島県,A38b_001
07546,双葉町,0706,相双,07,福島県,A38b_001
07547,浪江町,0706,相双,07,福島県,A38b_001
07548,葛尾村,0706,相双,07,福島県,A38b_001
07561,新地町,0706,相双,07,福島県,A38b_001
07564,飯舘村,0706,相双,07,福島県,A38b_001
08201,水戸市,0801,水戸,08,茨城県,A38b_001
08202,日立市,0802,日立,08,茨城県,A38b_001
08203,土浦市,0805,土浦,08,茨城県,A38b_001
08204,古河市,0809,古河・坂東,08,茨城県,A38b_001
08205,石岡市,0805,土浦,08,茨城県,A38b_001
08207,結城市,0808,筑西・下妻,08,茨城県,A38b_001
08208,龍ケ崎市,0807,取手・竜ヶ崎,08,茨城県,A38b_001
08210,下妻市,0808,筑西・下妻,08,茨城県,A38b_001
08211,常総市,0806,つくば,08,茨城県,A38b_001
08212,常陸太田市,0803,常陸太田・ひたちなか,08,茨城県,A38b_001
08214,高萩市,0802,日立,08,茨城県,A38b_001
08215,北茨城市,0802,日立,08,茨城県,A38b_001
08216,笠間市,0801,水戸,08,茨城県,A38b_001
08217,取手市,0807,取手・竜ヶ崎,08,茨城県,A38b_001
08219,牛久市,0807,取手・竜ヶ崎,08,茨城県,A38b_001
08220,つくば市,0806,つくば,08,茨城県,A38b_001
08221,ひたちなか市,0803,常陸太田・ひたちなか,08,茨城県,A38b_001
08222,鹿嶋市,0804,鹿行,08,茨城県,A38b_001
08223,潮来市,0804,鹿行,08,茨城県,A38b_001
08224,守谷市,0807,取手・竜ヶ崎,08,茨城県,A38b_001
08225,常陸大宮市,0803,常陸太田・ひたちなか,08,茨城県,A38b_001
08226,那珂市,0803,常陸太田・ひたちなか,08,茨城県,A38b_001
08227,筑西市,0808,筑西・下妻,08,茨城県,A38b_001
08228,坂東市,0809,古河・坂東,08,茨城県,A38b_001
08229,稲敷市,0807,取手・竜ヶ崎,08,茨城県,A38b_001
08230,かすみがうら市,0805,土浦,08,茨城県,A38b_001
08231,桜川市,0808,筑西・下妻,08,茨城県,A38b_001
08232,神栖市,0804,鹿行,08,茨城県,A38b_001
08233,行方市,0804,鹿行,08,茨城県,A38b_001
08234,鉾田市,0804,鹿行,08,茨城県,A38b_001
08235,つくばみらい市,0806,つくば,08,茨城県,A38b_001
08236,小美玉市,0801,水戸,08,茨城県,A38b_001
08302,茨城町,0801,水戸,08,茨城県,A38b_001
08309,大洗町,0801,水戸,08,茨城県,A38b_001
08310,城里町,0801,水戸,08,茨城県,A38b_001
08341,東海村,0803,常陸太田・ひたちなか,08,茨城県,A38b_001
08364,大子町,0803,常陸太田・ひたちなか,08,茨城県,A38b_001
08442,美浦村,0807,取手・竜ヶ崎,08,茨城県,A38b_001
08443,阿見町,0807,取手・竜ヶ崎,08,茨城県,A38b_001
08447,河内町,0807,取手・竜ヶ崎,08,茨城県,A38b_001
08521,八千代町,0808,筑西・下妻,08,茨城県,A38b_001
08542,五霞町,0809,古河・坂東,08,茨城県,A38b_001
08546,境町,0809,古河・坂東,08,茨城県,A38b_001
08564,利根町,0807,取手・竜ヶ崎,08,茨城県,A38b_001
09201,宇都宮市,0903,宇都宮,09,栃木県,A38b_001
09202,足利市,0906,両毛,09,栃木県,A38b_001
09203,栃木市,0905,県南,09,栃木県,A38b_001
09204,佐野市,0906,両毛,09,栃木県,A38b_001
09205,鹿沼市,0902,県西,09,栃木県,A38b_001
09206,日光市,0902,県西,09,栃木県,A38b_001
09208,小山市,0905,県南,09,栃木県,A38b_001
09209,真岡市,0904,県東,09,栃木県,A38b_001
09210,大田原市,0901,県北,09,栃木県,A38b_001
09211,矢板市,0901,県北,09,栃木県,A38b_001
09213,那須塩原市,0901,県北,09,栃木県,A38b_001
09214,さくら市,0901,県北,09,栃木県,A38b_001
09215,那須烏山市,0901,県北,09,栃木県,A38b_001
09216,下野市,0905,県南,09,栃木県,A38b_001
09301,上三川町,0905,県南,09,栃木県,A38b_001
09342,益子町,0904,県東,09,栃木県,A38b_001
09343,茂木町,0904,県東,09,栃木県,A38b_001
09344,市貝町,0904,県東,09,栃木県,A38b_001
09345,芳賀町,0904,県東,09,栃木県,A38b_001
09361,壬生町,0905,県南,09,栃木県,A38b_001
09364,野木町,0905,県南,09,栃木県,A38b_001
09384,塩谷町,0901,県北,09,栃木県,A38b_001
09386,高根沢町,0901,県北,09,栃木県,A38b_001
09407,那須町,0901,県北,09,栃木県,A38b_001
09411,那珂川町,0901,県北,09,栃木県,A38b_001
10201,前橋市,1001,前橋,10,群馬県,A38b_001
10202,高崎市,1004,高崎・安中,10,群馬県,A38b_001
10203,桐生市,1009,桐生,10,群馬県,A38b_001
10204,伊勢崎市,1003,伊勢崎,10,群馬県,A38b_001
10205,太田市,1010,太田・館林,10,群馬県,A38b_001
10206,沼田市,1008,沼田,10,群馬県,A38b_001
10207,館林市,1010,太田・館林,10,群馬県,A38b_001
10208,渋川市,1002,渋川,10,群馬県,A38b_001
10209,藤岡市,1005,藤岡,10,群馬県,A38b_001
10210,富岡市,1006,富岡,10,群馬県,A38b_001
10211,安中市,1004,高崎・安中,10,群馬県,A38b_001
10212,みどり市,1009,桐生,10,群馬県,A38b_001
10344,榛東村,1002,渋川,10,群馬県,A38b_001
10345,吉岡町,1002,渋川,10,群馬県,A38b_001
10366,上野村,1005,藤岡,10,群馬県,A38b_001
10367,神流町,1005,藤岡,10,群馬県,A38b_001
10382,下仁田町,1006,富岡,10,群馬県,A38b_001
10383,南牧村,1006,富岡,10,群馬県,A38b_001
10384,甘楽町,1006,富岡,10,群馬県,A38b_001
10421,中之条町,1007,吾妻,10,群馬県,A38b_001
10424,長野原町,1007,吾妻,10,群馬県,A38b_001
10425,嬬恋村,1007,吾妻,10,群馬県,A38b_001
10426,草津町,1007,吾妻,10,群馬県,A38b_001
10428,高山村,1007,吾妻,10,群馬県,A38b_001
10429,東吾妻町,1007,吾妻,10,群馬県,A38b_001
10443,片品村,1008,沼田,10,群馬県,A38b_001
10444,川場村,1008,沼田,10,群馬県,A38b_001
10448,昭和村,1008,沼田,10,群馬県,A38b_001
10449,みなかみ町,1008,沼田,10,群馬県,A38b_001
10464,玉村町,1003,伊勢崎,10,群馬県,A38b_001
10521,板倉町,1010,太田・館林,10,群馬県,A38b_001
10522,明和町,1010,太田・館林,10,群馬県,A38b_001
10523,千代田町,1010,太田・館林,10,群馬県,A38b_001
10524,大泉町,1010,太田・館林,10,群馬県,A38b_001
10525,邑楽町,1010,太田・館林,10,群馬県,A38b_001
11101,さいたま市西区,1104,さいたま,11,埼玉県,A38b_001
11102,さいたま市北区,1104,さいたま,11,埼玉県,A38b_001
11103,さいたま市大宮区,1104,さいたま,11,埼玉県,A38b_001
11104,さいたま市見沼区,1104,さいたま,11,埼玉県,A38b_001
11105,さいたま市中央区,1104,さいたま,11,埼玉県,A38b_001
11106,さいたま市桜区,1104,さいたま,11,埼玉県,A38b_001
11107,さいたま市浦和区,1104,さいたま,11,埼玉県,A38b_001
11108,さいたま市南区,1104,さいたま,11,埼玉県,A38b_001
11109,さいたま市緑区,1104,さいたま,11,埼玉県,A38b_001
11110,さいたま市岩槻区,1104,さいたま,11,埼玉県,A38b_001
11201,川越市,1106,川越比企,11,埼玉県,A38b_001
11202,熊谷市,1109,北部,11,埼玉県,A38b_001
11203,川口市,1101,南部,11,埼玉県,A38b_001
11206,行田市,1108,利根,11,埼玉県,A38b_001
11207,秩父市,1110,秩父,11,埼玉県,A38b_001
11208,所沢市,1107,西部,11,埼玉県,A38b_001
11209,飯能市,1107,西部,11,埼玉県,A38b_001
11210,加須市,1108,利根,11,埼玉県,A38b_001
11211,本庄市,1109,北部,11,埼玉県,A38b_001
11212,東松山市,1106,川越比企,11,埼玉県,A38b_001
11214,春日部市,1103,東部,11,埼玉県,A38b_001
11215,狭山市,1107,西部,11,埼玉県,A38b_001
11216,羽生市,1108,利根,11,埼玉県,A38b_001
11217,鴻巣市,1105,県央,11,埼玉県,A38b_001
11218,深谷市,1109,北部,11,埼玉県,A38b_001
11219,上尾市,1105,県央,11,埼玉県,A38b_001
11221,草加市,1103,東部,11,埼玉県,A38b_001
11222,越谷市,1103,東部,11,埼玉県,A38b_001
11223,蕨市,1101,南部,11,埼玉県,A38b_001
11224,戸田市,1101,南部,11,埼玉県,A38b_001
11225,入間市,1107,西部,11,埼玉県,A38b_001
11227,朝霞市,1102,南西部,11,埼玉県,A38b_001
11228,志木市,1102,南西部,11,埼玉県,A38b_001
11229,和光市,1102,南西部,11,埼玉県,A38b_001
11230,新座市,1102,南西部,11,埼玉県,A38b_001
11231,桶川市,1105,県央,11,埼玉県,A38b_001
11232,久喜市,1108,利根,11,埼玉県,A38b_001
11233,北本市,1105,県央,11,埼玉県,A38b_001
11234,八潮市,1103,東部,11,埼玉県,A38b_001
11235,富士見市,1102,南西部,11,埼玉県,A38b_001
11237,三郷市,1103,東部,11,埼玉県,A38b_001
11238,蓮田市,1108,利根,11,埼玉県,A38b_001
11239,坂戸市,1106,川越比企,11,埼玉県,A38b_001
11240,幸手市,1108,利根,11,埼玉県,A38b_001
11241,鶴ヶ島市,1106,川越比企,11,埼玉県,A38b_001
11242,日高市,1107,西部,11,埼玉県,A38b_001
11243,吉川市,1103,東部,11,埼玉県,A38b_001
11245,ふじみ野市,1102,南西部,11,埼玉県,A38b_001
11246,白岡市,1108,利根,11,埼玉県,A38b_001
11301,伊奈町,1105,県央,11,埼玉県,A38b_001
11324,三芳町,1102,南西部,11,埼玉県,A38b_001
11326,毛呂山町,1106,川越比企,11,埼玉県,A38b_001
11327,越生町,1106,川越比企,11,埼玉県,A38b_001
11341,滑川町,1106,川越比企,11,埼玉県,A38b_001
11342,嵐山町,1106,川越比企,11,埼玉県,A38b_001
11343,小川町,1106,川越比企,11,埼玉県,A38b_001
11346,川島町,1106,川越比企,11,埼玉県,A38b_001
11347,吉見町,1106,川越比企,11,埼玉県,A38b_001
11348,鳩山町,1106,川越比企,11,埼玉県,A38b_001
11349,ときがわ町,1106,川越比企,11,埼玉県,A38b_001
11361,横瀬町,1110,秩父,11,埼玉県,A38b_001
11362,皆野町,1110,秩父,11,埼玉県,A38b_001
11363,長瀞町,1110,秩父,11,埼玉県,A38b_001
11365,小鹿野町,1110,秩父,11,埼玉県,A38b_001
11369,東秩父村,1106,川越比企,11,埼玉県,A38b_001
11381,美里町,1109,北部,11,埼玉県,A38b_001
11383,神川町,1109,北部,11,埼玉県,A38b_001
11385,上里町,1109,北部,11,埼玉県,A38b_001
11408,寄居町,1109,北部,11,埼玉県,A38b_001
11442,宮代町,1108,利根,11,埼玉県,A38b_001
11464,杉戸町,1108,利根,11,埼玉県,A38b_001
11465,松伏町,1103,東部,11,埼玉県,A38b_001
12101,千葉市中央区,1201,千葉,12,千葉県,A38b_001
12102,千葉市花見川区,1201,千葉,12,千葉県,A38b_001
12103,千葉市稲毛区,1201,千葉,12,千葉県,A38b_001
12104,千葉市若葉区,1201,千葉,12,千葉県,A38b_001
12105,千葉市緑区,1201,千葉,12,千葉県,A38b_001
12106,千葉市美浜区,1201,千葉,12,千葉県,A38b_001
12202,銚子市,1205,香取海匝,12,千葉県,A38b_001
12203,市川市,1202,東葛南部,12,千葉県,A38b_001
12204,船橋市,1202,東葛南部,12,千葉県,A38b_001
12205,館山市,1207,安房,12,千葉県,A38b_001
12206,木更津市,1208,君津,12,千葉県,A38b_001
12207,松戸市,1203,東葛北部,12,千葉県,A38b_001
12208,野田市,1203,東葛北部,12,千葉県,A38b_001
12210,茂原市,1206,山武長生夷隅,12,千葉県,A38b_001
12211,成田市,1204,印旛,12,千葉県,A38b_001
12212,佐倉市,1204,印旛,12,千葉県,A38b_001
12213,東金市,1206,山武長生夷隅,12,千葉県,A38b_001
12215,旭市,1205,香取海匝,12,千葉県,A38b_001
12216,習志野市,1202,東葛南部,12,千葉県,A38b_001
12217,柏市,1203,東葛北部,12,千葉県,A38b_001
12218,勝浦市,1206,山武長生夷隅,12,千葉県,A38b_001
12219,市原市,1209,市原,12,千葉県,A38b_001
12220,流山市,1203,東葛北部,12,千葉県,A38b_001
12221,八千代市,1202,東葛南部,12,千葉県,A38b_001
12222,我孫子市,1203,東葛北部,12,千葉県,A38b_001
12223,鴨川市,1207,安房,12,千葉県,A38b_001
12224,鎌ケ谷市,1202,東葛南部,12,千葉県,A38b_001
12225,君津市,1208,君津,12,千葉県,A38b_001
12226,富津市,1208,君津,12,千葉県,A38b_001
12227,浦安市,1202,東葛南部,12,千葉県,A38b_001
12228,四街道市,1204,印旛,12,千葉県,A38b_001
12229,袖ケ浦市,1208,君津,12,千葉県,A38b_001
12230,八街市,1204,印旛,12,千葉県,A38b_001
12231,印西市,1204,印旛,12,千葉県,A38b_001
12232,白井市,1204,印旛,12,千葉県,A38b_001
12233,富里市,1204,印旛,12,千葉県,A38b_001
12234,南房総市,1207,安房,12,千葉県,A38b_001
12235,匝瑳市,1205,香取海匝,12,千葉県,A38b_001
12236,香取市,1205,香取海匝,12,千葉県,A38b_001
12237,山武市,1206,山武長生夷隅,12,千葉県,A38b_001
12238,いすみ市,1206,山武長生夷隅,12,千葉県,A38b_001
12239,大網白里市,1206,山武長生夷隅,12,千葉県,A38b_001
12322,酒々井町,1204,印旛,12,千葉県,A38b_001
12329,栄町,1204,印旛,12,千葉県,A38b_001
12342,神崎町,1205,香取海匝,12,千葉県,A38b_001
12347,多古町,1205,香取海匝,12,千葉県,A38b_001
12349,東庄町,1205,香取海匝,12,千葉県,A38b_001
12403,九十九里町,1206,山武長生夷隅,12,千葉県,A38b_001
12409,芝山町,1206,山武長生夷隅,12,千葉県,A38b_001
12410,横芝光町,1206,山武長生夷隅,12,千葉県,A38b_001
12421,一宮町,1206,山武長生夷隅,12,千葉県,A38b_001
12422,睦沢町,1206,山武長生夷隅,12,千葉県,A38b_001
12423,長生村,1206,山武長生夷隅,12,千葉県,A38b_001
12424,白子町,1206,山武長生夷隅,12,千葉県,A38b_001
12426,長柄町,1206,山武長生夷隅,12,千葉県,A38b_001
12427,長南町,1206,山武長生夷隅,12,千葉県,A38b_001
12441,大多喜町,1206,山武長生夷隅,12,千葉県,A38b_001
12443,御宿町,1206,山武長生夷隅,12,千葉県,A38b_001
12463,鋸南町,1207,安房,12,千葉県,A38b_001
13101,千代田区,1301,区中央部,13,東京都,A38b_001
13102,中央区,1301,区中央部,13,東京都,A38b_001
13103,港区,1301,区中央部,13,東京都,A38b_001
13104,新宿区,1304,区西部,13,東京都,A38b_001
13105,文京区,1301,区中央部,13,東京都,A38b_001
13106,台東区,1301,区中央部,13,東京都,A38b_001
13107,墨田区,1307,区東部,13,東京都,A38b_001
13108,江東区,1307,区東部,13,東京都,A38b_001
13109,品川区,1302,区南部,13,東京都,A38b_001
13110,目黒区,1303,区西南部,13,東京都,A38b_001
13111,大田区,1302,区南部,13,東京都,A38b_001
13112,世田谷区,1303,区西南部,13,東京都,A38b_001
13113,渋谷区,1303,区西南部,13,東京都,A38b_001
13114,中野区,1304,区西部,13,東京都,A38b_001
13115,杉並区,1304,区西部,13,東京都,A38b_001
13116,豊島区,1305,区西北部,13,東京都,A38b_001
13117,北区,1305,区西北部,13,東京都,A38b_001
13118,荒川区,1306,区東北部,13,東京都,A38b_001
13119,板橋区,1305,区西北部,13,東京都,A38b_001
13120,練馬区,1305,区西北部,13,東京都,A38b_001
13121,足立区,1306,区東北部,13,東京都,A38b_001
13122,葛飾区,1306,区東北部,13,東京都,A38b_001
13123,江戸川区,1307,区東部,13,東京都,A38b_001
13201,八王子市,1309,南多摩,13,東京都,A38b_001
13202,立川市,1310,北多摩西部,13,東京都,A38b_001
13203,武蔵野市,1311,北多摩南部,13,東京都,A38b_001
13204,三鷹市,1311,北多摩南部,13,東京都,A38b_001
13205,青梅市,1308,西多摩,13,東京都,A38b_001
13206,府中市,1311,北多摩南部,13,東京都,A38b_001
13207,昭島市,1310,北多摩西部,13,東京都,A38b_001
13208,調布市,1311,北多摩南部,13,東京都,A38b_001
13209,町田市,1309,南多摩,13,東京都,A38b_001
13210,小金井市,1311,北多摩南部,13,東京都,A38b_001
13211,小平市,1312,北多摩北部,13,東京都,A38b_001
13212,日野市,1309,南多摩,13,東京都,A38b_001
13213,東村山市,1312,北多摩北部,13,東京都,A38b_001
13214,国分寺市,1310,北多摩西部,13,東京都,A38b_001
13215,国立市,1310,北多摩西部,13,東京都,A38b_001
13218,福生市,1308,西多摩,13,東京都,A38b_001
13219,狛江市,1311,北多摩南部,13,東京都,A38b_001
13220,東大和市,1310,北多摩西部,13,東京都,A38b_001
13221,清瀬市,1312,北多摩北部,13,東京都,A38b_001
13222,東久留米市,1312,北多摩北部,13,東京都,A38b_001
13223,武蔵村山市,1310,北多摩西部,13,東京都,A38b_001
13224,多摩市,1309,南多摩,13,東京都,A38b_001
13225,稲城市,1309,南多摩,13,東京都,A38b_001
13227,羽村市,1308,西多摩,13,東京都,A38b_001
13228,あきる野市,1308,西多摩,13,東京都,A38b_001
13229,西東京市,1312,北多摩北部,13,東京都,A38b_001
13303,瑞穂町,1308,西多摩,13,東京都,A38b_001
13305,日の出町,1308,西多摩,13,東京都,A38b_001
13307,檜原村,1308,西多摩,13,東京都,A38b_001
13308,奥多摩町,1308,西多摩,13,東京都,A38b_001
13361,大島町,1313,島しょ,13,東京都,A38b_001
13362,利島村,1313,島しょ,13,東京都,A38b_001
13363,新島村,1313,島しょ,13,東京都,A38b_001
13364,神津島村,1313,島しょ,13,東京都,A38b_001
13381,三宅村,1313,島しょ,13,東京都,A38b_001
13382,御蔵島村,1313,島しょ,13,東京都,A38b_001
13401,八丈町,1313,島しょ,13,東京都,A38b_001
13402,青ヶ島村,1313,島しょ,13,東京都,A38b_001
13421,小笠原村,1313,島しょ,13,東京都,A38b_001
14101,横浜市鶴見区,1412,横浜,14,神奈川県,A38b_001
14102,横浜市神奈川区,1412,横浜,14,神奈川県,A38b_001
14103,横浜市西区,1412,横浜,14,神奈川県,A38b_001
14104,横浜市中区,1412,横浜,14,神奈川県,A38b_001
14105,横浜市南区,1412,横浜,14,神奈川県,A38b_001
14106,横浜市保土ケ谷区,1412,横浜,14,神奈川県,A38b_001
14107,横浜市磯子区,1412,横浜,14,神奈川県,A38b_001
14108,横浜市金沢区,1412,横浜,14,神奈川県,A38b_001
14109,横浜市港北区,1412,横浜,14,神奈川県,A38b_001
14110,横浜市戸塚区,1412,横浜,14,神奈川県,A38b_001
14111,横浜市港南区,1412,横浜,14,神奈川県,A38b_001
14112,横浜市旭区,1412,横浜,14,神奈川県,A38b_001
14113,横浜市緑区,1412,横浜,14,神奈川県,A38b_001
14114,横浜市瀬谷区,1412,横浜,14,神奈川県,A38b_001
14115,横浜市栄区,1412,横浜,14,神奈川県,A38b_001
14116,横浜市泉区,1412,横浜,14,神奈川県,A38b_001
14117,横浜市青葉区,1412,横浜,14,神奈川県,A38b_001
14118,横浜市都筑区,1412,横浜,14,神奈川県,A38b_001
14131,川崎市川崎区,1405,川崎南部,14,神奈川県,A38b_001
14132,川崎市幸区,1405,川崎南部,14,神奈川県,A38b_001
14133,川崎市中原区,1405,川崎南部,14,神奈川県,A38b_001
14134,川崎市高津区,1404,川崎北部,14,神奈川県,A38b_001
14135,川崎市多摩区,1404,川崎北部,14,神奈川県,A38b_001
14136,川崎市宮前区,1404,川崎北部,14,神奈川県,A38b_001
14137,川崎市麻生区,1404,川崎北部,14,神奈川県,A38b_001
14151,相模原市緑区,1410,相模原,14,神奈川県,A38b_001
14152,相模原市中央区,1410,相模原,14,神奈川県,A38b_001
14153,相模原市南区,1410,相模原,14,神奈川県,A38b_001
14201,横須賀市,1406,横須賀・三浦,14,神奈川県,A38b_001
14203,平塚市,1408,湘南西部,14,神奈川県,A38b_001
14204,鎌倉市,1406,横須賀・三浦,14,神奈川県,A38b_001
14205,藤沢市,1407,湘南東部,14,神奈川県,A38b_001
14206,小田原市,1411,県西,14,神奈川県,A38b_001
14207,茅ヶ崎市,1407,湘南東部,14,神奈川県,A38b_001
14208,逗子市,1406,横須賀・三浦,14,神奈川県,A38b_001
14210,三浦市,1406,横須賀・三浦,14,神奈川県,A38b_001
14211,秦野市,1408,湘南西部,14,神奈川県,A38b_001
14212,厚木市,1409,県央,14,神奈川県,A38b_001
14213,大和市,1409,県央,14,神奈川県,A38b_001
14214,伊勢原市,1408,湘南西部,14,神奈川県,A38b_001
14215,海老名市,1409,県央,14,神奈川県,A38b_001
14216,座間市,1409,県央,14,神奈川県,A38b_001
14217,南足柄市,1411,県西,14,神奈川県,A38b_001
14218,綾瀬市,1409,県央,14,神奈川県,A38b_001
14301,葉山町,1406,横須賀・三浦,14,神奈川県,A38b_001
14321,寒川町,1407,湘南東部,14,神奈川県,A38b_001
14341,大磯町,1408,湘南西部,14,神奈川県,A38b_001
14342,二宮町,1408,湘南西部,14,神奈川県,A38b_001
14361,中井町,1411,県西,14,神奈川県,A38b_001
14362,大井町,1411,県西,14,神奈川県,A38b_001
14363,松田町,1411,県西,14,神奈川県,A38b_001
14364,山北町,1411,県西,14,神奈川県,A38b_001
14366,開成町,1411,県西,14,神奈川県,A38b_001
14382,箱根町,1411,県西,14,神奈川県,A38b_001
14383,真鶴町,1411,県西,14,神奈川県,A38b_001
14384,湯河原町,1411,県西,14,神奈川県,A38b_001
14401,愛川町,1409,県央,14,神奈川県,A38b_001
14402,清川村,1409,県央,14,神奈川県,A38b_001
15101,新潟市北区,1502,新潟,15,新潟県,A38b_001
15102,新潟市東区,1502,新潟,15,新潟県,A38b_001
15103,新潟市中央区,1502,新潟,15,新潟県,A38b_001
15104,新潟市江南区,1502,新潟,15,新潟県,A38b_001
15105,新潟市秋葉区,1502,新潟,15,新潟県,A38b_001
15106,新潟市南区,1502,新潟,15,新潟県,A38b_001
15107,新潟市西区,1502,新潟,15,新潟県,A38b_001
15108,新潟市西蒲区,1502,新潟,15,新潟県,A38b_001
15202,長岡市,1504,中越,15,新潟県,A38b_001
15204,三条市,1503,県央,15,新潟県,A38b_001
15205,柏崎市,1504,中越,15,新潟県,A38b_001
15206,新発田市,1501,下越,15,新潟県,A38b_001
15208,小千谷市,1504,中越,15,新潟県,A38b_001
15209,加茂市,1503,県央,15,新潟県,A38b_001
15210,十日町市,1505,魚沼,15,新潟県,A38b_001
15211,見附市,1504,中越,15,新潟県,A38b_001
15212,村上市,1501,下越,15,新潟県,A38b_001
15213,燕市,1503,県央,15,新潟県,A38b_001
15216,糸魚川市,1506,上越,15,新潟県,A38b_001
15217,妙高市,1506,上越,15,新潟県,A38b_001
15218,五泉市,1502,新潟,15,新潟県,A38b_001
15222,上越市,1506,上越,15,新潟県,A38b_001
15223,阿賀野市,1502,新潟,15,新潟県,A38b_001
15224,佐渡市,1507,佐渡,15,新潟県,A38b_001
15225,魚沼市,1505,魚沼,15,新潟県,A38b_001
15226,南魚沼市,1505,魚沼,15,新潟県,A38b_001
15227,胎内市,1501,下越,15,新潟県,A38b_001
15307,聖籠町,1501,下越,15,新潟県,A38b_001
15342,弥彦村,1503,県央,15,新潟県,A38b_001
15361,田上町,1503,県央,15,新潟県,A38b_001
15385,阿賀町,1502,新潟,15,新潟県,A38b_001
15405,出雲崎町,1504,中越,15,新潟県,A38b_001
15461,湯沢町,1505,魚沼,15,新潟県,A38b_001
15482,津南町,1505,魚沼,15,新潟県,A38b_001
15504,刈羽村,1504,中越,15,新潟県,A38b_001
15581,関川村,1501,下越,15,新潟県,A38b_001
15586,粟島浦村,1501,下越,15,新潟県,A38b_001
16201,富山市,1602,富山,16,富山県,A38b_001
16202,高岡市,1603,高岡,16,富山県,A38b_001
16204,魚津市,1601,新川,16,富山県,A38b_001
16205,氷見市,1603,高岡,16,富山県,A38b_001
16206,滑川市,1602,富山,16,富山県,A38b_001
16207,黒部市,1601,新川,16,富山県,A38b_001
16208,砺波市,1604,砺波,16,富山県,A38b_001
16209,小矢部市,1604,砺波,16,富山県,A38b_001
16210,南砺市,1604,砺波,16,富山県,A38b_001
16211,射水市,1603,高岡,16,富山県,A38b_001
16321,舟橋村,1602,富山,16,富山県,A38b_001
16322,上市町,1602,富山,16,富山県,A38b_001
16323,立山町,1602,富山,16,富山県,A38b_001
16342,入善町,1601,新川,16,富山県,A38b_001
16343,朝日町,1601,新川,16,富山県,A38b_001
17201,金沢市,1702,石川中央,17,石川県,A38b_001
17202,七尾市,1703,能登中部,17,石川県,A38b_001
17203,小松市,1701,南加賀,17,石川県,A38b_001
17204,輪島市,1704,能登北部,17,石川県,A38b_001
17205,珠洲市,1704,能登北部,17,石川県,A38b_001
17206,加賀市,1701,南加賀,17,石川県,A38b_001
17207,羽咋市,1703,能登中部,17,石川県,A38b_001
17209,かほく市,1702,石川中央,17,石川県,A38b_001
17210,白山市,1702,石川中央,17,石川県,A38b_001
17211,能美市,1701,南加賀,17,石川県,A38b_001
17212,野々市市,1702,石川中央,17,石川県,A38b_001
17324,川北町,1701,南加賀,17,石川県,A38b_001
17361,津幡町,1702,石川中央,17,石川県,A38b_001
17365,内灘町,1702,石川中央,17,石川県,A38b_001
17384,志賀町,1703,能登中部,17,石川県,A38b_001
17386,宝達志水町,1703,能登中部,17,石川県,A38b_001
17407,中能登町,1703,能登中部,17,石川県,A38b_001
17461,穴水町,1704,能登北部,17,石川県,A38b_001
17463,能登町,1704,能登北部,17,石川県,A38b_001
18201,福井市,1801,福井・坂井,18,福井県,A38b_001
18202,敦賀市,1804,嶺南,18,福井県,A38b_001
18204,小浜市,1804,嶺南,18,福井県,A38b_001
18205,大野市,1802,奥越,18,福井県,A38b_001
18206,勝山市,1802,奥越,18,福井県,A38b_001
18207,鯖江市,1803,丹南,18,福井県,A38b_001
18208,あわら市,1801,福井・坂井,18,福井県,A38b_001
18209,越前市,1803,丹南,18,福井県,A38b_001
18210,坂井市,1801,福井・坂井,18,福井県,A38b_001
18322,永平寺町,1801,福井・坂井,18,福井県,A38b_001
18382,池田町,1803,丹南,18,福井県,A38b_001
18404,南越前町,1803,丹南,18,福井県,A38b_001
18423,越前町,1803,丹南,18,福井県,A38b_001
18442,美浜町,1804,嶺南,18,福井県,A38b_001
18481,高浜町,1804,嶺南,18,福井県,A38b_001
18483,おおい町,1804,嶺南,18,福井県,A38b_001
18501,若狭町,1804,嶺南,18,福井県,A38b_001
19201,甲府市,1901,中北,19,山梨県,A38b_001
19202,富士吉田市,1904,富士・東部,19,山梨県,A38b_001
19204,都留市,1904,富士・東部,19,山梨県,A38b_001
19205,山梨市,1902,峡東,19,山梨県,A38b_001
19206,大月市,1904,富士・東部,19,山梨県,A38b_001
19207,韮崎市,1901,中北,19,山梨県,A38b_001
19208,南アルプス市,1901,中北,19,山梨県,A38b_001
19209,北杜市,1901,中北,19,山梨県,A38b_001
19210,甲斐市,1901,中北,19,山梨県,A38b_001
19211,笛吹市,1902,峡東,19,山梨県,A38b_001
19212,上野原市,1904,富士・東部,19,山梨県,A38b_001
19213,甲州市,1902,峡東,19,山梨県,A38b_001
19214,中央市,1901,中北,19,山梨県,A38b_001
19346,市川三郷町,1903,峡南,19,山梨県,A38b_001
19364,早川町,1903,峡南,19,山梨県,A38b_001
19365,身延町,1903,峡南,19,山梨県,A38b_001
19366,南部町,1903,峡南,19,山梨県,A38b_001
19368,富士川町,1903,峡南,19,山梨県,A38b_001
19384,昭和町,1901,中北,19,山梨県,A38b_001
19422,道志村,1904,富士・東部,19,山梨県,A38b_001
19423,西桂町,1904,富士・東部,19,山梨県,A38b_001
19424,忍野村,1904,富士・東部,19,山梨県,A38b_001
19425,山中湖村,1904,富士・東部,19,山梨県,A38b_001
19429,鳴沢村,1904,富士・東部,19,山梨県,A38b_001
19430,富士河口湖町,1904,富士・東部,19,山梨県,A38b_001
19442,小菅村,1904,富士・東部,19,山梨県,A38b_001
19443,丹波山村,1904,富士・東部,19,山梨県,A38b_001
20201,長野市,2009,長野,20,長野県,A38b_001
20202,松本市,2007,松本,20,長野県,A38b_001
20203,上田市,2002,上小,20,長野県,A38b_001
20204,岡谷市,2003,諏訪,20,長野県,A38b_001
20205,飯田市,2005,飯伊,20,長野県,A38b_001
20206,諏訪市,2003,諏訪,20,長野県,A38b_001
20207,須坂市,2009,長野,20,長野県,A38b_001
20208,小諸市,2001,佐久,20,長野県,A38b_001
20209,伊那市,2004,上伊那,20,長野県,A38b_001
20210,駒ヶ根市,2004,上伊那,20,長野県,A38b_001
20211,中野市,2010,北信,20,長野県,A38b_001
20212,大町市,2008,大北,20,長野県,A38b_001
20213,飯山市,2010,北信,20,長野県,A38b_001
20214,茅野市,2003,諏訪,20,長野県,A38b_001
20215,塩尻市,2007,松本,20,長野県,A38b_001
20217,佐久市,2001,佐久,20,長野県,A38b_001
20218,千曲市,2009,長野,20,長野県,A38b_001
20219,東御市,2002,上小,20,長野県,A38b_001
20220,安曇野市,2007,松本,20,長野県,A38b_001
20303,小海町,2001,佐久,20,長野県,A38b_001
20304,川上村,2001,佐久,20,長野県,A38b_001
20305,南牧村,2001,佐久,20,長野県,A38b_001
20306,南相木村,2001,佐久,20,長野県,A38b_001
20307,北相木村,2001,佐久,20,長野県,A38b_001
20309,佐久穂町,2001,佐久,20,長野県,A38b_001
20321,軽井沢町,2001,佐久,20,長野県,A38b_001
20323,御代田町,2001,佐久,20,長野県,A38b_001
20324,立科町,2001,佐久,20,長野県,A38b_001
20349,青木村,2002,上小,20,長野県,A38b_001
20350,長和町,2002,上小,20,長野県,A38b_001
20361,下諏訪町,2003,諏訪,20,長野県,A38b_001
20362,富士見町,2003,諏訪,20,長野県,A38b_001
20363,原村,2003,諏訪,20,長野県,A38b_001
20382,辰野町,2004,上伊那,20,長野県,A38b_001
20383,箕輪町,2004,上伊那,20,長野県,A38b_001
20384,飯島町,2004,上伊那,20,長野県,A38b_001
20385,南箕輪村,2004,上伊那,20,長野県,A38b_001
20386,中川村,2004,上伊那,20,長野県,A38b_001
20388,宮田村,2004,上伊那,20,長野県,A38b_001
20402,松川町,2005,飯伊,20,長野県,A38b_001
20403,高森町,2005,飯伊,20,長野県,A38b_001
20404,阿南町,2005,飯伊,20,長野県,A38b_001
20407,阿智村,2005,飯伊,20,長野県,A38b_001
20409,平谷村,2005,飯伊,20,長野県,A38b_001
20410,根羽村,2005,飯伊,20,長野県,A38b_001
20411,下條村,2005,飯伊,20,長野県,A38b_001
20412,売木村,2005,飯伊,20,長野県,A38b_001
20413,天龍村,2005,飯伊,20,長野県,A38b_001
20414,泰阜村,2005,飯伊,20,長野県,A38b_001
20415,喬木村,2005,飯伊,20,長野県,A38b_001
20416,豊丘村,2005,飯伊,20,長野県,A38b_001
20417,大鹿村,2005,飯伊,20,長野県,A38b_001
20422,上松町,2006,木曽,20,長野県,A38b_001
20423,南木曽町,2006,木曽,20,長野県,A38b_001
20425,木祖村,2006,木曽,20,長野県,A38b_001
20429,王滝村,2006,木曽,20,長野県,A38b_001
20430,大桑村,2006,木曽,20,長野県,A38b_001
20432,木曽町,2006,木曽,20,長野県,A38b_001
20446,麻績村,2007,松本,20,長野県,A38b_001
20448,生坂村,2007,松本,20,長野県,A38b_001
20450,山形村,2007,松本,20,長野県,A38b_001
20451,朝日村,2007,松本,20,長野県,A38b_001
20452,筑北村,2007,松本,20,長野県,A38b_001
20481,池田町,2008,大北,20,長野県,A38b_001
20482,松川村,2008,大北,20,長野県,A38b_001
20485,白馬村,2008,大北,20,長野県,A38b_001
20486,小谷村,2008,大北,20,長野県,A38b_001
20521,坂城町,2009,長野,20,長野県,A38b_001
20541,小布施町,2009,長野,20,長野県,A38b_001
20543,高山村,2009,長野,20,長野県,A38b_001
20561,山ノ内町,2010,北信,20,長野県,A38b_001
20562,木島平村,2010,北信,20,長野県,A38b_001
20563,野沢温泉村,2010,北信,20,長野県,A38b_001
20583,信濃町,2009,長野,20,長野県,A38b_001
20588,小川村,2009,長野,20,長野県,A38b_001
20590,飯綱町,2009,長野,20,長野県,A38b_001
20602,栄村,2010,北信,20,長野県,A38b_001
21201,岐阜市,2101,岐阜,21,岐阜県,A38b_001
21202,大垣市,2102,西濃,21,岐阜県,A38b_001
21203,高山市,2105,飛騨,21,岐阜県,A38b_001
21204,多治見市,2104,東濃,21,岐阜県,A38b_001
21205,関市,2103,中濃,21,岐阜県,A38b_001
21206,中津川市,2104,東濃,21,岐阜県,A38b_001
21207,美濃市,2103,中濃,21,岐阜県,A38b_001
21208,瑞浪市,2104,東濃,21,岐阜県,A38b_001
21209,羽島市,2101,岐阜,21,岐阜県,A38b_001
21210,恵那市,2104,東濃,21,岐阜県,A38b_001
21211,美濃加茂市,2103,中濃,21,岐阜県,A38b_001
21212,土岐市,2104,東濃,21,岐阜県,A38b_001
21213,各務原市,2101,岐阜,21,岐阜県,A38b_001
21214,可児市,2103,中濃,21,岐阜県,A38b_001
21215,山県市,2101,岐阜,21,岐阜県,A38b_001
21216,瑞穂市,2101,岐阜,21,岐阜県,A38b_001
21217,飛騨市,2105,飛騨,21,岐阜県,A38b_001
21218,本巣市,2101,岐阜,21,岐阜県,A38b_001
21219,郡上市,2103,中濃,21,岐阜県,A38b_001
21220,下呂市,2105,飛騨,21,岐阜県,A38b_001
21221,海津市,2102,西濃,21,岐阜県,A38b_001
21302,岐南町,2101,岐阜,21,岐阜県,A38b_001
21303,笠松町,2101,岐阜,21,岐阜県,A38b_001
21341,養老町,2102,西濃,21,岐阜県,A38b_001
21361,垂井町,2102,西濃,21,岐阜県,A38b_001
21362,関ケ原町,2102,西濃,21,岐阜県,A38b_001
21381,神戸町,2102,西濃,21,岐阜県,A38b_001
21382,輪之内町,2102,西濃,21,岐阜県,A38b_001
21383,安八町,2102,西濃,21,岐阜県,A38b_001
21401,揖斐川町,2102,西濃,21,岐阜県,A38b_001
21403,大野町,2102,西濃,21,岐阜県,A38b_001
21404,池田町,2102,西濃,21,岐阜県,A38b_001
21421,北方町,2101,岐阜,21,岐阜県,A38b_001
21501,坂祝町,2103,中濃,21,岐阜県,A38b_001
21502,富加町,2103,中濃,21,岐阜県,A38b_001
21503,川辺町,2103,中濃,21,岐阜県,A38b_001
21504,七宗町,2103,中濃,21,岐阜県,A38b_001
21505,八百津町,2103,中濃,21,岐阜県,A38b_001
21506,白川町,2103,中濃,21,岐阜県,A38b_001
21507,東白川村,2103,中濃,21,岐阜県,A38b_001
21521,御嵩町,2103,中濃,21,岐阜県,A38b_001
21604,白川村,2105,飛騨,21,岐阜県,A38b_001
22101,静岡市葵区,2205,静岡,22,静岡県,A38b_001
22102,静岡市駿河区,2205,静岡,22,静岡県,A38b_001
22103,静岡市清水区,2205,静岡,22,静岡県,A38b_001
22131,浜松市中区,2208,西部,22,静岡県,A38b_001
22132,浜松市東区,2208,西部,22,静岡県,A38b_001
22133,浜松市西区,2208,西部,22,静岡県,A38b_001
22134,浜松市南区,2208,西部,22,静岡県,A38b_001
22135,浜松市北区,2208,西部,22,静岡県,A38b_001
22136,浜松市浜北区,2208,西部,22,静岡県,A38b_001
22137,浜松市天竜区,2208,西部,22,静岡県,A38b_001
22203,沼津市,2203,駿東田方,22,静岡県,A38b_001
22205,熱海市,2202,熱海伊東,22,静岡県,A38b_001
22206,三島市,2203,駿東田方,22,静岡県,A38b_001
22207,富士宮市,2204,富士,22,静岡県,A38b_001
22208,伊東市,2202,熱海伊東,22,静岡県,A38b_001
22209,島田市,2206,志太榛原,22,静岡県,A38b_001
22210,富士市,2204,富士,22,静岡県,A38b_001
22211,磐田市,2207,中東遠,22,静岡県,A38b_001
22212,焼津市,2206,志太榛原,22,静岡県,A38b_001
22213,掛川市,2207,中東遠,22,静岡県,A38b_001
22214,藤枝市,2206,志太榛原,22,静岡県,A38b_001
22215,御殿場市,2203,駿東田方,22,静岡県,A38b_001
22216,袋井市,2207,中東遠,22,静岡県,A38b_001
22219,下田市,2201,賀茂,22,静岡県,A38b_001
22220,裾野市,2203,駿東田方,22,静岡県,A38b_001
22221,湖西市,2208,西部,22,静岡県,A38b_001
22222,伊豆市,2203,駿東田方,22,静岡県,A38b_001
22223,御前崎市,2207,中東遠,22,静岡県,A38b_001
22224,菊川市,2207,中東遠,22,静岡県,A38b_001
22225,伊豆の国市,2203,駿東田方,22,静岡県,A38b_001
22226,牧之原市,2206,志太榛原,22,静岡県,A38b_001
22301,東伊豆町,2201,賀茂,22,静岡県,A38b_001
22302,河津町,2201,賀茂,22,静岡県,A38b_001
22304,南伊豆町,2201,賀茂,22,静岡県,A38b_001
22305,松崎町,2201,賀茂,22,静岡県,A38b_001
22306,西伊豆町,2201,賀茂,22,静岡県,A38b_001
22325,函南町,2203,駿東田方,22,静岡県,A38b_001
22341,清水町,2203,駿東田方,22,静岡県,A38b_001
22342,長泉町,2203,駿東田方,22,静岡県,A38b_001
22344,小山町,2203,駿東田方,22,静岡県,A38b_001
22424,吉田町,2206,志太榛原,22,静岡県,A38b_001
22429,川根本町,2206,志太榛原,22,静岡県,A38b_001
22461,森町,2207,中東遠,22,静岡県,A38b_001
23101,名古屋市千種区,2313,名古屋・尾張中部,23,愛知県,A38b_001
23102,名古屋市東区,2313,名古屋・尾張中部,23,愛知県,A38b_001
23103,名古屋市北区,2313,名古屋・尾張中部,23,愛知県,A38b_001
23104,名古屋市西区,2313,名古屋・尾張中部,23,愛知県,A38b_001
23105,名古屋市中村区,2313,名古屋・尾張中部,23,愛知県,A38b_001
23106,名古屋市中区,2313,名古屋・尾張中部,23,愛知県,A38b_001
23107,名古屋市昭和区,2313,名古屋・尾張中部,23,愛知県,A38b_001
23108,名古屋市瑞穂区,2313,名古屋・尾張中部,23,愛知県,A38b_001
23109,名古屋市熱田区,2313,名古屋・尾張中部,23,愛知県,A38b_001
23110,名古屋市中川区,2313,名古屋・尾張中部,23,愛知県,A38b_001
23111,名古屋市港区,2313,名古屋・尾張中部,23,愛知県,A38b_001
23112,名古屋市南区,2313,名古屋・尾張中部,23,愛知県,A38b_001
23113,名古屋市守山区,2313,名古屋・尾張中部,23,愛知県,A38b_001
23114,名古屋市緑区,2313,名古屋・尾張中部,23,愛知県,A38b_001
23115,名古屋市名東区,2313,名古屋・尾張中部,23,愛知県,A38b_001
23116,名古屋市天白区,2313,名古屋・尾張中部,23,愛知県,A38b_001
23201,豊橋市,2312,東三河南部,23,愛知県,A38b_001
23202,岡崎市,2310,西三河南部東,23,愛知県,A38b_001
23203,一宮市,2305,尾張西部,23,愛知県,A38b_001
23204,瀬戸市,2304,尾張東部,23,愛知県,A38b_001
23205,半田市,2307,知多半島,23,愛知県,A38b_001
23206,春日井市,2306,尾張北部,23,愛知県,A38b_001
23207,豊川市,2312,東三河南部,23,愛知県,A38b_001
23208,津島市,2302,海部,23,愛知県,A38b_001
23209,碧南市,2309,西三河南部西,23,愛知県,A38b_001
23210,刈谷市,2309,西三河南部西,23,愛知県,A38b_001
23211,豊田市,2308,西三河北部,23,愛知県,A38b_001
23212,安城市,2309,西三河南部西,23,愛知県,A38b_001
23213,西尾市,2309,西三河南部西,23,愛知県,A38b_001
23214,蒲郡市,2312,東三河南部,23,愛知県,A38b_001
23215,犬山市,2306,尾張北部,23,愛知県,A38b_001
23216,常滑市,2307,知多半島,23,愛知県,A38b_001
23217,江南市,2306,尾張北部,23,愛知県,A38b_001
23219,小牧市,2306,尾張北部,23,愛知県,A38b_001
23220,稲沢市,2305,尾張西部,23,愛知県,A38b_001
23221,新城市,2311,東三河北部,23,愛知県,A38b_001
23222,東海市,2307,知多半島,23,愛知県,A38b_001
23223,大府市,2307,知多半島,23,愛知県,A38b_001
23224,知多市,2307,知多半島,23,愛知県,A38b_001
23225,知立市,2309,西三河南部西,23,愛知県,A38b_001
23226,尾張旭市,2304,尾張東部,23,愛知県,A38b_001
23227,高浜市,2309,西三河南部西,23,愛知県,A38b_001
23228,岩倉市,2306,尾張北部,23,愛知県,A38b_001
23229,豊明市,2304,尾張東部,23,愛知県,A38b_001
23230,日進市,2304,尾張東部,23,愛知県,A38b_001
23231,田原市,2312,東三河南部,23,愛知県,A38b_001
23232,愛西市,2302,海部,23,愛知県,A38b_001
23233,清須市,2313,名古屋・尾張中部,23,愛知県,A38b_001
23234,北名古屋市,2313,名古屋・尾張中部,23,愛知県,A38b_001
23235,弥富市,2302,海部,23,愛知県,A38b_001
23236,みよし市,2308,西三河北部,23,愛知県,A38b_001
23237,あま市,2302,海部,23,愛知県,A38b_001
23238,長久手市,2304,尾張東部,23,愛知県,A38b_001
23302,東郷町,2304,尾張東部,23,愛知県,A38b_001
23342,豊山町,2313,名古屋・尾張中部,23,愛知県,A38b_001
23361,大口町,2306,尾張北部,23,愛知県,A38b_001
23362,扶桑町,2306,尾張北部,23,愛知県,A38b_001
23424,大治町,2302,海部,23,愛知県,A38b_001
23425,蟹江町,2302,海部,23,愛知県,A38b_001
23427,飛島村,2302,海部,23,愛知県,A38b_001
23441,阿久比町,2307,知多半島,23,愛知県,A38b_001
23442,東浦町,2307,知多半島,23,愛知県,A38b_001
23445,南知多町,2307,知多半島,23,愛知県,A38b_001
23446,美浜町,2307,知多半島,23,愛知県,A38b_001
23447,武豊町,2307,知多半島,23,愛知県,A38b_001
23501,幸田町,2310,西三河南部東,23,愛知県,A38b_001
23561,設楽町,2311,東三河北部,23,愛知県,A38b_001
23562,東栄町,2311,東三河北部,23,愛知県,A38b_001
23563,豊根村,2311,東三河北部,23,愛知県,A38b_001
24201,津市,2408,津,24,三重県,mie_area_municipalities
24202,四日市市,2406,三泗,24,三重県,mie_area_municipalities
24203,伊勢市,2411,伊勢志摩,24,三重県,mie_area_municipalities
24204,松阪市,2410,松阪,24,三重県,mie_area_municipalities
24205,桑名市,2405,桑員,24,三重県,mie_area_municipalities
24207,鈴鹿市,2407,鈴亀,24,三重県,mie_area_municipalities
24208,名張市,2409,伊賀,24,三重県,mie_area_municipalities
24209,尾鷲市,2412,東紀州,24,三重県,mie_area_municipalities
24210,亀山市,2407,鈴亀,24,三重県,mie_area_municipalities
24211,鳥羽市,2411,伊勢志摩,24,三重県,mie_area_municipalities
24212,熊野市,2412,東紀州,24,三重県,mie_area_municipalities
24214,いなべ市,2405,桑員,24,三重県,mie_area_municipalities
24215,志摩市,2411,伊勢志摩,24,三重県,mie_area_municipalities
24216,伊賀市,2409,伊賀,24,三重県,mie_area_municipalities
24303,木曽岬町,2405,桑員,24,三重県,mie_area_municipalities
24324,東員町,2405,桑員,24,三重県,mie_area_municipalities
24341,菰野町,2406,三泗,24,三重県,mie_area_municipalities
24343,朝日町,2406,三泗,24,三重県,mie_area_municipalities
24344,川越町,2406,三泗,24,三重県,mie_area_municipalities
24441,多気町,2410,松阪,24,三重県,mie_area_municipalities
24442,明和町,2410,松阪,24,三重県,mie_area_municipalities
24443,大台町,2410,松阪,24,三重県,mie_area_municipalities
24461,玉城町,2411,伊勢志摩,24,三重県,mie_area_municipalities
24470,度会町,2411,伊勢志摩,24,三重県,mie_area_municipalities
24471,大紀町,2410,松阪,24,三重県,mie_area_municipalities
24472,南伊勢町,2411,伊勢志摩,24,三重県,mie_area_municipalities
24543,紀北町,2412,東紀州,24,三重県,mie_area_municipalities
24561,御浜町,2412,東紀州,24,三重県,mie_area_municipalities
24562,紀宝町,2412,東紀州,24,三重県,mie_area_municipalities
25201,大津市,2501,大津,25,滋賀県,A38b_001
25202,彦根市,2505,湖東,25,滋賀県,A38b_001
25203,長浜市,2506,湖北,25,滋賀県,A38b_001
25204,近江八幡市,2504,東近江,25,滋賀県,A38b_001
25206,草津市,2502,湖南,25,滋賀県,A38b_001
25207,守山市,2502,湖南,25,滋賀県,A38b_001
25208,栗東市,2502,湖南,25,滋賀県,A38b_001
25209,甲賀市,2503,甲賀,25,滋賀県,A38b_001
25210,野洲市,2502,湖南,25,滋賀県,A38b_001
25211,湖南市,2503,甲賀,25,滋賀県,A38b_001
25212,高島市,2507,湖西,25,滋賀県,A38b_001
25213,東近江市,2504,東近江,25,滋賀県,A38b_001
25214,米原市,2506,湖北,25,滋賀県,A38b_001
25383,日野町,2504,東近江,25,滋賀県,A38b_001
25384,竜王町,2504,東近江,25,滋賀県,A38b_001
25425,愛荘町,2505,湖東,25,滋賀県,A38b_001
25441,豊郷町,2505,湖東,25,滋賀県,A38b_001
25442,甲良町,2505,湖東,25,滋賀県,A38b_001
25443,多賀町,2505,湖東,25,滋賀県,A38b_001
26101,京都市北区,2604,京都・乙訓,26,京都府,A38b_001
26102,京都市上京区,2604,京都・乙訓,26,京都府,A38b_001
26103,京都市左京区,2604,京都・乙訓,26,京都府,A38b_001
26104,京都市中京区,2604,京都・乙訓,26,京都府,A38b_001
26105,京都市東山区,2604,京都・乙訓,26,京都府,A38b_001
26106,京都市下京区,2604,京都・乙訓,26,京都府,A38b_001
26107,京都市南区,2604,京都・乙訓,26,京都府,A38b_001
26108,京都市右京区,2604,京都・乙訓,26,京都府,A38b_001
26109,京都市伏見区,2604,京都・乙訓,26,京都府,A38b_001
26110,京都市山科区,2604,京都・乙訓,26,京都府,A38b_001
26111,京都市西京区,2604,京都・乙訓,26,京都府,A38b_001
26201,福知山市,2602,中丹,26,京都府,A38b_001
26202,舞鶴市,2602,中丹,26,京都府,A38b_001
26203,綾部市,2602,中丹,26,京都府,A38b_001
26204,宇治市,2605,山城北,26,京都府,A38b_001
26205,宮津市,2601,丹後,26,京都府,A38b_001
26206,亀岡市,2603,南丹,26,京都府,A38b_001
26207,城陽市,2605,山城北,26,京都府,A38b_001
26208,向日市,2604,京都・乙訓,26,京都府,A38b_001
26209,長岡京市,2604,京都・乙訓,26,京都府,A38b_001
26210,八幡市,2605,山城北,26,京都府,A38b_001
26211,京田辺市,2605,山城北,26,京都府,A38b_001
26212,京丹後市,2601,丹後,26,京都府,A38b_001
26213,南丹市,2603,南丹,26,京都府,A38b_001
26214,木津川市,2606,山城南,26,京都府,A38b_001
26303,大山崎町,2604,京都・乙訓,26,京都府,A38b_001
26322,久御山町,2605,山城北,26,京都府,A38b_001
26343,井手町,2605,山城北,26,京都府,A38b_001
26344,宇治田原町,2605,山城北,26,京都府,A38b_001
26364,笠置町,2606,山城南,26,京都府,A38b_001
26365,和束町,2606,山城南,26,京都府,A38b_001
26366,精華町,2606,山城南,26,京都府,A38b_001
26367,南山城村,2606,山城南,26,京都府,A38b_001
26407,京丹波町,2603,南丹,26,京都府,A38b_001
26463,伊根町,2601,丹後,26,京都府,A38b_001
26465,与謝野町,2601,丹後,26,京都府,A38b_001
27102,大阪市都島区,2708,大阪市,27,大阪府,A38b_001
27103,大阪市福島区,2708,大阪市,27,大阪府,A38b_001
27104,大阪市此花区,2708,大阪市,27,大阪府,A38b_001
27106,大阪市西区,2708,大阪市,27,大阪府,A38b_001
27107,大阪市港区,2708,大阪市,27,大阪府,A38b_001
27108,大阪市大正区,2708,大阪市,27,大阪府,A38b_001
27109,大阪市天王寺区,2708,大阪市,27,大阪府,A38b_001
27111,大阪市浪速区,2708,大阪市,27,大阪府,A38b_001
27113,大阪市西淀川区,2708,大阪市,27,大阪府,A38b_001
27114,大阪市東淀川区,2708,大阪市,27,大阪府,A38b_001
27115,大阪市東成区,2708,大阪市,27,大阪府,A38b_001
27116,大阪市生野区,2708,大阪市,27,大阪府,A38b_001
27117,大阪市旭区,2708,大阪市,27,大阪府,A38b_001
27118,大阪市城東区,2708,大阪市,27,大阪府,A38b_001
27119,大阪市阿倍野区,2708,大阪市,27,大阪府,A38b_001
27120,大阪市住吉区,2708,大阪市,27,大阪府,A38b_001
27121,大阪市東住吉区,2708,大阪市,27,大阪府,A38b_001
27122,大阪市西成区,2708,大阪市,27,大阪府,A38b_001
27123,大阪市淀川区,2708,大阪市,27,大阪府,A38b_001
27124,大阪市鶴見区,2708,大阪市,27,大阪府,A38b_001
27125,大阪市住之江区,2708,大阪市,27,大阪府,A38b_001
27126,大阪市平野区,2708,大阪市,27,大阪府,A38b_001
27127,大阪市北区,2708,大阪市,27,大阪府,A38b_001
27128,大阪市中央区,2708,大阪市,27,大阪府,A38b_001
27141,堺市堺区,2706,堺市,27,大阪府,A38b_001
27142,堺市中区,2706,堺市,27,大阪府,A38b_001
27143,堺市東区,2706,堺市,27,大阪府,A38b_001
27144,堺市西区,2706,堺市,27,大阪府,A38b_001
27145,堺市南区,2706,堺市,27,大阪府,A38b_001
27146,堺市北区,2706,堺市,27,大阪府,A38b_001
27147,堺市美原区,2706,堺市,27,大阪府,A38b_001
27202,岸和田市,2707,泉州,27,大阪府,A38b_001
27203,豊中市,2701,豊能,27,大阪府,A38b_001
27204,池田市,2701,豊能,27,大阪府,A38b_001
27205,吹田市,2701,豊能,27,大阪府,A38b_001
27206,泉大津市,2707,泉州,27,大阪府,A38b_001
27207,高槻市,2702,三島,27,大阪府,A38b_001
27208,貝塚市,2707,泉州,27,大阪府,A38b_001
27209,守口市,2703,北河内,27,大阪府,A38b_001
27210,枚方市,2703,北河内,27,大阪府,A38b_001
27211,茨木市,2702,三島,27,大阪府,A38b_001
27212,八尾市,2704,中河内,27,大阪府,A38b_001
27213,泉佐野市,2707,泉州,27,大阪府,A38b_001
27214,富田林市,2705,南河内,27,大阪府,A38b_001
27215,寝屋川市,2703,北河内,27,大阪府,A38b_001
27216,河内長野市,2705,南河内,27,大阪府,A38b_001
27217,松原市,2705,南河内,27,大阪府,A38b_001
27218,大東市,2703,北河内,27,大阪府,A38b_001
27219,和泉市,2707,泉州,27,大阪府,A38b_001
27220,箕面市,2701,豊能,27,大阪府,A38b_001
27221,柏原市,2704,中河内,27,大阪府,A38b_001
27222,羽曳野市,2705,南河内,27,大阪府,A38b_001
27223,門真市,2703,北河内,27,大阪府,A38b_001
27224,摂津市,2702,三島,27,大阪府,A38b_001
27225,高石市,2707,泉州,27,大阪府,A38b_001
27226,藤井寺市,2705,南河内,27,大阪府,A38b_001
27227,東大阪市,2704,中河内,27,大阪府,A38b_001
27228,泉南市,2707,泉州,27,大阪府,A38b_001
27229,四條畷市,2703,北河内,27,大阪府,A38b_001
27230,交野市,2703,北河内,27,大阪府,A38b_001
27231,大阪狭山市,2705,南河内,27,大阪府,A38b_001
27232,阪南市,2707,泉州,27,大阪府,A38b_001
27301,島本町,2702,三島,27,大阪府,A38b_001
27321,豊能町,2701,豊能,27,大阪府,A38b_001
27322,能勢町,2701,豊能,27,大阪府,A38b_001
27341,忠岡町,2707,泉州,27,大阪府,A38b_001
27361,熊取町,2707,泉州,27,大阪府,A38b_001
27362,田尻町,2707,泉州,27,大阪府,A38b_001
27366,岬町,2707,泉州,27,大阪府,A38b_001
27381,太子町,2705,南河内,27,大阪府,A38b_001
27382,河南町,2705,南河内,27,大阪府,A38b_001
27383,千早赤阪村,2705,南河内,27,大阪府,A38b_001
28101,神戸市東灘区,2801,神戸,28,兵庫県,A38b_001
28102,神戸市灘区,2801,神戸,28,兵庫県,A38b_001
28105,神戸市兵庫区,2801,神戸,28,兵庫県,A38b_001
28106,神戸市長田区,2801,神戸,28,兵庫県,A38b_001
28107,神戸市須磨区,2801,神戸,28,兵庫県,A38b_001
28108,神戸市垂水区,2801,神戸,28,兵庫県,A38b_001
28109,神戸市北区,2801,神戸,28,兵庫県,A38b_001
28110,神戸市中央区,2801,神戸,28,兵庫県,A38b_001
28111,神戸市西区,2801,神戸,28,兵庫県,A38b_001
28201,姫路市,2812,播磨姫路,28,兵庫県,A38b_001
28202,尼崎市,2811,阪神,28,兵庫県,A38b_001
28203,明石市,2804,東播磨,28,兵庫県,A38b_001
28204,西宮市,2811,阪神,28,兵庫県,A38b_001
28205,洲本市,2810,淡路,28,兵庫県,A38b_001
28206,芦屋市,2811,阪神,28,兵庫県,A38b_001
28207,伊丹市,2811,阪神,28,兵庫県,A38b_001
28208,相生市,2812,播磨姫路,28,兵庫県,A38b_001
28209,豊岡市,2808,但馬,28,兵庫県,A38b_001
28210,加古川市,2804,東播磨,28,兵庫県,A38b_001
28212,赤穂市,2812,播磨姫路,28,兵庫県,A38b_001
28213,西脇市,2805,北播磨,28,兵庫県,A38b_001
28214,宝塚市,2811,阪神,28,兵庫県,A38b_001
28215,三木市,2805,北播磨,28,兵庫県,A38b_001
28216,高砂市,2804,東播磨,28,兵庫県,A38b_001
28217,川西市,2811,阪神,28,兵庫県,A38b_001
28218,小野市,2805,北播磨,28,兵庫県,A38b_001
28219,三田市,2811,阪神,28,兵庫県,A38b_001
28220,加西市,2805,北播磨,28,兵庫県,A38b_001
28221,丹波篠山市,2809,丹波,28,兵庫県,A38b_001
28222,養父市,2808,但馬,28,兵庫県,A38b_001
28223,丹波市,2809,丹波,28,兵庫県,A38b_001
28224,南あわじ市,2810,淡路,28,兵庫県,A38b_001
28225,朝来市,2808,但馬,28,兵庫県,A38b_001
28226,淡路市,2810,淡路,28,兵庫県,A38b_001
28227,宍粟市,2812,播磨姫路,28,兵庫県,A38b_001
28228,加東市,2805,北播磨,28,兵庫県,A38b_001
28229,たつの市,2812,播磨姫路,28,兵庫県,A38b_001
28301,猪名川町,2811,阪神,28,兵庫県,A38b_001
28365,多可町,2805,北播磨,28,兵庫県,A38b_001
28381,稲美町,2804,東播磨,28,兵庫県,A38b_001
28382,播磨町,2804,東播磨,28,兵庫県,A38b_001
28442,市川町,2812,播磨姫路,28,兵庫県,A38b_001
28443,福崎町,2812,播磨姫路,28,兵庫県,A38b_001
28446,神河町,2812,播磨姫路,28,兵庫県,A38b_001
28464,太子町,2812,播磨姫路,28,兵庫県,A38b_001
28481,上郡町,2812,播磨姫路,28,兵庫県,A38b_001
28501,佐用町,2812,播磨姫路,28,兵庫県,A38b_001
28585,香美町,2808,但馬,28,兵庫県,A38b_001
28586,新温泉町,2808,但馬,28,兵庫県,A38b_001
29201,奈良市,2901,奈良,29,奈良県,A38b_001
29202,大和高田市,2904,中和,29,奈良県,A38b_001
29203,大和郡山市,2903,西和,29,奈良県,A38b_001
29204,天理市,2902,東和,29,奈良県,A38b_001
29205,橿原市,2904,中和,29,奈良県,A38b_001
29206,桜井市,2902,東和,29,奈良県,A38b_001
29207,五條市,2905,南和,29,奈良県,A38b_001
29208,御所市,2904,中和,29,奈良県,A38b_001
29209,生駒市,2903,西和,29,奈良県,A38b_001
29210,香芝市,2904,中和,29,奈良県,A38b_001
29211,葛城市,2904,中和,29,奈良県,A38b_001
29212,宇陀市,2902,東和,29,奈良県,A38b_001
29322,山添村,2902,東和,29,奈良県,A38b_001
29342,平群町,2903,西和,29,奈良県,A38b_001
29343,三郷町,2903,西和,29,奈良県,A38b_001
29344,斑鳩町,2903,西和,29,奈良県,A38b_001
29345,安堵町,2903,西和,29,奈良県,A38b_001
29361,川西町,2902,東和,29,奈良県,A38b_001
29362,三宅町,2902,東和,29,奈良県,A38b_001
29363,田原本町,2902,東和,29,奈良県,A38b_001
29385,曽爾村,2902,東和,29,奈良県,A38b_001
29386,御杖村,2902,東和,29,奈良県,A38b_001
29401,高取町,2904,中和,29,奈良県,A38b_001
29402,明日香村,2904,中和,29,奈良県,A38b_001
29424,上牧町,2903,西和,29,奈良県,A38b_001
29425,王寺町,2903,西和,29,奈良県,A38b_001
29426,広陵町,2904,中和,29,奈良県,A38b_001
29427,河合町,2903,西和,29,奈良県,A38b_001
29441,吉野町,2905,南和,29,奈良県,A38b_001
29442,大淀町,2905,南和,29,奈良県,A38b_001
29443,下市町,2905,南和,29,奈良県,A38b_001
29444,黒滝村,2905,南和,29,奈良県,A38b_001
29446,天川村,2905,南和,29,奈良県,A38b_001
29447,野迫川村,2905,南和,29,奈良県,A38b_001
29449,十津川村,2905,南和,29,奈良県,A38b_001
29450,下北山村,2905,南和,29,奈良県,A38b_001
29451,上北山村,2905,南和,29,奈良県,A38b_001
29452,川上村,2905,南和,29,奈良県,A38b_001
29453,東吉野村,2905,南和,29,奈良県,A38b_001
30201,和歌山市,3001,和歌山,30,和歌山県,A38b_001
30202,海南市,3001,和歌山,30,和歌山県,A38b_001
30203,橋本市,3003,橋本,30,和歌山県,A38b_001
30204,有田市,3004,有田,30,和歌山県,A38b_001
30205,御坊市,3005,御坊,30,和歌山県,A38b_001
30206,田辺市,3006,田辺,30,和歌山県,A38b_001
30207,新宮市,3007,新宮,30,和歌山県,A38b_001
30208,紀の川市,3002,那賀,30,和歌山県,A38b_001
30209,岩出市,3002,那賀,30,和歌山県,A38b_001
30304,紀美野町,3001,和歌山,30,和歌山県,A38b_001
30341,かつらぎ町,3003,橋本,30,和歌山県,A38b_001
30343,九度山町,3003,橋本,30,和歌山県,A38b_001
30344,高野町,3003,橋本,30,和歌山県,A38b_001
30361,湯浅町,3004,有田,30,和歌山県,A38b_001
30362,広川町,3004,有田,30,和歌山県,A38b_001
30366,有田川町,3004,有田,30,和歌山県,A38b_001
30381,美浜町,3005,御坊,30,和歌山県,A38b_001
30382,日高町,3005,御坊,30,和歌山県,A38b_001
30383,由良町,3005,御坊,30,和歌山県,A38b_001
30390,印南町,3005,御坊,30,和歌山県,A38b_001
30391,みなべ町,3006,田辺,30,和歌山県,A38b_001
30392,日高川町,3005,御坊,30,和歌山県,A38b_001
30401,白浜町,3006,田辺,30,和歌山県,A38b_001
30404,上富田町,3006,田辺,30,和歌山県,A38b_001
30406,すさみ町,3006,田辺,30,和歌山県,A38b_001
30421,那智勝浦町,3007,新宮,30,和歌山県,A38b_001
30422,太地町,3007,新宮,30,和歌山県,A38b_001
30424,古座川町,3007,新宮,30,和歌山県,A38b_001
30427,北山村,3007,新宮,30,和歌山県,A38b_001
30428,串本町,3007,新宮,30,和歌山県,A38b_001
31201,鳥取市,3101,東部,31,鳥取県,A38b_001
31202,米子市,3103,西部,31,鳥取県,A38b_001
31203,倉吉市,3102,中部,31,鳥取県,A38b_001
31204,境港市,3103,西部,31,鳥取県,A38b_001
31302,岩美町,3101,東部,31,鳥取県,A38b_001
31325,若桜町,3101,東部,31,鳥取県,A38b_001
31328,智頭町,3101,東部,31,鳥取県,A38b_001
31329,八頭町,3101,東部,31,鳥取県,A38b_001
31364,三朝町,3102,中部,31,鳥取県,A38b_001
31370,湯梨浜町,3102,中部,31,鳥取県,A38b_001
31371,琴浦町,3102,中部,31,鳥取県,A38b_001
31372,北栄町,3102,中部,31,鳥取県,A38b_001
31384,日吉津村,3103,西部,31,鳥取県,A38b_001
31386,大山町,3103,西部,31,鳥取県,A38b_001
31389,南部町,3103,西部,31,鳥取県,A38b_001
31390,伯耆町,3103,西部,31,鳥取県,A38b_001
31401,日南町,3103,西部,31,鳥取県,A38b_001
31402,日野町,3103,西部,31,鳥取県,A38b_001
31403,江府町,3103,西部,31,鳥取県,A38b_001
32201,松江市,3201,松江,32,島根県,A38b_001
32202,浜田市,3205,浜田,32,島根県,A38b_001
32203,出雲市,3203,出雲,32,島根県,A38b_001
32204,益田市,3206,益田,32,島根県,A38b_001
32205,大田市,3204,大田,32,島根県,A38b_001
32206,安来市,3201,松江,32,島根県,A38b_001
32207,江津市,3205,浜田,32,島根県,A38b_001
32209,雲南市,3202,雲南,32,島根県,A38b_001
32343,奥出雲町,3202,雲南,32,島根県,A38b_001
32386,飯南町,3202,雲南,32,島根県,A38b_001
32441,川本町,3204,大田,32,島根県,A38b_001
32448,美郷町,3204,大田,32,島根県,A38b_001
32449,邑南町,3204,大田,32,島根県,A38b_001
32501,津和野町,3206,益田,32,島根県,A38b_001
32505,吉賀町,3206,益田,32,島根県,A38b_001
32525,海士町,3207,隠岐,32,島根県,A38b_001
32526,西ノ島町,3207,隠岐,32,島根県,A38b_001
32527,知夫村,3207,隠岐,32,島根県,A38b_001
32528,隠岐の島町,3207,隠岐,32,島根県,A38b_001
33101,岡山市北区,3301,県南東部,33,岡山県,A38b_001
33102,岡山市中区,3301,県南東部,33,岡山県,A38b_001
33103,岡山市東区,3301,県南東部,33,岡山県,A38b_001
33104,岡山市南区,3301,県南東部,33,岡山県,A38b_001
33202,倉敷市,3302,県南西部,33,岡山県,A38b_001
33203,津山市,3305,津山・英田,33,岡山県,A38b_001
33204,玉野市,3301,県南東部,33,岡山県,A38b_001
33205,笠岡市,3302,県南西部,33,岡山県,A38b_001
33207,井原市,3302,県南西部,33,岡山県,A38b_001
33208,総社市,3302,県南西部,33,岡山県,A38b_001
33209,高梁市,3303,高梁・新見,33,岡山県,A38b_001
33210,新見市,3303,高梁・新見,33,岡山県,A38b_001
33211,備前市,3301,県南東部,33,岡山県,A38b_001
33212,瀬戸内市,3301,県南東部,33,岡山県,A38b_001
33213,赤磐市,3301,県南東部,33,岡山県,A38b_001
33214,真庭市,3304,真庭,33,岡山県,A38b_001
33215,美作市,3305,津山・英田,33,岡山県,A38b_001
33216,浅口市,3302,県南西部,33,岡山県,A38b_001
33346,和気町,3301,県南東部,33,岡山県,A38b_001
33423,早島町,3302,県南西部,33,岡山県,A38b_001
33445,里庄町,3302,県南西部,33,岡山県,A38b_001
33461,矢掛町,3302,県南西部,33,岡山県,A38b_001
33586,新庄村,3304,真庭,33,岡山県,A38b_001
33606,鏡野町,3305,津山・英田,33,岡山県,A38b_001
33622,勝央町,3305,津山・英田,33,岡山県,A38b_001
33623,奈義町,3305,津山・英田,33,岡山県,A38b_001
33643,西粟倉村,3305,津山・英田,33,岡山県,A38b_001
33663,久米南町,3305,津山・英田,33,岡山県,A38b_001
33666,美咲町,3305,津山・英田,33,岡山県,A38b_001
33681,吉備中央町,3301,県南東部,33,岡山県,A38b_001
34101,広島市中区,3401,広島,34,広島県,A38b_001
34102,広島市東区,3401,広島,34,広島県,A38b_001
34103,広島市南区,3401,広島,34,広島県,A38b_001
34104,広島市西区,3401,広島,34,広島県,A38b_001
34105,広島市安佐南区,3401,広島,34,広島県,A38b_001
34106,広島市安佐北区,3401,広島,34,広島県,A38b_001
34107,広島市安芸区,3401,広島,34,広島県,A38b_001
34108,広島市佐伯区,3401,広島,34,広島県,A38b_001
34202,呉市,3403,呉,34,広島県,A38b_001
34203,竹原市,3404,広島中央,34,広島県,A38b_001
34204,三原市,3405,尾三,34,広島県,A38b_001
34205,尾道市,3405,尾三,34,広島県,A38b_001
34207,福山市,3406,福山・府中,34,広島県,A38b_001
34208,府中市,3406,福山・府中,34,広島県,A38b_001
34209,三次市,3407,備北,34,広島県,A38b_001
34210,庄原市,3407,備北,34,広島県,A38b_001
34211,大竹市,3402,広島西,34,広島県,A38b_001
34212,東広島市,3404,広島中央,34,広島県,A38b_001
34213,廿日市市,3402,広島西,34,広島県,A38b_001
34214,安芸高田市,3401,広島,34,広島県,A38b_001
34215,江田島市,3403,呉,34,広島県,A38b_001
34302,府中町,3401,広島,34,広島県,A38b_001
34304,海田町,3401,広島,34,広島県,A38b_001
34307,熊野町,3401,広島,34,広島県,A38b_001
34309,坂町,3401,広島,34,広島県,A38b_001
34368,安芸太田町,3401,広島,34,広島県,A38b_001
34369,北広島町,3401,広島,34,広島県,A38b_001
34431,大崎上島町,3404,広島中央,34,広島県,A38b_001
34462,世羅町,3405,尾三,34,広島県,A38b_001
34545,神石高原町,3406,福山・府中,34,広島県,A38b_001
35201,下関市,3506,下関,35,山口県,A38b_001
35202,宇部市,3505,宇部・小野田,35,山口県,A38b_001
35203,山口市,3504,山口・防府,35,山口県,A38b_001
35204,萩市,3508,萩,35,山口県,A38b_001
35206,防府市,3504,山口・防府,35,山口県,A38b_001
35207,下松市,3503,周南,35,山口県,A38b_001
35208,岩国市,3501,岩国,35,山口県,A38b_001
35210,光市,3503,周南,35,山口県,A38b_001
35211,長門市,3507,長門,35,山口県,A38b_001
35212,柳井市,3502,柳井,35,山口県,A38b_001
35213,美祢市,3505,宇部・小野田,35,山口県,A38b_001
35215,周南市,3503,周南,35,山口県,A38b_001
35216,山陽小野田市,3505,宇部・小野田,35,山口県,A38b_001
35305,周防大島町,3502,柳井,35,山口県,A38b_001
35321,和木町,3501,岩国,35,山口県,A38b_001
35341,上関町,3502,柳井,35,山口県,A38b_001
35343,田布施町,3502,柳井,35,山口県,A38b_001
35344,平生町,3502,柳井,35,山口県,A38b_001
35502,阿武町,3508,萩,35,山口県,A38b_001
36201,徳島市,3601,東部,36,徳島県,A38b_001
36202,鳴門市,3601,東部,36,徳島県,A38b_001
36203,小松島市,3603,南部,36,徳島県,A38b_001
36204,阿南市,3603,南部,36,徳島県,A38b_001
36205,吉野川市,3601,東部,36,徳島県,A38b_001
36206,阿波市,3601,東部,36,徳島県,A38b_001
36207,美馬市,3605,西部,36,徳島県,A38b_001
36208,三好市,3605,西部,36,徳島県,A38b_001
36301,勝浦町,3603,南部,36,徳島県,A38b_001
36302,上勝町,3603,南部,36,徳島県,A38b_001
36321,佐那河内村,3601,東部,36,徳島県,A38b_001
36341,石井町,3601,東部,36,徳島県,A38b_001
36342,神山町,3601,東部,36,徳島県,A38b_001
36368,那賀町,3603,南部,36,徳島県,A38b_001
36383,牟岐町,3603,南部,36,徳島県,A38b_001
36387,美波町,3603,南部,36,徳島県,A38b_001
36388,海陽町,3603,南部,36,徳島県,A38b_001
36401,松茂町,3601,東部,36,徳島県,A38b_001
36402,北島町,3601,東部,36,徳島県,A38b_001
36403,藍住町,3601,東部,36,徳島県,A38b_001
36404,板野町,3601,東部,36,徳島県,A38b_001
36405,上板町,3601,東部,36,徳島県,A38b_001
36468,つるぎ町,3605,西部,36,徳島県,A38b_001
36489,東みよし町,3605,西部,36,徳島県,A38b_001
37201,高松市,3706,東部,37,香川県,A38b_001
37202,丸亀市,3707,西部,37,香川県,A38b_001
37203,坂出市,3707,西部,37,香川県,A38b_001
37204,善通寺市,3707,西部,37,香川県,A38b_001
37205,観音寺市,3707,西部,37,香川県,A38b_001
37206,さぬき市,3706,東部,37,香川県,A38b_001
37207,東かがわ市,3706,東部,37,香川県,A38b_001
37208,三豊市,3707,西部,37,香川県,A38b_001
37322,土庄町,3702,小豆,37,香川県,A38b_001
37324,小豆島町,3702,小豆,37,香川県,A38b_001
37341,三木町,3706,東部,37,香川県,A38b_001
37364,直島町,3706,東部,37,香川県,A38b_001
37386,宇多津町,3707,西部,37,香川県,A38b_001
37387,綾川町,3707,西部,37,香川県,A38b_001
37403,琴平町,3707,西部,37,香川県,A38b_001
37404,多度津町,3707,西部,37,香川県,A38b_001
37406,まんのう町,3707,西部,37,香川県,A38b_001
38201,松山市,3804,松山,38,愛媛県,A38b_001
38202,今治市,3803,今治,38,愛媛県,A38b_001
38203,宇和島市,3806,宇和島,38,愛媛県,A38b_001
38204,八幡浜市,3805,八幡浜・大洲,38,愛媛県,A38b_001
38205,新居浜市,3802,新居浜・西条,38,愛媛県,A38b_001
38206,西条市,3802,新居浜・西条,38,愛媛県,A38b_001
38207,大洲市,3805,八幡浜・大洲,38,愛媛県,A38b_001
38210,伊予市,3804,松山,38,愛媛県,A38b_001
38213,四国中央市,3801,宇摩,38,愛媛県,A38b_001
38214,西予市,3805,八幡浜・大洲,38,愛媛県,A38b_001
38215,東温市,3804,松山,38,愛媛県,A38b_001
38356,上島町,3803,今治,38,愛媛県,A38b_001
38386,久万高原町,3804,松山,38,愛媛県,A38b_001
38401,松前町,3804,松山,38,愛媛県,A38b_001
38402,砥部町,3804,松山,38,愛媛県,A38b_001
38422,内子町,3805,八幡浜・大洲,38,愛媛県,A38b_001
38442,伊方町,3805,八幡浜・大洲,38,愛媛県,A38b_001
38484,松野町,3806,宇和島,38,愛媛県,A38b_001
38488,鬼北町,3806,宇和島,38,愛媛県,A38b_001
38506,愛南町,3806,宇和島,38,愛媛県,A38b_001
39201,高知市,3902,中央,39,高知県,A38b_001
39202,室戸市,3901,安芸,39,高知県,A38b_001
39203,安芸市,3901,安芸,39,高知県,A38b_001
39204,南国市,3902,中央,39,高知県,A38b_001
39205,土佐市,3902,中央,39,高知県,A38b_001
39206,須崎市,3903,高幡,39,高知県,A38b_001
39208,宿毛市,3904,幡多,39,高知県,A38b_001
39209,土佐清水市,3904,幡多,39,高知県,A38b_001
39210,四万十市,3904,幡多,39,高知県,A38b_001
39211,香南市,3902,中央,39,高知県,A38b_001
39212,香美市,3902,中央,39,高知県,A38b_001
39301,東洋町,3901,安芸,39,高知県,A38b_001
39302,奈半利町,3901,安芸,39,高知県,A38b_001
39303,田野町,3901,安芸,39,高知県,A38b_001
39304,安田町,3901,安芸,39,高知県,A38b_001
39305,北川村,3901,安芸,39,高知県,A38b_001
39306,馬路村,3901,安芸,39,高知県,A38b_001
39307,芸西村,3901,安芸,39,高知県,A38b_001
39341,本山町,3902,中央,39,高知県,A38b_001
39344,大豊町,3902,中央,39,高知県,A38b_001
39363,土佐町,3902,中央,39,高知県,A38b_001
39364,大川村,3902,中央,39,高知県,A38b_001
39386,いの町,3902,中央,39,高知県,A38b_001
39387,仁淀川町,3902,中央,39,高知県,A38b_001
39401,中土佐町,3903,高幡,39,高知県,A38b_001
39402,佐川町,3902,中央,39,高知県,A38b_001
39403,越知町,3902,中央,39,高知県,A38b_001
39405,檮原町,3903,高幡,39,高知県,A38b_001
39410,日高村,3902,中央,39,高知県,A38b_001
39411,津野町,3903,高幡,39,高知県,A38b_001
39412,四万十町,3903,高幡,39,高知県,A38b_001
39424,大月町,3904,幡多,39,高知県,A38b_001
39427,三原村,3904,幡多,39,高知県,A38b_001
39428,黒潮町,3904,幡多,39,高知県,A38b_001
40101,北九州市門司区,4012,北九州,40,福岡県,A38b_001
40103,北九州市若松区,4012,北九州,40,福岡県,A38b_001
40105,北九州市戸畑区,4012,北九州,40,福岡県,A38b_001
40106,北九州市小倉北区,4012,北九州,40,福岡県,A38b_001
40107,北九州市小倉南区,4012,北九州,40,福岡県,A38b_001
40108,北九州市八幡東区,4012,北九州,40,福岡県,A38b_001
40109,北九州市八幡西区,4012,北九州,40,福岡県,A38b_001
40131,福岡市東区,4001,福岡・糸島,40,福岡県,A38b_001
40132,福岡市博多区,4001,福岡・糸島,40,福岡県,A38b_001
40133,福岡市中央区,4001,福岡・糸島,40,福岡県,A38b_001
40134,福岡市南区,4001,福岡・糸島,40,福岡県,A38b_001
40135,福岡市西区,4001,福岡・糸島,40,福岡県,A38b_001
40136,福岡市城南区,4001,福岡・糸島,40,福岡県,A38b_001
40137,福岡市早良区,4001,福岡・糸島,40,福岡県,A38b_001
40202,大牟田市,4008,有明,40,福岡県,A38b_001
40203,久留米市,4006,久留米,40,福岡県,A38b_001
40204,直方市,4010,直方・鞍手,40,福岡県,A38b_001
40205,飯塚市,4009,飯塚,40,福岡県,A38b_001
40206,田川市,4011,田川,40,福岡県,A38b_001
40207,柳川市,4008,有明,40,福岡県,A38b_001
40210,八女市,4007,八女・筑後,40,福岡県,A38b_001
40211,筑後市,4007,八女・筑後,40,福岡県,A38b_001
40212,大川市,4006,久留米,40,福岡県,A38b_001
40213,行橋市,4013,京築,40,福岡県,A38b_001
40214,豊前市,4013,京築,40,福岡県,A38b_001
40215,中間市,4012,北九州,40,福岡県,A38b_001
40216,小郡市,4006,久留米,40,福岡県,A38b_001
40217,筑紫野市,4004,筑紫,40,福岡県,A38b_001
40218,春日市,4004,筑紫,40,福岡県,A38b_001
40219,大野城市,4004,筑紫,40,福岡県,A38b_001
40220,宗像市,4003,宗像,40,福岡県,A38b_001
40221,太宰府市,4004,筑紫,40,福岡県,A38b_001
40223,古賀市,4002,粕屋,40,福岡県,A38b_001
40224,福津市,4003,宗像,40,福岡県,A38b_001
40225,うきは市,4006,久留米,40,福岡県,A38b_001
40226,宮若市,4010,直方・鞍手,40,福岡県,A38b_001
40227,嘉麻市,4009,飯塚,40,福岡県,A38b_001
40228,朝倉市,4005,朝倉,40,福岡県,A38b_001
40229,みやま市,4008,有明,40,福岡県,A38b_001
40230,糸島市,4001,福岡・糸島,40,福岡県,A38b_001
40231,那珂川市,4004,筑紫,40,福岡県,A38b_001
40341,宇美町,4002,粕屋,40,福岡県,A38b_001
40342,篠栗町,4002,粕屋,40,福岡県,A38b_001
40343,志免町,4002,粕屋,40,福岡県,A38b_001
40344,須恵町,4002,粕屋,40,福岡県,A38b_001
40345,新宮町,4002,粕屋,40,福岡県,A38b_001
40348,久山町,4002,粕屋,40,福岡県,A38b_001
40349,粕屋町,4002,粕屋,40,福岡県,A38b_001
40381,芦屋町,4012,北九州,40,福岡県,A38b_001
40382,水巻町,4012,北九州,40,福岡県,A38b_001
40383,岡垣町,4012,北九州,40,福岡県,A38b_001
40384,遠賀町,4012,北九州,40,福岡県,A38b_001
40401,小竹町,4010,直方・鞍手,40,福岡県,A38b_001
40402,鞍手町,4010,直方・鞍手,40,福岡県,A38b_001
40421,桂川町,4009,飯塚,40,福岡県,A38b_001
40447,筑前町,4005,朝倉,40,福岡県,A38b_001
40448,東峰村,4005,朝倉,40,福岡県,A38b_001
40503,大刀洗町,4006,久留米,40,福岡県,A38b_001
40522,大木町,4006,久留米,40,福岡県,A38b_001
40544,広川町,4007,八女・筑後,40,福岡県,A38b_001
40601,香春町,4011,田川,40,福岡県,A38b_001
40602,添田町,4011,田川,40,福岡県,A38b_001
40604,糸田町,4011,田川,40,福岡県,A38b_001
40605,川崎町,4011,田川,40,福岡県,A38b_001
40608,大任町,4011,田川,40,福岡県,A38b_001
40609,赤村,4011,田川,40,福岡県,A38b_001
40610,福智町,4011,田川,40,福岡県,A38b_001
40621,苅田町,4013,京築,40,福岡県,A38b_001
40625,みやこ町,4013,京築,40,福岡県,A38b_001
40642,吉富町,4013,京築,40,福岡県,A38b_001
40646,上毛町,4013,京築,40,福岡県,A38b_001
40647,築上町,4013,京築,40,福岡県,A38b_001
41201,佐賀市,4101,中部,41,佐賀県,A38b_001
41202,唐津市,4103,北部,41,佐賀県,A38b_001
41203,鳥栖市,4102,東部,41,佐賀県,A38b_001
41204,多久市,4101,中部,41,佐賀県,A38b_001
41205,伊万里市,4104,西部,41,佐賀県,A38b_001
41206,武雄市,4105,南部,41,佐賀県,A38b_001
41207,鹿島市,4105,南部,41,佐賀県,A38b_001
41208,小城市,4101,中部,41,佐賀県,A38b_001
41209,嬉野市,4105,南部,41,佐賀県,A38b_001
41210,神埼市,4101,中部,41,佐賀県,A38b_001
41327,吉野ヶ里町,4101,中部,41,佐賀県,A38b_001
41341,基山町,4102,東部,41,佐賀県,A38b_001
41345,上峰町,4102,東部,41,佐賀県,A38b_001
41346,みやき町,4102,東部,41,佐賀県,A38b_001
41387,玄海町,4103,北部,41,佐賀県,A38b_001
41401,有田町,4104,西部,41,佐賀県,A38b_001
41423,大町町,4105,南部,41,佐賀県,A38b_001
41424,江北町,4105,南部,41,佐賀県,A38b_001
41425,白石町,4105,南部,41,佐賀県,A38b_001
41441,太良町,4105,南部,41,佐賀県,A38b_001
42201,長崎市,4201,長崎,42,長崎県,A38b_001
42202,佐世保市,4202,佐世保県北,42,長崎県,A38b_001
42203,島原市,4204,県南,42,長崎県,A38b_001
42204,諫早市,4203,県央,42,長崎県,A38b_001
42205,大村市,4203,県央,42,長崎県,A38b_001
42207,平戸市,4202,佐世保県北,42,長崎県,A38b_001
42208,松浦市,4202,佐世保県北,42,長崎県,A38b_001
42209,対馬市,4209,対馬,42,長崎県,A38b_001
42210,壱岐市,4208,壱岐,42,長崎県,A38b_001
42211,五島市,4206,五島,42,長崎県,A38b_001
42212,西海市,4201,長崎,42,長崎県,A38b_001
42213,雲仙市,4204,県南,42,長崎県,A38b_001
42214,南島原市,4204,県南,42,長崎県,A38b_001
42307,長与町,4201,長崎,42,長崎県,A38b_001
42308,時津町,4201,長崎,42,長崎県,A38b_001
42321,東彼杵町,4203,県央,42,長崎県,A38b_001
42322,川棚町,4203,県央,42,長崎県,A38b_001
42323,波佐見町,4203,県央,42,長崎県,A38b_001
42383,小値賀町,4207,上五島,42,長崎県,A38b_001
42391,佐々町,4202,佐世保県北,42,長崎県,A38b_001
42411,新上五島町,4207,上五島,42,長崎県,A38b_001
43101,熊本市中央区,4312,熊本・上益城,43,熊本県,A38b_001
43102,熊本市東区,4312,熊本・上益城,43,熊本県,A38b_001
43103,熊本市西区,4312,熊本・上益城,43,熊本県,A38b_001
43104,熊本市南区,4312,熊本・上益城,43,熊本県,A38b_001
43105,熊本市北区,4312,熊本・上益城,43,熊本県,A38b_001
43202,八代市,4308,八代,43,熊本県,A38b_001
43203,人吉市,4310,球磨,43,熊本県,A38b_001
43204,荒尾市,4303,有明,43,熊本県,A38b_001
43205,水俣市,4309,芦北,43,熊本県,A38b_001
43206,玉名市,4303,有明,43,熊本県,A38b_001
43208,山鹿市,4304,鹿本,43,熊本県,A38b_001
43210,菊池市,4305,菊池,43,熊本県,A38b_001
43211,宇土市,4302,宇城,43,熊本県,A38b_001
43212,上天草市,4311,天草,43,熊本県,A38b_001
43213,宇城市,4302,宇城,43,熊本県,A38b_001
43214,阿蘇市,4306,阿蘇,43,熊本県,A38b_001
43215,天草市,4311,天草,43,熊本県,A38b_001
43216,合志市,4305,菊池,43,熊本県,A38b_001
43348,美里町,4302,宇城,43,熊本県,A38b_001
43364,玉東町,4303,有明,43,熊本県,A38b_001
43367,南関町,4303,有明,43,熊本県,A38b_001
43368,長洲町,4303,有明,43,熊本県,A38b_001
43369,和水町,4303,有明,43,熊本県,A38b_001
43403,大津町,4305,菊池,43,熊本県,A38b_001
43404,菊陽町,4305,菊池,43,熊本県,A38b_001
43423,南小国町,4306,阿蘇,43,熊本県,A38b_001
43424,小国町,4306,阿蘇,43,熊本県,A38b_001
43425,産山村,4306,阿蘇,43,熊本県,A38b_001
43428,高森町,4306,阿蘇,43,熊本県,A38b_001
43432,西原村,4306,阿蘇,43,熊本県,A38b_001
43433,南阿蘇村,4306,阿蘇,43,熊本県,A38b_001
43441,御船町,4312,熊本・上益城,43,熊本県,A38b_001
43442,嘉島町,4312,熊本・上益城,43,熊本県,A38b_001
43443,益城町,4312,熊本・上益城,43,熊本県,A38b_001
43444,甲佐町,4312,熊本・上益城,43,熊本県,A38b_001
43447,山都町,4312,熊本・上益城,43,熊本県,A38b_001
43468,氷川町,4308,八代,43,熊本県,A38b_001
43482,芦北町,4309,芦北,43,熊本県,A38b_001
43484,津奈木町,4309,芦北,43,熊本県,A38b_001
43501,錦町,4310,球磨,43,熊本県,A38b_001
43505,多良木町,4310,球磨,43,熊本県,A38b_001
43506,湯前町,4310,球磨,43,熊本県,A38b_001
43507,水上村,4310,球磨,43,熊本県,A38b_001
43510,相良村,4310,球磨,43,熊本県,A38b_001
43511,五木村,4310,球磨,43,熊本県,A38b_001
43512,山江村,4310,球磨,43,熊本県,A38b_001
43513,球磨村,4310,球磨,43,熊本県,A38b_001
43514,あさぎり町,4310,球磨,43,熊本県,A38b_001
43531,苓北町,4311,天草,43,熊本県,A38b_001
44201,大分市,4403,中部,44,大分県,A38b_001
44202,別府市,4401,東部,44,大分県,A38b_001
44203,中津市,4409,北部,44,大分県,A38b_001
44204,日田市,4408,西部,44,大分県,A38b_001
44205,佐伯市,4405,南部,44,大分県,A38b_001
44206,臼杵市,4403,中部,44,大分県,A38b_001
44207,津久見市,4403,中部,44,大分県,A38b_001
44208,竹田市,4406,豊肥,44,大分県,A38b_001
44209,豊後高田市,4409,北部,44,大分県,A38b_001
44210,杵築市,4401,東部,44,大分県,A38b_001
44211,宇佐市,4409,北部,44,大分県,A38b_001
44212,豊後大野市,4406,豊肥,44,大分県,A38b_001
44213,由布市,4403,中部,44,大分県,A38b_001
44214,国東市,4401,東部,44,大分県,A38b_001
44322,姫島村,4401,東部,44,大分県,A38b_001
44341,日出町,4401,東部,44,大分県,A38b_001
44461,九重町,4408,西部,44,大分県,A38b_001
44462,玖珠町,4408,西部,44,大分県,A38b_001
45201,宮崎市,4501,宮崎東諸県,45,宮崎県,A38b_001
45202,都城市,4502,都城北諸県,45,宮崎県,A38b_001
45203,延岡市,4503,延岡西臼杵,45,宮崎県,A38b_001
45204,日南市,4504,日南串間,45,宮崎県,A38b_001
45205,小林市,4505,西諸,45,宮崎県,A38b_001
45206,日向市,4507,日向入郷,45,宮崎県,A38b_001
45207,串間市,4504,日南串間,45,宮崎県,A38b_001
45208,西都市,4506,西都児湯,45,宮崎県,A38b_001
45209,えびの市,4505,西諸,45,宮崎県,A38b_001
45341,三股町,4502,都城北諸県,45,宮崎県,A38b_001
45361,高原町,4505,西諸,45,宮崎県,A38b_001
45382,国富町,4501,宮崎東諸県,45,宮崎県,A38b_001
45383,綾町,4501,宮崎東諸県,45,宮崎県,A38b_001
45401,高鍋町,4506,西都児湯,45,宮崎県,A38b_001
45402,新富町,4506,西都児湯,45,宮崎県,A38b_001
45403,西米良村,4506,西都児湯,45,宮崎県,A38b_001
45404,木城町,4506,西都児湯,45,宮崎県,A38b_001
45405,川南町,4506,西都児湯,45,宮崎県,A38b_001
45406,都農町,4506,西都児湯,45,宮崎県,A38b_001
45421,門川町,4507,日向入郷,45,宮崎県,A38b_001
45429,諸塚村,4507,日向入郷,45,宮崎県,A38b_001
45430,椎葉村,4507,日向入郷,45,宮崎県,A38b_001
45431,美郷町,4507,日向入郷,45,宮崎県,A38b_001
45441,高千穂町,4503,延岡西臼杵,45,宮崎県,A38b_001
45442,日之影町,4503,延岡西臼杵,45,宮崎県,A38b_001
45443,五ヶ瀬町,4503,延岡西臼杵,45,宮崎県,A38b_001
46201,鹿児島市,4601,鹿児島,46,鹿児島県,A38b_001
46203,鹿屋市,4610,肝属,46,鹿児島県,A38b_001
46204,枕崎市,4603,南薩,46,鹿児島県,A38b_001
46206,阿久根市,4606,出水,46,鹿児島県,A38b_001
46208,出水市,4606,出水,46,鹿児島県,A38b_001
46210,指宿市,4603,南薩,46,鹿児島県,A38b_001
46213,西之表市,4611,熊毛,46,鹿児島県,A38b_001
46214,垂水市,4610,肝属,46,鹿児島県,A38b_001
46215,薩摩川内市,4605,川薩,46,鹿児島県,A38b_001
46216,日置市,4601,鹿児島,46,鹿児島県,A38b_001
46217,曽於市,4609,曽於,46,鹿児島県,A38b_001
46218,霧島市,4607,姶良・伊佐,46,鹿児島県,A38b_001
46219,いちき串木野市,4601,鹿児島,46,鹿児島県,A38b_001
46220,南さつま市,4603,南薩,46,鹿児島県,A38b_001
46221,志布志市,4609,曽於,46,鹿児島県,A38b_001
46222,奄美市,4612,奄美,46,鹿児島県,A38b_001
46223,南九州市,4603,南薩,46,鹿児島県,A38b_001
46224,伊佐市,4607,姶良・伊佐,46,鹿児島県,A38b_001
46225,姶良市,4607,姶良・伊佐,46,鹿児島県,A38b_001
46303,三島村,4601,鹿児島,46,鹿児島県,A38b_001
46304,十島村,4601,鹿児島,46,鹿児島県,A38b_001
46392,さつま町,4605,川薩,46,鹿児島県,A38b_001
46404,長島町,4606,出水,46,鹿児島県,A38b_001
46452,湧水町,4607,姶良・伊佐,46,鹿児島県,A38b_001
46468,大崎町,4609,曽於,46,鹿児島県,A38b_001
46482,東串良町,4610,肝属,46,鹿児島県,A38b_001
46490,錦江町,4610,肝属,46,鹿児島県,A38b_001
46491,南大隅町,4610,肝属,46,鹿児島県,A38b_001
46492,肝付町,4610,肝属,46,鹿児島県,A38b_001
46501,中種子町,4611,熊毛,46,鹿児島県,A38b_001
46502,南種子町,4611,熊毛,46,鹿児島県,A38b_001
46505,屋久島町,4611,熊毛,46,鹿児島県,A38b_001
46523,大和村,4612,奄美,46,鹿児島県,A38b_001
46524,宇検村,4612,奄美,46,鹿児島県,A38b_001
46525,瀬戸内町,4612,奄美,46,鹿児島県,A38b_001
46527,龍郷町,4612,奄美,46,鹿児島県,A38b_001
46529,喜界町,4612,奄美,46,鹿児島県,A38b_001
46530,徳之島町,4612,奄美,46,鹿児島県,A38b_001
46531,天城町,4612,奄美,46,鹿児島県,A38b_001
46532,伊仙町,4612,奄美,46,鹿児島県,A38b_001
46533,和泊町,4612,奄美,46,鹿児島県,A38b_001
46534,知名町,4612,奄美,46,鹿児島県,A38b_001
46535,与論町,4612,奄美,46,鹿児島県,A38b_001
47201,那覇市,4703,南部,47,沖縄県,A38b_001
47205,宜野湾市,4702,中部,47,沖縄県,A38b_001
47207,石垣市,4705,八重山,47,沖縄県,A38b_001
47208,浦添市,4703,南部,47,沖縄県,A38b_001
47209,名護市,4701,北部,47,沖縄県,A38b_001
47210,糸満市,4703,南部,47,沖縄県,A38b_001
47211,沖縄市,4702,中部,47,沖縄県,A38b_001
47212,豊見城市,4703,南部,47,沖縄県,A38b_001
47213,うるま市,4702,中部,47,沖縄県,A38b_001
47214,宮古島市,4704,宮古,47,沖縄県,A38b_001
47215,南城市,4703,南部,47,沖縄県,A38b_001
47301,国頭村,4701,北部,47,沖縄県,A38b_001
47302,大宜味村,4701,北部,47,沖縄県,A38b_001
47303,東村,4701,北部,47,沖縄県,A38b_001
47306,今帰仁村,4701,北部,47,沖縄県,A38b_001
47308,本部町,4701,北部,47,沖縄県,A38b_001
47311,恩納村,4702,中部,47,沖縄県,A38b_001
47313,宜野座村,4702,中部,47,沖縄県,A38b_001
47314,金武町,4702,中部,47,沖縄県,A38b_001
47315,伊江村,4701,北部,47,沖縄県,A38b_001
47324,読谷村,4702,中部,47,沖縄県,A38b_001
47325,嘉手納町,4702,中部,47,沖縄県,A38b_001
47326,北谷町,4702,中部,47,沖縄県,A38b_001
47327,北中城村,4702,中部,47,沖縄県,A38b_001
47328,中城村,4702,中部,47,沖縄県,A38b_001
47329,西原町,4703,南部,47,沖縄県,A38b_001
47348,与那原町,4703,南部,47,沖縄県,A38b_001
47350,南風原町,4703,南部,47,沖縄県,A38b_001
47353,渡嘉敷村,4703,南部,47,沖縄県,A38b_001
47354,座間味村,4703,南部,47,沖縄県,A38b_001
47355,粟国村,4703,南部,47,沖縄県,A38b_001
47356,渡名喜村,4703,南部,47,沖縄県,A38b_001
47357,南大東村,4703,南部,47,沖縄県,A38b_001
47358,北大東村,4703,南部,47,沖縄県,A38b_001
47359,伊平屋村,4701,北部,47,沖縄県,A38b_001
47360,伊是名村,4701,北部,47,沖縄県,A38b_001
47361,久米島町,4703,南部,47,沖縄県,A38b_001
47362,八重瀬町,4703,南部,47,沖縄県,A38b_001
47375,多良間村,4704,宮古,47,沖縄県,A38b_001
47381,竹富町,4705,八重山,47,沖縄県,A38b_001
47382,与那国町,4705,八重山,47,沖縄県,A38b_001
