area_code,area_name,pref_code,pref_name,sex,pop_0_4,pop_5_9,pop_10_14,pop_15_19,pop_20_24,pop_25_29,pop_30_34,pop_35_39,pop_40_44,pop_45_49,pop_50_54,pop_55_59,pop_60_64,pop_65_69,pop_70_74,pop_75_79,pop_80_84,pop_85_89,pop_90_94,pop_95_99,pop_100plus,pop_65plus,pop_age_unknown,pop_total_census
0101,南渡島,01,北海道,male,4938,6004,6924,7497,6492,6565,7128,8755,10488,12756,11255,10754,11169,13746,14382,9719,7183,4486,1661,332,28,51537,1731,163993
0101,南渡島,01,北海道,female,4815,5879,6559,6921,6298,6630,7436,9110,11216,13604,12664,12686,13170,16214,18104,14198,12005,9251,4996,1483,243,76494,1748,195230
0102,南檜山,01,北海道,male,225,344,332,429,345,376,423,456,614,722,682,696,742,941,926,658,579,396,114,33,1,3648,35,10069
0102,南檜山,01,北海道,female,223,294,345,362,299,267,340,433,546,660,626,719,790,1002,1121,967,867,690,367,122,19,5155,11,11070
0103,北渡島檜山,01,北海道,male,432,519,614,509,511,669,692,857,1085,1255,1054,1125,1220,1475,1378,951,791,579,255,62,9,5500,212,16254
0103,北渡島檜山,01,北海道,female,429,528,539,462,378,532,599,772,879,1012,950,1121,1167,1587,1641,1345,1201,1008,624,243,44,7693,90,17151
0104,札幌,01,北海道,male,40888,46207,48562,54483,59403,55687,61816,69562,79373,90128,78139,72475,69876,77811,78961,52062,36519,22889,9322,1753,185,279502,18256,1124357
0104,札幌,01,北海道,female,38855,44227,46434,53146,59751,60270,65306,74159,84833,96984,86753,82617,77356,88275,95180,69912,56368,44087,24063,7257,1221,386363,15321,1272375
0105,後志,01,北海道,male,2610,3177,3611,3917,3470,3592,3881,4685,5792,6950,6399,6320,6369,7848,8388,5875,4519,2968,1170,210,24,31002,1311,93086
0105,後志,01,北海道,female,2446,3033,3394,3535,3275,3229,3554,4516,5685,6894,6508,6681,6768,8961,10505,8435,7377,5644,3287,1061,149,45419,865,105802
0106,南空知,01,北海道,male,1846,2427,2715,3016,2710,2628,3024,3418,4380,5266,4650,5154,5447,6233,6491,4584,3719,2567,1022,194,19,24829,215,71725
0106,南空知,01,北海道,female,1900,2328,2649,3107,2317,2303,2792,3317,3984,5143,4851,5373,5592,6902,7708,6351,5876,4682,2475,775,151,34920,185,80761
0107,中空知,01,北海道,male,1259,1458,1751,2004,1656,1701,1895,2197,2747,3235,2970,3175,3226,3969,4301,3210,2648,1778,613,132,16,16667,730,46671
0107,中空知,01,北海道,female,1184,1438,1590,1732,1427,1543,1764,2131,2675,3298,3086,3396,3435,4697,5265,4447,4187,3011,1616,569,121,23913,501,53113
0108,北空知,01,北海道,male,363,424,480,616,530,466,510,625,807,853,852,991,1051,1163,1331,993,902,618,265,39,1,5312,59,13939
0108,北空知,01,北海道,female,342,453,437,528,418,384,441,599,757,884,993,937,1059,1352,1599,1457,1221,1054,572,209,37,7501,22,15755
0109,西胆振,01,北海道,male,2473,2946,3367,4179,4547,3689,3639,4186,5089,6409,5259,5017,5188,6747,7351,5629,4366,2660,935,174,31,27893,806,84687
0109,西胆振,01,北海道,female,2457,2832,3143,3320,2895,2978,3298,4094,5016,6136,5551,5520,5564,7473,9195,7726,6391,4546,2457,819,146,38753,362,91919
0110,東胆振,01,北海道,male,3527,4260,4378,4805,3932,4690,5226,5942,6862,8071,6358,6332,6349,7996,7691,5326,3849,2220,864,154,15,28115,2041,100888
0110,東胆振,01,北海道,female,3334,3798,4261,4278,3503,3990,4713,5531,6819,7475,6506,6351,6643,8428,9213,6696,5551,3947,2214,636,97,36782,876,104860
0111,日高,01,北海道,male,984,1214,1369,1197,1056,1388,1565,2007,2198,2356,2013,2184,2144,2581,2448,1696,1427,951,371,80,10,9564,72,31311
0111,日高,01,北海道,female,964,1205,1248,1040,857,1038,1213,1536,1856,2085,2019,2066,2120,2740,2893,2315,2014,1594,883,293,46,12778,36,32061
0112,上川中部,01,北海道,male,5942,7032,7838,8029,6423,7140,8128,9757,11854,13284,11437,11088,11656,13779,14845,10480,8055,5271,2003,398,47,54878,1979,176465
0112,上川中部,01,北海道,female,5758,6848,7240,7918,6869,7201,8244,10185,12280,14309,13081,12859,13181,16050,18193,14406,12012,9100,5042,1600,274,76677,2181,204831
0113,上川北部,01,北海道,male,905,1105,1189,1240,1164,1285,1428,1608,1931,2046,1850,1957,1944,2234,2344,1758,1549,1047,421,86,14,9453,254,29359
0113,上川北部,01,北海道,female,914,949,1064,1315,1065,914,1135,1462,1678,1901,1827,1909,2088,2534,2813,2379,2277,1615,986,339,68,13011,172,31404
0114,富良野,01,北海道,male,651,769,812,808,861,873,989,1034,1331,1421,1356,1317,1268,1440,1471,991,949,644,211,46,1,5753,208,19451
0114,富良野,01,北海道,female,620,724,774,777,695,757,845,1026,1214,1328,1309,1305,1347,1503,1722,1400,1313,955,523,169,33,7618,104,20443
0115,留萌,01,北海道,male,583,687,750,754,733,785,863,1029,1218,1490,1432,1474,1423,1712,1725,1303,1086,752,278,44,7,6907,537,20665
0115,留萌,01,北海道,female,511,645,665,659,571,681,771,928,1088,1281,1279,1368,1449,2022,2164,1926,1720,1229,655,255,46,10017,472,22385
0116,宗谷,01,北海道,male,939,1164,1225,1093,1158,1473,1511,1836,2100,2524,2145,2259,2203,2565,2375,1545,1330,857,325,49,4,9050,203,30883
0116,宗谷,01,北海道,female,944,1024,1174,1074,970,1147,1284,1549,1940,1984,1922,2048,2198,2644,2766,2240,1883,1384,749,222,44,11932,67,31257
0117,北網,01,北海道,male,3289,3825,4158,4368,4647,4289,4782,5435,6683,7627,6424,6972,6832,7776,8114,5453,4458,2996,1151,212,24,30184,1003,100518
0117,北網,01,北海道,female,3021,3784,3883,3903,3539,3656,4242,5324,6328,7239,6534,7065,7162,8836,9678,7335,6550,4963,2827,919,173,41281,981,107942
0118,遠紋,01,北海道,male,920,1121,1235,1129,1052,1401,1493,1674,1897,2169,2051,2245,2200,2475,2523,1826,1594,1105,416,79,12,10030,328,30945
0118,遠紋,01,北海道,female,937,1070,1110,1024,1016,1230,1392,1620,1772,1992,1957,2181,2269,2796,3199,2557,2374,1803,992,380,52,14153,234,33957
0119,十勝,01,北海道,male,5758,6800,7317,7032,6222,7671,8237,9293,10663,12237,10519,10878,10517,11760,11627,8219,6676,4474,1840,365,47,45008,1513,159665
0119,十勝,01,北海道,female,5430,6505,6938,6748,6360,7003,7639,9077,10632,12072,11099,11254,10942,13002,13960,11006,9629,7385,4030,1332,239,60583,701,172983
0120,釧路,01,北海道,male,3276,3880,4434,4868,4373,4460,4860,5610,6819,7933,7027,7136,7415,8827,8531,5893,4692,2912,999,180,15,32049,819,104959
0120,釧路,01,北海道,female,3098,3677,4283,4565,4109,4333,4795,5741,6780,7987,7375,7720,7996,10119,10473,8130,6903,5037,2625,834,132,44253,942,117654
0121,根室,01,北海道,male,1196,1415,1667,1472,1331,1759,1916,2145,2446,2694,2420,2492,2351,2649,2486,1668,1293,851,308,55,6,9316,578,35198
0121,根室,01,北海道,female,1187,1464,1490,1370,1181,1457,1654,1933,2194,2468,2370,2482,2494,3011,2794,2379,2015,1362,705,223,41,12530,299,36573
0201,津軽地域,02,青森県,male,4369,4918,5236,6198,6173,5293,6016,7236,8291,8855,8318,8935,9080,10097,10189,6635,5251,3291,1157,167,14,36801,1011,126730
0201,津軽地域,02,青森県,female,4123,4621,5148,6107,5769,5246,5982,7355,8623,9451,9226,10049,10621,11711,12359,9723,9079,7460,3894,1012,133,55371,1086,148778
0202,八戸地域,02,青森県,male,5149,6081,6486,7119,5586,6253,7031,8259,9707,11194,10662,10348,10612,12109,11784,7889,5722,3545,1202,206,18,42475,1603,148565
0202,八戸地域,02,青森県,female,4984,5669,6253,6291,4726,5982,6889,8251,9471,11094,10925,10868,11344,13022,13337,10583,9115,7284,3563,993,149,58046,924,161717
0203,青森地域,02,青森県,male,4173,5015,5828,6449,4854,5104,5993,7387,9104,10174,9359,9487,9966,10534,10975,7073,5137,3118,1110,160,15,38122,6709,137724
0203,青森地域,02,青森県,female,4089,4926,5552,6032,4956,5170,6208,7748,9344,10639,10090,10535,11090,12298,13344,10100,8759,7034,3355,930,126,55946,5544,157869
0204,西北五地域,02,青森県,male,1520,1881,2138,2290,1650,1949,2344,2883,3356,3614,3720,4175,4439,5090,4883,3341,2863,1988,620,113,14,18912,271,55142
0204,西北五地域,02,青森県,female,1563,1777,2077,2251,1562,1792,2242,2819,3290,3850,4093,4567,5199,5741,5723,4838,4998,4074,2122,498,83,28077,169,65328
0205,上十三地域,02,青森県,male,2756,3188,3480,3521,3546,3819,4029,4946,5491,6114,5501,5377,5888,6782,6398,4047,3155,2061,746,129,18,23336,946,81938
0205,上十三地域,02,青森県,female,2634,3020,3361,3294,3006,2904,3489,4416,4851,5571,5249,5344,6064,7162,7118,5459,5080,4329,2246,670,101,32165,625,85993
0206,下北地域,02,青森県,male,1013,1245,1422,1381,1193,1468,1587,1865,2229,2511,2237,2361,2360,2950,2707,1791,1395,813,258,65,6,9985,446,33303
0206,下北地域,02,青森県,female,961,1179,1277,1157,833,1148,1329,1684,2043,2259,2165,2164,2563,3203,3089,2392,2170,1713,809,294,37,13707,428,34897
0301,盛岡,03,岩手県,male,7924,9225,10105,11376,10477,9753,10926,12802,14902,16473,14538,14686,15166,16060,15513,10392,7722,5038,1928,323,35,57011,5143,220507
0301,盛岡,03,岩手県,female,7668,9165,9746,11072,9951,9793,11154,13348,15134,16693,15228,15578,16073,17469,17804,13629,12179,10082,5307,1570,240,78280,3796,242679
0302,岩手中部,03,岩手県,male,3521,4258,4798,4990,4115,4511,5276,6369,7467,8102,6944,6985,7293,8031,7589,5275,4265,2819,1111,191,22,29303,1945,105877
0302,岩手中部,03,岩手県,female,3390,4037,4507,4488,3545,4016,4701,5862,6825,7116,6700,6591,7259,8383,8599,7215,6907,5680,3181,965,138,41068,756,110861
0303,胆江,03,岩手県,male,2091,2504,2812,2876,2175,2618,3123,3684,4230,4503,3789,4180,4623,5196,4892,3250,2915,1989,789,126,14,19171,491,62870
0303,胆江,03,岩手県,female,1936,2402,2588,2603,1779,2223,2703,3291,3857,3984,3679,4071,4618,5165,5223,4189,4469,3786,2045,624,90,25591,277,65602
0304,両磐,03,岩手県,male,1655,2182,2556,2779,1800,2100,2406,3152,3687,3883,3494,4006,4576,5357,4936,3193,2738,1883,754,160,12,19033,445,57754
0304,両磐,03,岩手県,female,1559,1986,2416,2466,1630,1849,2252,2878,3423,3604,3486,3978,4523,5277,4907,4026,4169,3724,2220,694,115,25132,248,61430
0305,気仙,03,岩手県,male,798,936,1059,969,813,1135,1224,1330,1685,1912,1951,2108,2142,2446,2387,1800,1516,993,415,61,9,9627,291,27980
0305,気仙,03,岩手県,female,767,861,971,973,713,989,1031,1255,1495,1835,1846,2078,2064,2511,2547,2496,2206,1869,1052,340,50,13071,106,30055
0306,釜石,03,岩手県,male,589,709,764,711,667,838,874,1044,1206,1417,1490,1498,1550,1902,1733,1359,1122,678,230,47,2,7073,173,20603
0306,釜石,03,岩手県,female,564,728,724,660,657,746,793,926,1125,1271,1366,1445,1491,1925,2031,1914,1731,1396,677,201,29,9904,79,22479
0307,宮古,03,岩手県,male,1099,1273,1440,1373,1194,1422,1586,1844,2117,2629,2602,2727,2816,3252,3385,2382,1959,1217,455,83,7,12740,271,37133
0307,宮古,03,岩手県,female,1057,1192,1371,1337,981,1228,1398,1722,1930,2267,2336,2423,2803,3378,3622,3260,2994,2284,1221,385,62,17206,90,39341
0308,久慈,03,岩手県,male,742,1063,1176,1042,816,911,1079,1336,1540,1785,1790,1931,2074,2306,2218,1475,1239,774,303,60,3,8378,428,26091
0308,久慈,03,岩手県,female,746,929,1054,915,684,978,1107,1319,1516,1676,1782,1891,2162,2479,2277,1945,1968,1624,882,255,52,11482,225,28466
0309,二戸,03,岩手県,male,640,868,976,896,632,855,938,1175,1465,1517,1687,1813,2046,2465,2113,1466,1232,857,338,65,7,8543,86,24137
0309,二戸,03,岩手県,female,598,773,949,927,663,780,944,1072,1290,1471,1662,1670,2062,2453,2251,2001,2064,1722,954,261,40,11746,62,26669
0401,仙南,04,宮城県,male,2415,3086,3587,4102,3965,3337,4018,4843,5317,5606,4837,5072,6093,7124,6881,4558,3359,2216,920,205,28,25291,775,82344
0401,仙南,04,宮城県,female,2321,2878,3454,3698,3178,2821,3527,4479,4931,5290,4715,5084,6127,7238,6935,4954,4639,3947,2547,789,112,31161,521,84185
0403,仙台,04,宮城県,male,29368,33078,33807,38800,42788,38565,43133,48102,54191,60074,51486,45701,43172,45923,45127,31715,22038,13392,5238,967,106,164506,22945,749716
0403,仙台,04,宮城県,female,27624,31260,32251,36996,41052,39418,43748,49759,54505,59586,50669,46590,45358,49898,51102,38482,31594,24202,12893,3930,633,212734,19123,790673
0406,大崎・栗原,04,宮城県,male,3912,5006,5575,5856,4739,5172,6195,7848,8742,8546,7268,8387,9763,11662,10292,6267,5143,3718,1508,281,26,38897,806,126712
0406,大崎・栗原,04,宮城県,female,3817,4789,5397,5497,4168,4509,5662,7139,7932,7977,7068,8109,9889,11663,10423,7535,8284,7448,4211,1133,171,50868,457,133278
0409,石巻・登米・気仙沼,04,宮城県,male,4941,6109,6755,7389,6593,6868,7839,9280,10754,11316,10453,11083,12217,13793,13382,9097,7260,4614,1703,338,37,50224,2005,163826
0409,石巻・登米・気仙沼,04,宮城県,female,4756,5860,6382,6799,5863,5989,6823,8441,9889,10595,10071,11138,12246,14158,13825,11211,10737,8793,4913,1446,220,65303,1107,171262
0501,大館・鹿角,05,秋田県,male,1321,1629,2022,1958,1379,1825,2001,2580,3164,3316,2994,3502,3785,4308,4491,2902,2505,1683,619,100,16,16624,367,48467
0501,大館・鹿角,05,秋田県,female,1257,1591,1890,1783,1315,1536,1812,2373,2854,3173,3024,3553,3885,4648,4940,4289,4398,3556,1914,540,77,24362,230,54638
0502,北秋田,05,秋田県,male,337,441,517,467,378,519,575,713,875,935,964,1189,1262,1533,1501,1072,912,622,244,39,4,5927,44,15143
0502,北秋田,05,秋田県,female,318,415,526,478,307,375,478,589,809,823,895,1130,1338,1608,1679,1421,1575,1344,748,222,21,8618,19,17118
0503,能代・山本,05,秋田県,male,768,953,1347,1297,893,1066,1323,1732,2151,2274,2329,2454,2929,3368,3467,2276,1865,1369,470,69,5,12889,12,34417
0503,能代・山本,05,秋田県,female,768,958,1246,1239,793,955,1214,1580,1971,2305,2326,2605,3049,3664,3930,3339,3285,2921,1625,419,77,19260,9,40278
0504,秋田周辺,05,秋田県,male,5765,6884,7617,8112,7612,7280,8280,10145,12495,13697,11955,12111,12897,14738,14663,9628,7542,4800,1854,345,21,53591,3946,182387
0504,秋田周辺,05,秋田県,female,5446,6647,7146,7849,7108,7275,8529,10250,12372,13715,12608,13333,14192,16053,17308,12868,11805,9671,5418,1481,227,74831,2556,203857
0505,由利本荘・にかほ,05,秋田県,male,1311,1682,1954,2082,1914,1782,2109,2673,3017,3188,2860,3169,3653,4286,4249,2523,2200,1433,569,94,17,15371,295,47060
0505,由利本荘・にかほ,05,秋田県,female,1264,1606,1894,1810,1224,1391,1869,2397,2800,2989,2872,3305,3855,4621,4448,3454,3668,3064,1780,454,63,21552,254,51082
0506,大仙・仙北,05,秋田県,male,1552,1995,2299,2219,1603,1916,2466,3081,3783,3603,3362,3955,4684,5394,5240,3140,2877,2108,749,120,16,19644,234,56396
0506,大仙・仙北,05,秋田県,female,1509,1873,2288,2042,1397,1820,2314,3005,3503,3654,3417,4206,5040,5842,5654,4392,4830,4247,2399,670,93,28127,289,64484
0507,横手,05,秋田県,male,1135,1453,1772,1537,950,1345,1745,2338,2727,2611,2455,2744,3389,3839,3571,2396,2094,1445,541,103,13,14002,123,40326
0507,横手,05,秋田県,female,1157,1440,1575,1499,1004,1191,1700,2215,2482,2603,2464,2868,3555,4195,3913,2953,3214,2894,1707,476,47,19399,77,45229
0508,湯沢・雄勝,05,秋田県,male,692,929,1052,1040,703,911,1169,1518,1694,1853,1767,2177,2717,2842,2423,1685,1418,1028,449,87,8,9940,81,28243
0508,湯沢・雄勝,05,秋田県,female,671,808,953,927,612,768,1023,1309,1552,1758,1763,2152,2612,2913,2629,2161,2245,2062,1062,328,31,13431,38,30377
0601,村山,06,山形県,male,9429,10778,11850,12364,10559,11030,12938,15422,17423,17598,15858,16241,17653,19662,19713,13490,10683,7239,3097,577,49,74510,3719,257372
0601,村山,06,山形県,female,8761,10356,10974,11875,10569,10643,12549,14931,16825,17612,16011,16949,18408,20417,20145,15781,14829,13176,8132,2528,351,95359,2661,274483
0602,最上,06,山形県,male,1032,1310,1467,1558,1002,1285,1540,1825,2120,2113,1988,2491,2938,3209,2942,1839,1554,1094,456,92,13,11199,157,34025
0602,最上,06,山形県,female,999,1281,1413,1367,832,1105,1510,1676,1999,2057,2066,2538,3066,3331,2871,2317,2469,2181,1317,358,46,14890,98,36897
0603,置賜,06,山形県,male,3203,3866,4360,4431,5101,4078,4709,5503,6306,6657,6139,6686,7301,8239,7815,5237,4233,2859,1138,225,29,29775,943,99058
0603,置賜,06,山形県,female,2999,3702,4195,4461,3508,3498,4350,5179,5712,6285,6019,6446,7184,8379,7721,6217,6342,5533,3490,1123,173,38978,272,102788
0604,庄内,06,山形県,male,3989,4792,5515,5807,4444,4976,5819,6774,8187,8700,7947,8631,9550,11082,10608,6957,5600,3812,1543,279,23,39904,948,125983
0604,庄内,06,山形県,female,3886,4618,5311,5009,3716,4389,5415,6501,7625,8515,8104,8771,9852,11300,11484,9137,9143,7846,4601,1236,192,54939,770,137421
0701,県北,07,福島県,male,7504,8735,9743,10882,9969,10074,11298,12848,14950,16500,14658,15168,15913,17962,17455,11820,8791,5820,2474,485,49,64856,4746,227844
0701,県北,07,福島県,female,7381,8336,9228,10255,9001,9238,10609,12207,13937,16085,14571,14939,16123,18587,18086,14485,12640,10721,6320,1892,250,82981,3159,238050
0702,県中,07,福島県,male,9232,10710,11407,12838,11663,12157,13665,15673,17252,18552,16310,17188,18485,19305,17747,11650,8276,5466,2200,410,35,65089,6246,256467
0702,県中,07,福島県,female,9038,10108,10854,11431,9954,11203,12899,14584,16601,17469,16206,17096,18534,19840,18391,13657,12635,10630,6128,1702,286,83269,3864,263110
0703,県南,07,福島県,male,2434,2930,3133,3314,2877,3277,3715,4354,4689,4770,4183,4585,5301,5752,4975,3250,2436,1609,716,109,14,18861,813,69236
0703,県南,07,福島県,female,2341,2861,3052,2991,2399,2614,3290,3937,4139,4228,3935,4353,5302,5600,5014,3670,3524,3277,1896,517,67,23565,527,69534
0706,相双,07,福島県,male,1732,1920,2085,2195,2153,2950,3089,3411,3904,4586,4295,4475,5065,5323,5058,3047,2425,1519,640,127,20,18159,3519,63538
0706,相双,07,福島県,female,1676,1834,1994,2069,1663,2028,2188,2638,3026,3328,3104,3515,4307,5039,4837,3633,3354,2955,1671,463,84,22036,633,56039
0707,いわき,07,福島県,male,5801,6610,7102,7434,6378,7664,8320,9202,10884,12149,11074,10999,11427,12867,11884,8506,5909,3568,1409,229,25,44397,4084,163525
0707,いわき,07,福島県,female,5550,6170,6746,6993,5689,6736,7523,8663,9889,11227,10328,10833,11308,13103,12911,10366,9069,7226,3936,1136,175,57922,3829,169406
0708,会津・南会津,07,福島県,male,3987,4884,5419,5506,4408,4960,5853,6605,7504,7899,7426,8617,9804,11002,10040,6613,5584,3832,1584,361,36,39052,1330,123254
0708,会津・南会津,07,福島県,female,3923,4602,5090,5272,3845,4538,5480,6217,6967,7507,7503,8674,9709,10951,10041,8408,8783,7870,4764,1553,268,52638,1184,133149
0801,水戸,08,茨城県,male,8367,9237,10129,10810,9920,10624,12103,13578,15164,17756,15433,14189,14312,15658,15740,11454,8119,4921,1962,386,47,58287,5267,225176
0801,水戸,08,茨城県,female,7939,8848,9399,10009,9326,9669,11397,12990,14624,16725,15094,14523,14470,16478,17141,13605,10925,8691,5045,1613,263,73761,3991,232765
0802,日立,08,茨城県,male,3362,4214,4995,5887,5802,5597,5852,6488,7177,9370,8914,8275,7865,9221,9026,7930,5990,2955,1032,215,24,36393,1499,121690
0802,日立,08,茨城県,female,3270,4015,4783,5305,4437,4424,4843,5566,6631,8999,8233,7758,7934,9451,10270,9044,7188,4820,2595,858,141,44367,1753,122318
0803,常陸太田・ひたちなか,08,茨城県,male,5894,6973,7911,7993,6690,8129,9131,9885,11440,13901,12598,11755,11502,12742,12435,9992,7284,4198,1798,330,32,48811,2756,175369
0803,常陸太田・ひたちなか,08,茨城県,female,5519,6734,7390,7744,6192,6592,7982,9182,10548,12989,11955,11128,11473,12799,13491,10978,8900,7010,4140,1298,219,58835,1947,176210
0804,鹿行,08,茨城県,male,4725,5396,5911,6190,6608,7522,7959,8554,9155,10571,8962,8210,8924,10556,10474,7208,4699,2547,853,159,11,36507,1666,136860
0804,鹿行,08,茨城県,female,4527,5236,5731,5629,4864,5544,6269,7524,8086,9328,8198,8034,8579,10282,10664,7727,6043,4527,2501,696,88,42528,1209,131286
0805,土浦,08,茨城県,male,3981,4876,5365,6150,6186,6380,6596,7272,8453,10168,8858,7960,7602,9076,9564,7193,4899,2802,1007,182,23,34746,2850,127443
0805,土浦,08,茨城県,female,3783,4417,5007,5770,5561,5229,5713,6480,7762,9200,8274,7771,7782,9347,10360,8330,6408,4784,2697,852,130,42908,2122,127779
0806,つくば,08,茨城県,male,7712,8838,8612,8655,10593,9058,10036,11639,12946,13672,11355,9616,8819,9345,10247,7159,4478,2520,943,161,13,34866,9986,176403
0806,つくば,08,茨城県,female,7432,8309,8034,7880,9080,8195,9613,11298,12201,12907,10352,8981,8837,10097,10728,7718,5663,4379,2717,857,140,42299,10541,175959
0807,取手・竜ヶ崎,08,茨城県,male,7576,9271,10104,10818,10391,9852,11198,13425,16039,18975,15796,13797,13575,16486,18862,14383,8716,4004,1528,276,24,64279,3050,228146
0807,取手・竜ヶ崎,08,茨城県,female,7171,8738,9765,10208,9788,8919,10075,12623,15074,17497,14823,13914,14104,17905,20576,15616,10496,7136,3769,1098,194,76790,2146,231635
0808,筑西・下妻,08,茨城県,male,3960,5060,5668,5984,5585,5964,6480,7426,8847,9995,8490,7791,8900,10349,9915,6679,4529,2754,1089,214,21,35550,1521,127221
0808,筑西・下妻,08,茨城県,female,3767,4722,5316,5650,4797,4700,5494,6641,7883,8853,7949,7740,8723,10564,10420,7511,6133,4924,3137,937,141,43767,844,126846
0809,古河・坂東,08,茨城県,male,3663,4427,4909,5291,5512,5712,6184,6862,7787,9015,7821,7099,7487,8594,8641,5842,3923,1935,783,126,19,29863,1036,112668
0809,古河・坂東,08,茨城県,female,3643,4296,4814,5174,4724,4687,5157,6107,6779,8093,7064,6938,7397,8813,8935,6608,4888,3517,1922,591,76,35350,1012,111235
0901,県北,09,栃木県,male,6193,7426,8031,8699,7531,8717,9865,11277,12860,13932,11627,11348,12736,14813,14319,9012,6377,3929,1635,323,33,50441,2782,183465
0901,県北,09,栃木県,female,5640,6919,7683,8287,7258,7098,8344,9852,11425,12732,11093,10982,12425,14694,14451,10070,8522,7171,4467,1392,222,60989,2412,183139
0902,県西,09,栃木県,male,2649,3147,3798,3613,3376,3774,4073,4670,5334,6488,5841,5765,6150,6890,6994,4681,3357,2013,814,163,15,24927,827,84432
0902,県西,09,栃木県,female,2488,2931,3412,3662,3258,3281,3683,4270,5130,6019,5630,5615,5963,7006,7337,5606,4660,3742,2230,723,123,31427,493,87262
0903,宇都宮,09,栃木県,male,10126,11352,11842,11709,12089,14198,15167,17119,19315,21738,18221,15839,14395,15327,16401,11690,7529,4339,1649,316,31,57282,9224,259616
0903,宇都宮,09,栃木県,female,9729,10850,11354,11094,10324,11655,13561,15813,17984,20186,17278,15078,14394,16446,18256,13951,10356,7958,4177,1223,204,72571,7270,259141
0904,県東,09,栃木県,male,2418,2963,3250,3237,2860,3055,3773,4314,4900,5283,4336,4312,5003,5798,5594,3231,2335,1473,544,119,8,19102,716,69522
0904,県東,09,栃木県,female,2250,2879,3104,2968,2397,2572,3295,3962,4389,4888,4040,4196,4927,5824,5376,3466,2989,2522,1564,523,62,22326,487,68680
0905,県南,09,栃木県,male,8710,10016,10931,11587,11372,11980,13145,14632,16545,19331,15892,14630,15171,17439,17088,11846,7736,4252,1604,333,24,60322,4732,238996
0905,県南,09,栃木県,female,7935,9346,9994,11015,10508,10192,11773,13440,15310,17531,15356,14287,15554,17471,17944,13376,10110,7372,4515,1379,183,72350,3328,237919
0906,両毛,09,栃木県,male,4070,4775,5534,5983,5590,5837,6458,7516,8530,10306,9061,8445,8300,9513,10567,7423,4907,2876,1056,204,14,36560,1934,128899
0906,両毛,09,栃木県,female,3816,4697,5295,5750,4875,5018,5851,6726,8000,9386,8678,8196,8307,9933,11262,8813,6968,5330,2767,873,138,46084,1396,132075
1001,前橋,10,群馬県,male,5551,6407,6933,7667,7022,6915,7758,8841,10036,12123,10561,9732,9548,10778,11488,8532,5952,3596,1537,286,30,42199,11005,162298
1001,前橋,10,群馬県,female,5368,5999,6506,7251,6908,6935,7450,8387,9785,11876,10804,10118,9844,11348,12820,10256,8191,6504,3753,1117,202,54191,8429,169851
1002,渋川,10,群馬県,male,1886,2155,2461,2487,2278,2359,2753,3132,3794,4079,3483,3508,3658,4408,4335,2978,2119,1282,526,98,7,15753,380,54166
1002,渋川,10,群馬県,female,1806,2223,2310,2475,2169,2175,2512,2939,3525,3865,3549,3465,3626,4428,4534,3490,2921,2325,1318,419,84,19519,265,56423
1003,伊勢崎,10,群馬県,male,4803,5284,5803,6518,6407,6716,6877,7538,8916,10182,8792,7798,7145,7479,7961,5660,3643,2227,865,146,19,28000,3165,123944
1003,伊勢崎,10,群馬県,female,4574,5208,5611,5985,5853,5929,6228,7100,8391,9483,8462,7456,6808,7808,8568,6411,4954,3678,2100,660,114,34293,2579,123960
1004,高崎・安中,10,群馬県,male,7767,8789,9873,10373,9674,9779,10774,12126,14501,17148,14944,13036,12151,13715,15398,11372,7583,4517,1944,411,44,54984,3575,209494
1004,高崎・安中,10,群馬県,female,7363,8430,9297,9796,9132,9154,10052,11808,13965,16628,14375,13060,12285,14617,16791,13359,10429,8179,4727,1437,264,69803,3238,218386
1005,藤岡,10,群馬県,male,898,1168,1435,1518,1320,1469,1470,1729,2083,2569,2177,2090,2175,2487,2796,1913,1358,859,281,73,2,9769,262,32132
1005,藤岡,10,群馬県,female,929,1164,1410,1494,1442,1298,1352,1561,1974,2466,2189,2083,2151,2698,2911,2238,1840,1421,850,247,41,12246,143,33902
1006,富岡,10,群馬県,male,920,1159,1385,1539,1249,1314,1455,1607,1939,2448,2109,2185,2513,2949,3040,2133,1658,1034,510,89,8,11421,321,33564
1006,富岡,10,群馬県,female,819,1145,1315,1359,1226,1186,1262,1515,1814,2328,2094,2212,2457,2862,3041,2336,2106,1761,1079,345,48,13578,250,34560
1007,吾妻,10,群馬県,male,627,779,998,1003,894,1029,1017,1129,1312,1790,1607,1853,2012,2438,2309,1696,1407,897,401,69,5,9222,324,25596
1007,吾妻,10,群馬県,female,568,717,892,935,822,810,876,1001,1236,1543,1565,1720,1875,2372,2425,1940,1712,1504,925,321,49,11248,215,26023
1008,沼田,10,群馬県,male,1134,1335,1565,1680,1328,1388,1658,1959,2186,2592,2448,2500,2946,3441,3272,2113,1670,1138,596,83,11,12324,245,37288
1008,沼田,10,群馬県,female,1009,1250,1485,1674,1297,1225,1471,1774,2106,2568,2307,2664,2971,3243,3304,2640,2380,2186,1438,418,56,15665,204,39670
1009,桐生,10,群馬県,male,2164,2726,3276,3753,3809,3088,3226,3841,4837,6074,5411,4988,4847,5521,6571,4904,3252,1909,707,128,16,23008,906,75954
1009,桐生,10,群馬県,female,2020,2581,3110,3411,3157,2610,2929,3630,4660,5951,5292,4947,4992,5866,7360,6050,4728,3546,1923,622,121,30216,633,80139
1010,太田・館林,10,群馬県,male,7276,8676,9634,10021,10596,11501,11598,12785,14938,17218,14630,12037,11088,12864,14804,10542,6357,3415,1202,265,31,49480,3497,204975
1010,太田・館林,10,群馬県,female,6994,8297,9037,9494,8388,8429,9286,11090,13101,15638,13003,11056,10952,13489,15735,11828,8241,5910,3355,1051,201,59810,2210,196785
1101,南部,11,埼玉県,male,16390,17274,17781,18010,22510,25763,26252,28164,30886,36825,32316,26757,20287,20260,22243,17253,11579,6193,1852,301,46,79727,9154,408096
1101,南部,11,埼玉県,female,15678,16892,16560,17021,21979,24327,24574,25824,28349,33303,29350,23810,18602,19737,24254,20957,16453,10762,4741,1365,239,98508,6583,401360
1102,南西部,11,埼玉県,male,14846,16684,16393,16672,20180,20128,21178,24289,28131,32929,28922,23302,17779,17805,20871,16908,12079,6289,1875,254,33,76114,4918,362465
1102,南西部,11,埼玉県,female,14756,15879,15434,16459,20237,20098,20367,23273,25728,30768,26946,21247,16611,18761,23931,21276,16047,9608,4256,1250,217,95346,4711,367860
1103,東部,11,埼玉県,male,21540,23727,24847,25842,29406,29815,31426,35469,41797,52224,44841,35148,28773,32638,38859,31954,21229,9389,2467,389,40,136965,15096,576916
1103,東部,11,埼玉県,female,20404,22363,23831,25005,28994,28721,29437,33554,38403,47420,41029,32417,28471,35015,45111,37616,25820,14224,6124,1861,319,166090,12415,578554
1104,さいたま,11,埼玉県,male,27353,29543,29518,30766,35732,36793,39245,43265,47879,55951,49772,42642,34952,33485,36977,29181,20258,10890,3811,677,71,135350,14159,652920
1104,さいたま,11,埼玉県,female,26038,27798,28555,29160,35141,37070,38430,41691,46082,54199,48457,40609,33375,34339,41976,35584,26701,18502,9368,2669,503,169642,14858,671105
1105,県央,11,埼玉県,male,8847,10316,11689,12292,12130,11848,13012,15024,17767,22197,19217,16061,14723,16513,18705,15505,10631,5029,1509,231,30,68153,8388,261664
1105,県央,11,埼玉県,female,8433,10000,10795,11768,12174,11446,12398,14065,16793,21445,18467,15993,14800,17682,21489,18204,12588,7670,3389,1065,198,82285,6032,266894
1106,川越比企,11,埼玉県,male,11963,14576,15623,17838,19891,17125,18431,20934,25457,31014,26397,22522,21954,26287,29778,23110,14848,7101,2261,381,38,103804,29184,396713
1106,川越比企,11,埼玉県,female,11573,13631,15209,16907,18105,15725,16751,19771,23813,28656,24939,22314,22624,27783,33109,26017,17331,10977,5569,1701,286,122773,24169,396960
1107,西部,11,埼玉県,male,11660,14009,15203,16672,17600,16171,17593,20300,24068,29905,26267,23023,21049,24771,28354,22190,14666,7322,2328,411,51,100093,27812,381425
1107,西部,11,埼玉県,female,11289,13125,14551,15939,17488,15819,16474,19447,23070,28382,25248,22802,21824,26629,31556,25730,17633,11306,5719,1829,310,120712,24151,390321
1108,利根,11,埼玉県,male,10040,11715,13632,14617,14419,14191,15775,18309,21550,25936,21624,19729,20169,24204,26189,19390,12273,6119,2090,373,45,90683,3398,315787
1108,利根,11,埼玉県,female,9589,11649,12511,13311,13695,13318,14359,16831,19551,23309,20484,19700,20492,24908,28166,21413,15134,10174,5388,1611,246,107040,3829,319668
1109,北部,11,埼玉県,male,8323,9619,10963,12225,12347,11839,12665,14426,17153,20201,17507,16054,15994,18399,19213,13566,8984,4658,1766,294,45,66925,3622,249863
1109,北部,11,埼玉県,female,7959,9318,10457,11359,10447,10388,11243,13515,15541,18473,16587,15506,16141,18763,20371,15241,11781,8692,4643,1480,235,81206,3364,251504
1110,秩父,11,埼玉県,male,1307,1758,2032,2173,1807,1752,2041,2364,2684,3282,3181,3228,3518,4007,3933,2808,2181,1392,533,105,7,14966,227,46320
1110,秩父,11,埼玉県,female,1293,1651,1992,2055,1570,1625,1801,2203,2489,3247,3104,3181,3418,4020,4017,3349,2915,2433,1393,428,57,18612,129,48370
1201,千葉,12,千葉県,male,16627,19262,20974,22735,25333,22899,24386,27643,32121,41114,37356,30757,24972,26234,30398,24947,17867,9132,2667,427,59,111731,23336,481246
1201,千葉,12,千葉県,female,15810,18216,20040,22172,24698,22466,23075,26478,31642,40318,35904,29284,24534,27736,35349,30561,22144,13733,6426,1941,342,138232,20836,493705
1202,東葛南部,12,千葉県,male,35126,38209,39285,42155,53063,54491,54615,59601,66696,79420,70864,57110,43444,42605,50081,40101,27853,14751,4442,790,77,180700,18332,893111
1202,東葛南部,12,千葉県,female,33549,35839,37721,39993,51076,53230,52363,56454,63555,75394,66178,52318,41941,46858,58104,49807,36319,22644,10600,3010,522,227864,15986,903461
1203,東葛北部,12,千葉県,male,27958,29879,30781,31304,36157,35640,39570,45708,51137,59514,51257,41956,35124,38502,46289,37249,25019,12989,4168,710,71,164997,15224,696206
1203,東葛北部,12,千葉県,female,27033,28447,28979,30116,34301,35182,38180,43305,47917,55639,48221,40406,36140,43219,53459,44114,31359,20434,9819,2889,494,205787,11838,711491
1204,印旛,12,千葉県,male,12939,15665,16863,17253,17449,16377,18476,21641,24810,28983,24658,21307,21284,25263,27651,20401,12513,5986,2032,322,31,94199,4025,355929
1204,印旛,12,千葉県,female,12377,14827,15902,16356,17258,15522,17433,20777,23539,27627,23528,21637,22269,26619,29521,21848,14750,9895,5146,1565,271,109615,3741,362408
1205,香取海匝,12,千葉県,male,3344,4351,4983,5473,5450,5451,6171,6881,7839,9247,8484,9076,9752,11300,11604,7427,5705,3434,1442,247,21,41180,1276,128958
1205,香取海匝,12,千葉県,female,3179,4096,4797,5239,4490,4496,5259,6080,7071,8587,8225,8901,9766,11152,11947,9113,8175,6772,3861,1074,157,52251,956,133393
1206,山武長生夷隅,12,千葉県,male,5278,6809,7955,8963,9053,7779,8623,10395,11923,14801,13457,13374,14812,17596,19209,13489,8976,5187,2173,369,38,67037,2282,202541
1206,山武長生夷隅,12,千葉県,female,5013,6469,7378,8267,7617,6685,7762,9631,11212,13718,13323,13613,14874,17460,19565,14996,11815,9270,5470,1597,288,80461,1671,207694
1207,安房,12,千葉県,male,1448,1856,2190,2328,1654,1880,1943,2420,3089,3813,3519,3443,4033,5101,6280,4517,3125,1995,913,205,27,22163,1658,57437
1207,安房,12,千葉県,female,1314,1766,2058,2151,1885,1849,1883,2475,3190,3731,3555,3416,3995,5344,6482,5164,4261,3692,2284,823,152,28202,1186,62656
1208,君津,12,千葉県,male,5693,6651,7033,8092,7836,8273,9061,9517,10954,13283,10912,9819,9915,11561,12167,9547,6023,3187,1161,193,23,43862,3220,164121
1208,君津,12,千葉県,female,5620,6292,6569,6855,6586,6573,7582,8755,9728,11645,10113,9308,9365,11475,13262,10860,7704,5601,3102,878,167,53049,2559,160599
1209,市原,12,千葉県,male,4530,5189,5741,6294,6515,7191,7475,7998,9110,11209,9532,8427,8468,10134,10408,7923,5089,2371,852,137,10,36924,3835,138438
1209,市原,12,千葉県,female,4215,4975,5396,5799,5798,5486,6001,7110,7866,9813,8576,7880,8093,9526,10763,8798,5951,4082,1949,575,93,41737,2341,131086
1301,区中央部,13,東京都,male,22216,19718,15876,13505,21941,33960,36999,40183,40960,41365,36303,30042,21949,18572,20569,14141,9647,6218,2300,429,59,71935,15095,462047
1301,区中央部,13,東京都,female,21280,19115,15284,13486,21896,33700,38178,41356,42515,43856,36717,28605,20877,18990,22775,18538,15224,11801,6083,1917,348,95676,13270,485811
1302,区南部,13,東京都,male,22490,21246,19510,19636,31009,42424,42469,43817,44026,48936,44398,36842,27955,26510,30022,21735,14385,8335,3174,632,73,104866,31528,581152
1302,区南部,13,東京都,female,21728,20361,18932,19034,33497,42367,40872,41876,42216,47140,40558,32617,26652,26824,32762,27043,21922,16507,8429,2608,426,136521,25046,589417
1303,区西南部,13,東京都,male,28462,28763,26558,26444,40483,49527,51697,56085,59156,59133,54463,46657,34825,29582,32663,23233,16578,11199,4647,986,115,119003,18063,699319
1303,区西南部,13,東京都,female,27005,27527,25156,25376,42884,53883,55723,60123,63819,66821,58427,47805,36472,32319,38401,31734,26595,22212,12497,3720,633,168111,17184,776316
1304,区西部,13,東京都,male,21762,19846,18086,19258,37482,52185,51199,51718,49593,49868,44023,37361,29090,26186,28967,20620,14431,9398,3829,764,93,104288,45889,631648
1304,区西部,13,東京都,female,21325,19095,17155,19199,40680,52188,49495,47046,46608,49488,43486,36582,29198,27357,32507,27154,22722,18370,10118,3042,577,141847,40333,653725
1305,区西北部,13,東京都,male,36502,36172,34243,36829,60013,72192,70853,72758,74642,79766,71924,61715,49383,47792,51934,37548,26608,16693,6370,1225,120,188290,29976,975258
1305,区西北部,13,東京都,female,35158,34373,32502,36815,64815,75911,70615,68608,69554,76487,68623,58442,47661,47259,56864,48941,41906,32415,16611,4694,840,249530,29551,1018645
1306,区東北部,13,東京都,male,24746,26192,26669,27380,38090,44037,42901,45275,49783,58581,53183,45033,35965,36274,40205,30647,21985,12757,3928,660,75,146531,16483,680849
1306,区東北部,13,東京都,female,23784,25192,25032,26445,36507,42155,40173,42205,46283,54150,48894,41263,33156,35033,42474,39120,33272,22893,10084,2677,481,186034,13489,684762
1307,区東部,13,東京都,male,31261,31152,30071,30363,40181,50533,51211,56017,58310,67434,60757,48989,36182,35565,39187,29191,20386,11096,3250,571,52,139298,12370,744129
1307,区東部,13,東京都,female,29811,29817,28658,29504,39880,48967,50592,53082,55714,64140,55805,43231,33841,35349,42856,37222,29754,19750,8877,2381,387,176576,10580,750198
1308,西多摩,13,東京都,male,5871,7164,8217,8739,9652,8862,9198,10351,12296,15742,14442,12592,11545,12744,14068,11301,7667,4126,1472,296,35,51709,2629,189009
1308,西多摩,13,東京都,female,5476,6879,7760,8349,8558,7728,7974,9309,11180,14266,13320,11966,10941,12926,15276,13018,9690,7268,4118,1387,296,63979,2349,190034
1309,南多摩,13,東京都,male,24580,29152,31853,37839,46452,34312,34860,41206,48691,59332,55583,45874,37234,38857,45295,36488,26250,14451,4804,859,73,167077,21203,715248
1309,南多摩,13,東京都,female,23045,27487,30525,35003,41158,31511,32717,39013,46828,57614,52139,43858,37607,42456,52073,45020,33785,22652,11286,3347,599,211218,16000,725723
1310,北多摩西部,13,東京都,male,12670,13841,14120,15096,18202,18391,19093,20796,23584,27165,25611,22145,17471,17649,19350,14797,10319,6256,2215,373,31,70990,5449,324624
1310,北多摩西部,13,東京都,female,11980,13035,13528,14930,18678,17573,17793,19390,21968,26296,24318,20855,17175,18236,21937,18776,15095,10520,5059,1350,266,91239,5250,334008
1311,北多摩南部,13,東京都,male,21148,22484,21610,22811,32417,30816,31525,35938,39237,43215,40153,34823,26639,24284,26381,19148,13753,9163,3595,714,65,97103,17752,517671
1311,北多摩南部,13,東京都,female,19984,21534,20295,22310,32043,31509,31368,35498,38461,42721,39588,33130,26096,25214,29836,25265,20856,16440,8447,2450,467,128975,20607,544119
1312,北多摩北部,13,東京都,male,14177,15671,16235,17733,20723,17872,19347,22674,25415,29981,28269,25032,20090,19695,21049,16200,12424,8053,2851,483,51,80806,10498,364523
1312,北多摩北部,13,東京都,female,13698,15024,15139,17133,21134,18453,19292,22034,24608,29672,27779,24667,20475,20566,24517,21675,18556,13751,6482,1799,330,107676,8114,384898
1313,島しょ,13,東京都,male,490,509,501,496,274,527,693,805,857,1059,897,890,914,1092,1173,746,487,333,116,28,0,3975,24,12911
1313,島しょ,13,東京都,female,413,475,439,363,174,362,603,649,670,783,620,669,754,932,1078,843,658,600,329,112,17,4569,7,11550
1404,川崎北部,14,神奈川県,male,17894,18656,18697,19328,26762,27259,27017,29936,32538,36643,34927,28894,21270,19433,21094,15934,11165,6577,2387,475,57,77122,13150,430093
1404,川崎北部,14,神奈川県,female,17213,17668,17561,19076,27112,27180,26538,28572,31341,36044,33240,26678,20597,20425,23775,19848,15352,11233,5688,1718,306,98345,13237,440402
1405,川崎南部,14,神奈川県,male,14937,13951,13125,13055,18843,26415,26539,27635,27983,30783,26499,21252,16362,15671,16152,11611,7483,4146,1632,309,31,57035,11265,345679
1405,川崎南部,14,神奈川県,female,14073,13213,12502,12125,17445,22604,23441,23880,24747,26548,22306,17689,14168,14362,16296,13189,10819,8282,4262,1202,237,68649,8698,322088
1406,横須賀・三浦,14,神奈川県,male,10393,13076,14460,17246,16922,13722,14837,17451,21927,28235,26505,22878,19750,21347,25979,21189,15251,9323,3304,591,69,97053,1930,336385
1406,横須賀・三浦,14,神奈川県,female,9850,12451,13917,15006,14734,12270,13604,16979,21810,28235,25898,22490,19839,22973,30063,26642,20479,15184,8002,2414,472,126229,1885,355197
1407,湘南東部,14,神奈川県,male,14529,16565,17045,17390,18154,16702,18136,21970,26497,31501,28824,24088,18785,19016,22020,17568,12518,6910,2397,452,58,80939,6545,357670
1407,湘南東部,14,神奈川県,female,13778,15723,16389,17043,17013,15684,17481,22261,26400,31249,27496,22675,18794,20678,25605,21512,16433,11481,5888,1781,332,103710,4276,369972
1408,湘南西部,14,神奈川県,male,9611,11341,12521,14366,16607,13711,14063,16380,19678,23592,22149,18694,16552,18561,21673,16725,10976,5629,2008,375,39,75986,6121,291372
1408,湘南西部,14,神奈川県,female,8862,10849,12000,13235,14101,11988,12614,15347,18343,22410,20051,17748,16410,19513,23702,19077,13652,9353,4989,1592,278,92156,4353,290467
1409,県央,14,神奈川県,male,15864,17787,19049,20059,23494,23571,24393,26975,31633,38640,34611,27684,22781,24342,27975,22125,15116,6897,2223,367,39,99084,8952,434577
1409,県央,14,神奈川県,female,15220,17086,18093,18937,20763,20511,21296,24330,28558,34904,30730,25067,21656,25314,31522,26128,17749,11042,5225,1627,254,118861,7946,423958
1410,相模原,14,神奈川県,male,12490,14471,15337,16343,19783,18845,19454,21909,25624,31216,28514,23662,19365,20554,22724,18687,12935,6243,2108,337,45,83633,11547,362193
1410,相模原,14,神奈川県,female,12014,13607,14613,16083,19848,18017,17680,20338,23491,28774,26213,22013,18688,21163,26176,22110,15575,9922,4902,1496,259,101603,10318,363300
1411,県西,14,神奈川県,male,5072,6224,6893,7561,7502,6969,7418,8647,10354,13111,12400,11191,10301,11399,13145,9969,6853,3932,1398,294,26,47016,2335,162994
1411,県西,14,神奈川県,female,4772,5852,6659,7324,7731,6670,6960,8435,10064,12515,11991,10884,10337,12136,14619,12396,9614,6901,3611,1104,193,60574,2731,173499
1412,横浜,14,神奈川県,male,68915,77109,80567,85311,101848,99956,102213,115949,131966,158797,152451,129212,101496,100014,111565,84955,61066,35195,12542,2220,238,407795,53720,1867305
1412,横浜,14,神奈川県,female,65760,73206,76253,81761,98774,96298,98388,111805,127867,156676,145746,121013,98782,102498,123429,104996,82682,59432,29575,8663,1513,512788,45069,1910186
1501,下越,15,新潟県,male,3224,3983,4164,4811,3908,4224,4733,5463,6165,6673,6319,6437,7075,8003,8125,5222,4160,2732,1069,189,19,29519,495,97193
1501,下越,15,新潟県,female,3049,3846,3871,4191,3315,3740,4364,4982,5829,6315,6059,6359,7032,8445,8582,6622,6425,5577,3308,962,168,40089,376,103417
1502,新潟,15,新潟県,male,15346,17699,18746,20417,19873,18697,21850,25099,29853,32925,28844,27066,27006,30762,31774,21592,15939,9661,3881,745,97,114451,9154,427026
1502,新潟,15,新潟県,female,14445,16905,17913,19631,19351,18840,21881,25082,29185,32703,28863,27847,27955,32773,35574,26561,23553,18947,10996,3584,649,152637,7297,460535
1503,県央,15,新潟県,male,3343,4160,4645,4722,4045,4443,5297,5928,7174,7940,7272,6988,7294,8310,8379,5881,4626,2619,1009,168,15,31007,720,104978
1503,県央,15,新潟県,female,3297,3980,4396,4502,3688,4079,4705,5673,6788,7801,7131,7034,7156,8680,9191,7201,6530,5001,2756,861,146,40366,642,111238
1504,中越,15,新潟県,male,7218,8558,9392,9727,9114,9162,10480,12211,14440,15847,13938,13545,14233,15969,16706,11139,8642,5493,2393,434,55,60831,2973,211669
1504,中越,15,新潟県,female,6838,8190,8955,9051,7589,8109,9529,11270,13435,15017,13359,13285,14279,16692,17445,13411,12162,10142,5993,1999,336,78180,1533,218619
1505,魚沼,15,新潟県,male,2420,2873,3369,3163,2250,2904,3326,4089,4726,5073,4830,4930,5924,7093,6644,4400,3698,2463,1128,256,22,25704,605,76186
1505,魚沼,15,新潟県,female,2362,2821,3141,3043,2168,2629,2995,3776,4507,4780,4571,4723,5636,6998,6476,5175,4878,4290,3029,1115,188,32149,423,79724
1506,上越,15,新潟県,male,4125,5171,5757,5573,4728,5478,6111,6879,8210,9098,8479,8242,8833,10037,10551,7201,5537,3578,1440,299,33,38676,1377,126737
1506,上越,15,新潟県,female,3977,4755,5403,5082,4089,4548,5420,6476,7680,8657,8091,8023,8656,10258,10890,8584,7934,6865,4176,1437,255,50399,1202,132458
1507,佐渡,15,新潟県,male,697,941,1071,832,600,847,963,1211,1379,1509,1561,1759,2007,2203,2516,1606,1438,1061,473,109,9,9415,89,24881
1507,佐渡,15,新潟県,female,673,855,906,820,528,754,876,1049,1313,1338,1368,1662,1903,2114,2458,2025,2217,2062,1181,391,64,12512,54,26611
1601,新川,16,富山県,male,1698,1993,2401,2431,2217,2584,2555,2927,3520,4395,3723,3652,3602,3950,4814,3478,2367,1486,662,110,11,16878,1284,55860
1601,新川,16,富山県,female,1612,1930,2179,2227,1790,2001,2271,2623,3232,4139,3698,3623,3595,4279,5516,4275,3561,3117,1801,602,112,23263,1050,59233
1602,富山,16,富山県,male,8909,9800,10735,11821,11863,11735,12392,13809,16615,20200,16835,14601,13745,15434,18235,13068,8851,5192,2051,370,47,63248,4501,240809
1602,富山,16,富山県,female,8402,9268,10227,10718,10264,10485,11315,13027,15625,19525,16340,14968,14315,16702,20766,16604,12878,10407,5867,1845,297,85366,2908,252753
1603,高岡,16,富山県,male,4901,5601,6167,6592,6032,6208,6780,7797,9595,11989,9454,8723,8625,9971,12776,8823,5610,3548,1386,305,35,42454,4700,145618
1603,高岡,16,富山県,female,4479,5217,5828,6158,5509,5529,6090,7324,9014,11369,9599,9032,9292,11157,14422,10720,8560,7133,4056,1344,244,57636,3391,155467
1604,砺波,16,富山県,male,1936,2482,2672,2682,2322,2661,2709,3238,4074,4570,3782,3693,3995,4595,5689,3492,2499,1759,838,187,24,19083,451,60350
1604,砺波,16,富山県,female,1914,2220,2606,2566,2238,2299,2517,3011,3791,4458,3761,3827,4144,4885,5691,4207,3800,3443,2202,728,124,25080,292,64724
1701,南加賀,17,石川県,male,4296,4954,5378,5371,5425,5476,5610,6126,7374,9192,7382,6649,6093,6738,8479,6115,3957,2303,963,198,32,28785,1169,109280
1701,南加賀,17,石川県,female,3933,4623,5233,5124,4387,4678,5093,5759,6955,8745,7505,6981,6661,7505,9701,7419,5581,4618,2613,891,151,38479,658,114814
1702,石川中央,17,石川県,male,14539,16074,16639,19467,21566,17618,18806,20834,24749,29261,23719,20692,19488,20614,24560,16737,10323,6343,2516,480,41,81614,10396,355462
1702,石川中央,17,石川県,female,13876,15392,16087,17479,18725,17099,18579,20818,24493,29028,24167,21901,20784,22419,27883,20479,15198,12370,7133,2233,430,108145,7285,373858
1703,能登中部,17,石川県,male,1594,2049,2298,2328,1778,2009,2243,2520,3378,4223,3575,3593,4033,4835,6075,3926,2723,1667,708,161,22,20117,474,56212
1703,能登中部,17,石川県,female,1457,1905,2327,2389,1857,1899,1988,2458,3149,3952,3519,3712,4240,5249,6345,4765,3981,3411,2145,703,139,26738,196,61786
1704,能登北部,17,石川県,male,648,738,897,1450,782,768,887,1113,1472,1632,1594,1904,2388,2994,3468,2249,1761,1263,537,109,18,12399,145,28817
1704,能登北部,17,石川県,female,577,715,867,1113,524,682,724,981,1282,1515,1606,1823,2441,2992,3685,2977,2908,2651,1587,494,89,17383,64,32297
1801,福井・坂井,18,福井県,male,7506,8631,9406,9901,9568,9019,9892,11029,12670,14754,12549,12328,11773,12574,14084,9868,6925,4536,1843,353,38,50221,3637,192884
1801,福井・坂井,18,福井県,female,7136,8134,8879,8863,8415,8557,9668,10900,12297,14667,12876,12800,12554,13653,15494,12059,9889,8314,4762,1557,279,66007,2661,204414
1802,奥越,18,福井県,male,799,1014,1147,1078,869,1006,1158,1332,1551,1724,1420,1670,1964,2351,2359,1507,1168,809,352,71,7,8624,222,25578
1802,奥越,18,福井県,female,813,952,1089,1017,868,912,1047,1285,1494,1582,1562,1814,2029,2360,2340,1910,1810,1544,990,332,45,11331,63,27858
1803,丹南,18,福井県,male,3507,4127,4452,4472,3811,4488,4710,5175,6065,6899,5676,5407,5334,6034,6614,4589,3244,2141,955,171,27,23775,807,88705
1803,丹南,18,福井県,female,3354,3745,4250,4270,3638,4006,4479,4880,5790,6441,5569,5514,5595,6425,7058,5393,4650,3914,2367,799,138,30744,476,92751
1804,嶺南,18,福井県,male,2553,2823,3136,2876,2525,3291,3412,3669,4359,4865,4247,4624,4594,4843,5026,3380,2371,1662,720,129,17,18148,1684,66806
1804,嶺南,18,福井県,female,2365,2782,2944,2724,2076,2495,2967,3457,3942,4574,4071,4175,4360,4780,5363,4228,3621,3245,1930,580,87,23834,1101,67867
1901,中北,19,山梨県,male,8409,9309,10157,12038,10845,10454,11109,12585,14855,17415,16031,14725,13512,14562,15594,11475,7936,4966,2079,443,45,57100,7660,226204
1901,中北,19,山梨県,female,8052,8859,9730,10425,9618,9557,10521,12234,14305,16757,15469,14550,13998,15490,17340,13761,11049,8805,5229,1823,337,73834,5495,233404
1902,峡東,19,山梨県,male,2075,2534,2906,3078,2572,2442,2775,3218,3786,4769,4589,4107,4253,4638,4901,3613,2658,1641,810,180,15,18456,1036,62596
1902,峡東,19,山梨県,female,2052,2474,2660,2870,2534,2452,2661,3188,3857,4671,4644,4266,4349,4847,5332,4380,3535,2927,1744,644,118,23527,818,67023
1903,峡南,19,山梨県,male,561,685,952,913,844,905,967,1006,1334,1521,1525,1714,1863,2124,2076,1507,1238,823,391,95,14,8268,303,23361
1903,峡南,19,山梨県,female,532,687,836,832,662,690,768,928,1142,1410,1528,1595,1795,1973,2126,1907,1730,1538,1091,393,68,10826,244,24475
1904,富士・東部,19,山梨県,male,2716,3108,3368,4278,4393,4030,4086,4460,4638,5897,5996,6140,6059,6754,6308,4628,3319,2105,899,192,20,24225,1754,85148
1904,富士・東部,19,山梨県,female,2595,3062,3310,4532,4186,3232,3536,3938,4577,5566,5903,6104,6056,6591,6477,5343,4637,3656,2139,684,121,29648,1518,87763
2001,佐久,20,長野県,male,3674,4163,4561,4618,3797,4653,5086,5622,6486,7174,6582,6557,6588,7555,7715,5541,4016,2770,1356,285,31,29269,1741,100571
2001,佐久,20,長野県,female,3450,4035,4444,4299,3477,3950,4593,5204,6285,6949,6588,6440,6706,7462,7890,6354,5254,4748,3179,1139,203,36229,1196,103845
2002,上小,20,長野県,male,3345,4019,4325,4542,4390,4306,4803,5152,6255,7330,6334,6067,5940,6580,7041,5532,3760,2470,1143,239,19,26784,1299,94891
2002,上小,20,長野県,female,3237,3904,4162,4381,3828,3755,4534,5000,6033,6923,6420,6179,6072,6754,7654,6229,5072,4264,2697,876,137,33683,896,99007
2003,諏訪,20,長野県,male,3397,4002,4462,4571,4056,4032,4394,5020,6318,7745,6709,5884,5577,6085,7350,5922,4382,2673,1212,267,19,27910,1034,95111
2003,諏訪,20,長野県,female,3227,3781,4245,4247,3268,3607,4085,4741,6054,7185,6293,5590,5695,6618,8079,7132,5630,4343,2996,900,149,35847,862,98727
2004,上伊那,20,長野県,male,3282,3839,4384,4083,3473,3990,4242,4767,6045,6846,5929,5609,5514,5960,6317,5052,3576,2463,1111,224,19,24722,1562,88287
2004,上伊那,20,長野県,female,3076,3742,4166,3908,3294,3536,3804,4496,5620,6567,5733,5485,5473,6078,7052,5882,4749,3964,2570,865,117,31277,1428,91605
2005,飯伊,20,長野県,male,2911,3440,3713,3279,2537,3168,3503,3964,4730,5309,4887,4750,4857,5563,5748,4428,3471,2449,1191,281,24,23155,744,74947
2005,飯伊,20,長野県,female,2669,3229,3583,3452,2611,2936,3300,3872,4582,5229,4752,4842,5150,5656,6041,5288,4716,4059,2794,980,168,29702,490,80399
2006,木曽,20,長野県,male,286,370,521,499,365,438,502,513,638,767,830,932,941,1129,1208,830,719,515,205,32,5,4643,107,12352
2006,木曽,20,長野県,female,298,404,434,448,330,338,428,493,604,675,736,840,860,1111,1211,1118,1057,898,552,189,41,6177,59,13124
2007,松本,20,長野県,male,7926,9095,9834,10662,9255,10099,10355,11880,14332,17020,15007,12926,11888,12708,14303,10952,7920,5215,2264,502,45,53909,3397,207585
2007,松本,20,長野県,female,7636,8457,9253,9432,8591,9068,9783,11566,13935,16186,14492,12907,12196,13486,15807,12988,10686,8823,5487,1819,329,69425,3156,216083
2008,大北,20,長野県,male,811,1012,1138,1162,934,1008,1035,1291,1800,1995,1923,1838,1819,2195,2505,1793,1270,933,429,88,2,9215,394,27375
2008,大北,20,長野県,female,725,940,1059,1171,924,890,992,1253,1627,2008,1851,1818,1843,2183,2636,2054,1693,1521,987,352,62,11488,268,28857
2009,長野,20,長野県,male,8982,10525,11676,12019,9956,10402,11769,13687,16862,20132,17685,16300,15973,17080,19050,14641,10258,6750,3074,630,57,71540,11708,259216
2009,長野,20,長野県,female,8559,10153,11299,11357,9168,10005,11482,13340,16568,19551,17567,16828,16524,18289,20864,17184,14168,11509,7372,2359,425,92170,8915,273486
2010,北信,20,長野県,male,1271,1593,1787,1764,1264,1507,1653,2080,2424,2784,2641,2795,2919,3401,3637,2302,1834,1368,591,130,13,13276,296,40054
2010,北信,20,長野県,female,1228,1501,1633,1630,1239,1386,1598,2000,2475,2713,2597,2781,2972,3351,3517,2795,2647,2276,1411,452,72,16521,215,42489
2101,岐阜,21,岐阜県,male,14751,16936,18215,19331,18989,17156,18921,21156,25113,30584,26168,23290,20974,22684,26833,20569,14358,7997,2804,499,51,95795,15877,383256
2101,岐阜,21,岐阜県,female,14159,16106,17313,19160,19244,17360,18688,21405,24976,30936,27097,24651,22412,25621,30626,25038,19489,13756,6965,2040,326,123861,12927,410295
2102,西濃,21,岐阜県,male,6070,7715,8529,9088,8353,7925,8723,9799,11742,14061,11779,10989,10626,12225,13715,9795,6745,3876,1510,271,21,48158,1296,174853
2102,西濃,21,岐阜県,female,5679,7225,8210,8954,8084,7113,7870,9386,11181,13447,11856,11579,11608,13166,14758,11524,9175,6839,3587,1128,175,60352,1042,183586
2103,中濃,21,岐阜県,male,6467,8089,8665,8854,8054,8028,8879,10157,11822,13367,11429,10825,11202,12714,14157,9717,6846,4244,1812,343,38,49871,3101,178810
2103,中濃,21,岐阜県,female,6255,7858,8286,8255,7413,7201,8257,9755,11202,12791,11257,11623,11864,13449,14616,10901,8989,7220,4400,1414,244,61233,2222,185472
2104,東濃,21,岐阜県,male,5365,6693,7305,7770,6756,6996,7638,8794,10057,11795,10678,10503,10074,11189,12554,9010,6645,4044,1634,287,26,45389,1135,156948
2104,東濃,21,岐阜県,female,5065,6267,6910,7099,6730,6360,7037,8092,9489,11358,10639,10609,10821,11911,13653,11021,9230,7370,4373,1306,235,59099,1051,166626
2105,飛騨,21,岐阜県,male,2390,2836,3140,2942,2053,2526,2954,3395,4288,5042,4390,4454,4382,4897,5781,4071,3284,2224,888,181,19,21345,432,66569
2105,飛騨,21,岐阜県,female,2259,2678,3084,2767,1876,2305,2701,3381,4040,4880,4398,4598,4539,5311,6357,5312,4788,3829,2187,743,121,28648,173,72327
2201,賀茂,22,静岡県,male,560,800,954,924,696,820,926,1079,1431,2036,1996,1993,2141,2706,3322,2447,1767,1039,513,100,11,11905,82,28343
2201,賀茂,22,静岡県,female,531,802,1012,893,693,719,781,1041,1380,1876,1923,1834,2091,2931,3541,3160,2414,1939,1150,389,57,15581,46,31203
2202,熱海伊東,22,静岡県,male,982,1297,1564,1583,1416,1427,1512,1738,2230,3278,3259,3054,3204,3919,5248,4299,2960,1556,564,115,16,18677,885,46106
2202,熱海伊東,22,静岡県,female,895,1200,1558,1634,1522,1424,1465,1697,2302,3350,3447,3258,3291,4459,6078,5606,4268,3065,1587,511,90,25664,886,53593
2203,駿東田方,22,静岡県,male,11075,13000,14290,15138,13724,15322,17022,18648,21778,25749,23281,20690,19189,21298,22867,17701,12137,6877,2590,472,59,84001,3171,316078
2203,駿東田方,22,静岡県,female,10689,12473,13868,14054,11912,13075,14897,16796,20186,24457,22219,20209,19284,22405,25346,21247,16740,12201,6834,2105,357,107235,2664,324018
2204,富士,22,静岡県,male,6704,8033,8885,8728,7441,9121,9855,11193,12688,15377,13922,12217,11377,12683,12871,9828,6789,3456,1287,244,20,47178,1339,184058
2204,富士,22,静岡県,female,6280,7699,8598,8386,7125,7753,8998,10197,11839,14353,13078,12028,11772,12943,14503,11901,9169,6708,3547,1123,167,60061,1272,189439
2205,静岡,22,静岡県,male,11859,13730,14732,15873,16107,16468,17334,19309,22032,27102,24419,22094,20227,22204,24645,19264,13691,7815,2900,530,46,91095,5431,337812
2205,静岡,22,静岡県,female,11109,13015,13829,14814,15208,15118,16336,18750,21325,26357,24226,22081,20717,23526,27862,23788,19034,14134,7509,2284,396,118533,4159,355577
2206,志太榛原,22,静岡県,male,7973,9815,10746,10654,8836,9945,11436,13016,15274,17417,14935,14224,14414,15357,16793,12475,8845,5312,2044,384,31,61241,1426,221352
2206,志太榛原,22,静岡県,female,7656,9465,10259,9691,8892,9235,10973,12709,14390,16392,14623,14283,14554,16539,18411,14472,11660,8901,4953,1597,247,76780,1279,231181
2207,中東遠,22,静岡県,male,9422,10998,11574,11024,9990,12219,13597,15311,16622,18042,14809,14183,14724,16418,16757,11019,7755,4659,2069,402,39,59118,3211,234844
2207,中東遠,22,静岡県,female,9012,10406,10940,10190,8747,9944,11972,13823,15231,16356,13571,13726,14615,16257,16751,12156,10034,8210,4904,1607,299,70218,2244,230995
2208,西部,22,静岡県,male,16606,19176,20203,20360,19234,20764,22865,25988,28753,33539,29670,27266,25704,26893,28859,21263,15483,9311,3507,730,60,106106,6291,422525
2208,西部,22,静岡県,female,15423,17945,19081,18649,17330,18261,20914,24610,27346,32042,27894,25870,25271,27265,30818,24903,20134,15855,8596,2819,499,130889,4553,426078
2302,海部,23,愛知県,male,5946,7004,7685,8216,8166,8032,8074,9042,11069,14594,12174,10255,8494,8791,11076,9283,6383,3062,972,154,15,39736,1722,160209
2302,海部,23,愛知県,female,5629,6537,7546,7986,8270,7394,7504,8639,10684,13748,11531,9943,8524,9819,12958,10892,7842,4916,2355,720,103,49605,1485,165025
2304,尾張東部,23,愛知県,male,10266,11558,11917,12043,12031,10891,12471,14292,16619,19680,16853,14030,11480,11696,14294,11885,8059,4152,1312,226,25,51649,8544,234324
2304,尾張東部,23,愛知県,female,9741,11074,11344,11738,11826,10431,11938,13961,16130,19362,16424,13841,11716,13127,16602,13844,9720,6492,3323,981,145,64234,7732,241492
2305,尾張西部,23,愛知県,male,9904,11601,12427,12610,12101,11726,12884,14392,17037,21596,18719,15968,13434,14543,16787,13744,10053,5027,1556,276,17,62003,4947,251349
2305,尾張西部,23,愛知県,female,9552,10761,11801,12510,12586,11716,12396,14135,16608,21275,18672,16154,13861,15767,19570,16545,12602,8193,3869,1084,197,77827,3621,263475
2306,尾張北部,23,愛知県,male,14344,16338,17550,18582,19359,18908,20200,21561,25599,31648,26837,21755,18009,19223,23782,19910,13837,6570,2118,366,14,85820,8226,364736
2306,尾張北部,23,愛知県,female,13756,15742,16985,17640,18089,17173,17956,20320,24543,30253,25544,21296,18323,21668,27604,23381,16196,10227,4945,1399,254,105674,7248,370542
2307,知多半島,23,愛知県,male,13510,15343,15697,16324,17631,18105,18856,20120,22419,26100,21937,18828,16253,16942,19534,15751,10577,5349,1919,328,29,70429,5364,316916
2307,知多半島,23,愛知県,female,12502,14436,14941,15033,15761,14878,16424,18363,20452,24244,20361,17913,16102,17689,21791,17591,13374,9097,4546,1390,229,85707,4462,311579
2308,西三河北部,23,愛知県,male,10002,11376,12168,14010,16482,16385,15691,16867,17807,20659,17821,14959,12701,12787,15161,11155,6898,3269,1216,197,16,50699,5194,252821
2308,西三河北部,23,愛知県,female,9605,10788,11407,12196,12313,11692,12656,13912,15587,18664,15874,13199,12198,13604,15829,11792,7826,5210,2705,834,146,57946,3424,231461
2309,西三河南部西,23,愛知県,male,15980,17140,17746,18664,21098,23790,24623,24533,26089,29438,25689,22064,17897,18206,20114,14372,9675,5374,1892,381,21,70035,6307,361093
2309,西三河南部西,23,愛知県,female,14867,16406,16613,16831,17609,18536,19862,21204,22639,26631,23040,20090,16928,18505,21130,16596,12730,9248,4642,1305,210,84366,4912,340534
2310,西三河南部東,23,愛知県,male,9576,10942,10978,10714,10902,12571,13642,14897,15826,17969,15008,13047,11483,12028,13080,9228,5980,3179,1192,192,27,44906,2762,215223
2310,西三河南部東,23,愛知県,female,9089,10307,10261,10147,10266,10672,11806,13160,14661,16453,13760,12372,11514,12539,13895,10312,7464,5703,3030,881,146,53970,3442,211880
2311,東三河北部,23,愛知県,male,732,976,1090,1196,922,848,1105,1408,1596,1701,1532,1683,1885,2252,2515,1660,1262,942,435,87,11,9164,228,26066
2311,東三河北部,23,愛知県,female,648,942,1008,1039,860,845,904,1232,1348,1539,1420,1679,1985,2285,2361,1868,1773,1528,927,340,72,11154,82,26685
2312,東三河南部,23,愛知県,male,13587,15973,17015,17378,18138,17924,19420,21637,23910,28719,24161,21788,19922,20275,23293,17069,11506,6649,2437,440,38,81707,6319,347598
2312,東三河南部,23,愛知県,female,13087,15214,16025,16086,16048,15753,17388,19730,22178,26242,22527,21323,19807,21399,25499,20137,15673,11452,6012,1889,328,102389,4084,347881
2313,名古屋・尾張中部,23,愛知県,male,49839,51530,51465,53004,64876,71780,73122,79032,84613,99196,88381,77310,63847,64660,73626,56079,39045,22184,7622,1314,133,264663,58509,1231167
2313,名古屋・尾張中部,23,愛知県,female,47661,48872,49290,50955,64860,70066,70173,74932,81311,95478,84490,75033,63475,66874,81609,69267,56225,40746,19600,5653,946,340920,52843,1270359
2405,桑員,24,三重県,male,4056,4823,5102,5111,5401,5319,5859,6557,7429,8564,7299,6722,6041,6681,7637,5617,3732,2004,759,161,12,26603,1950,106836
2405,桑員,24,三重県,female,3847,4601,4936,5088,4920,4710,5101,5986,6783,8165,7119,6741,6427,7252,8276,6334,4799,3546,1870,630,95,32802,1331,108557
2406,三泗,24,三重県,male,7297,8195,8705,8959,9603,11462,10726,11469,13109,16425,13948,12190,9875,9974,11648,9047,6295,3310,1124,181,13,41592,2268,185823
2406,三泗,24,三重県,female,7030,7899,8289,8718,8689,9095,9552,10200,12174,14944,12749,11624,10092,10844,13113,10908,8180,5874,2800,796,122,52637,2612,186304
2407,鈴亀,24,三重県,male,4322,5048,5551,5920,5442,5488,5869,6657,7752,9745,8199,7530,6399,6689,7767,6057,3723,2042,799,140,10,27227,11362,122511
2407,鈴亀,24,三重県,female,4079,4879,5342,5630,5333,4854,5582,6214,7569,9268,8025,7195,6521,7493,8604,6481,4831,3540,1944,520,106,33519,8984,122994
2408,津,24,三重県,male,5110,5796,6179,6614,6986,6241,6905,7639,8810,10367,9008,8442,8032,8415,9302,7140,5235,3375,1405,189,22,35083,2325,133537
2408,津,24,三重県,female,4665,5452,5978,6206,6526,5977,6535,7412,8542,10128,8990,8816,8356,9089,10628,8719,7428,5654,3043,942,159,45662,1755,141000
2409,伊賀,24,三重県,male,2682,3245,3598,3879,3380,3837,4236,4655,5181,5741,4820,4714,5120,6238,6703,4613,3251,1914,782,141,16,23658,1553,80299
2409,伊賀,24,三重県,female,2540,3207,3477,3598,3032,3100,3702,4376,5035,5522,4846,5286,5594,6617,7216,5533,4348,3510,2108,678,100,30110,1429,84854
2410,松阪,24,三重県,male,3805,4477,4960,4908,3829,4334,5094,5562,6690,7868,6790,6420,6570,7232,7682,5667,4262,2922,1257,216,25,29263,964,101534
2410,松阪,24,三重県,female,3578,4156,4683,4604,4103,4300,4976,5710,6535,7999,7076,6942,7113,7632,8500,7023,5922,4997,2920,922,152,38068,717,110560
2411,伊勢志摩,24,三重県,male,3336,4083,4547,4897,4017,3996,4610,5226,5993,7339,6921,7288,7093,7868,8833,6394,5108,3310,1316,203,19,33051,1302,103699
2411,伊勢志摩,24,三重県,female,3255,3827,4343,4637,4040,3890,4497,5325,6083,7779,7608,7915,7694,8787,9704,8421,7475,5982,3194,982,164,44709,923,116525
2412,東紀州,24,三重県,male,802,1065,1235,1017,740,917,1045,1334,1650,2049,1927,2103,2221,2754,2984,2433,1824,1207,482,81,8,11773,358,30236
2412,東紀州,24,三重県,female,799,1006,1203,1035,721,876,1070,1298,1657,2016,2070,2305,2407,2861,3547,3112,2750,2249,1232,498,67,16316,206,34985
2501,大津,25,滋賀県,male,6923,7983,8316,8882,8357,7235,8458,9474,11076,13357,11353,10585,9506,10210,11568,8250,5403,3131,1218,208,32,40020,5148,166673
2501,大津,25,滋賀県,female,6673,7572,8015,8432,8290,7402,8472,9886,11700,13856,12193,11254,10398,10973,13051,9796,7248,5447,3028,866,149,50558,3696,178397
2502,湖南,25,滋賀県,male,8206,9137,9288,9637,11367,9206,9731,11254,12956,14674,11562,9538,7710,8441,9586,7449,4726,2383,885,141,17,33628,4855,172749
2502,湖南,25,滋賀県,female,7720,8609,8888,8774,8875,8249,9413,11155,12911,14509,11412,9204,8021,9271,11111,8026,5575,3921,2141,692,117,40854,5139,173733
2503,甲賀,25,滋賀県,male,2815,3218,3581,3766,3777,3725,4227,4462,4744,5810,4600,4371,4383,4824,4974,3314,2320,1335,547,87,10,17411,1292,72182
2503,甲賀,25,滋賀県,female,2588,3023,3202,3441,3184,3060,3661,3899,4529,5055,4327,4390,4563,4746,5151,3794,2861,2402,1440,432,59,20885,829,70636
2504,東近江,25,滋賀県,male,4463,5504,5686,5730,5559,5974,6470,7144,7836,8442,7132,6709,6557,7422,8022,5457,3710,2226,903,161,24,27925,1588,112719
2504,東近江,25,滋賀県,female,4356,5219,5364,5291,4948,4890,5644,6607,7540,7979,6929,6817,6701,7767,8286,6178,4980,4015,2371,768,151,34516,1174,113975
2505,湖東,25,滋賀県,male,3168,3669,3839,4144,4403,4045,4322,4607,5194,6004,4944,4442,4269,4571,4858,3460,2306,1491,644,93,10,17433,2404,76887
2505,湖東,25,滋賀県,female,2920,3512,3648,3889,3793,3321,3898,4395,5157,5749,4876,4575,4500,4774,5188,4017,3316,2632,1510,497,92,22026,2162,78421
2506,湖北,25,滋賀県,male,2860,3425,3681,3770,3408,3324,3787,4189,4833,5370,4816,4433,4465,4848,5014,3760,2751,1797,776,133,12,19091,2005,73457
2506,湖北,25,滋賀県,female,2700,3256,3383,3611,3321,3130,3637,4132,4769,5340,4775,4809,4689,4921,5415,4571,3820,3066,1779,636,108,24316,1536,77404
2507,湖西,25,滋賀県,male,729,871,1010,1031,963,906,1023,1169,1271,1550,1389,1533,1679,1853,2040,1415,1022,746,323,49,6,7454,184,22762
2507,湖西,25,滋賀県,female,670,796,883,952,793,795,886,1078,1304,1452,1464,1552,1659,1875,2006,1710,1393,1203,729,231,47,9194,137,23615
2601,丹後,26,京都府,male,1426,1651,1900,1836,1034,1471,1751,2023,2410,3080,2751,3108,3220,3514,3938,2846,2155,1531,719,132,24,14859,264,42784
2601,丹後,26,京都府,female,1301,1592,1784,1703,985,1270,1618,1886,2273,2990,2902,3051,3166,3561,4334,3593,3251,2789,1779,695,154,20156,177,46854
2602,中丹,26,京都府,male,3531,3989,4229,5226,4023,4342,4706,5124,6084,7249,5998,5498,5519,5993,7290,5188,3717,2510,1138,223,29,26088,2381,93987
2602,中丹,26,京都府,female,3499,3910,4101,3951,3118,3376,4016,4642,5455,6677,5629,5421,5591,6290,8257,6317,5295,4541,2869,899,169,34637,1478,95501
2603,南丹,26,京都府,male,2125,2694,2935,3462,3185,2428,2794,3325,3877,4508,3917,3891,4026,4865,5396,3808,2533,1627,648,116,11,19004,988,63159
2603,南丹,26,京都府,female,1973,2523,2792,3108,3021,2373,2642,3306,3848,4436,4194,4221,4370,5105,5891,4406,3369,2708,1672,553,95,23799,945,67551
2604,京都・乙訓,26,京都府,male,27643,30165,31495,37522,50522,39154,39767,42892,49751,58948,52394,45906,39691,41698,52614,38796,27230,16296,5816,1072,117,183639,36412,765901
2604,京都・乙訓,26,京都府,female,26343,28646,29954,36977,49924,41517,41665,45975,52404,62927,55875,49594,42631,47596,62767,51215,39638,29579,15565,4943,1000,252303,34507,851242
2605,山城北,26,京都府,male,7516,9284,10501,11390,11594,8774,9428,11086,13939,17769,14600,12038,10745,12661,16497,13053,8358,4324,1454,222,30,56599,2570,207833
2605,山城北,26,京都府,female,7060,8698,9751,10904,10948,8493,9209,11270,14409,18077,14740,12865,11886,15081,19805,15175,10153,6981,3350,1049,197,71791,2056,222157
2606,山城南,26,京都府,male,2680,3206,3541,3380,2617,2059,2626,3479,4143,4891,3960,3329,3226,3559,4223,3079,1901,951,390,53,6,14162,505,57804
2606,山城南,26,京都府,female,2576,3064,3387,3283,2707,2300,2986,3708,4528,5135,4284,3761,3509,4121,4774,3298,2224,1644,1001,334,60,17456,630,63314
2701,豊能,27,大阪府,male,22606,25255,24815,25781,28885,23795,26350,30774,34579,41438,36931,31348,25400,25995,31893,24412,17774,10052,3500,622,60,114308,9992,502257
2701,豊能,27,大阪府,female,21677,24162,23427,24671,27603,25187,28293,32775,37645,44472,39567,33262,27807,30562,38315,32232,24906,17388,8631,2577,448,155059,8480,554087
2702,三島,27,大阪府,male,15499,16465,17949,18707,19075,17322,19407,21651,25236,30898,26501,21179,17848,19380,24130,20099,13841,6993,2332,366,35,87176,9596,364509
2702,三島,27,大阪府,female,14544,16256,16991,17770,19202,18147,19990,22250,26285,32221,27322,22131,19278,22749,29494,25144,17630,11620,5733,1694,284,114348,7567,394302
2703,北河内,27,大阪府,male,19433,21831,24482,27677,28326,24602,25203,27987,34712,46038,41608,34162,27950,31643,38929,32541,22093,10726,3201,548,64,139745,23706,547462
2703,北河内,27,大阪府,female,18607,20885,23570,26169,28588,24913,25653,28590,35707,47602,42675,35316,29291,35614,47765,41685,29093,17987,8255,2418,420,183237,21194,591997
2704,中河内,27,大阪府,male,14033,15658,17119,20070,22855,19699,20013,21097,24891,33068,30333,25573,20435,22193,27480,22573,15738,7820,2335,401,40,98580,15677,399101
2704,中河内,27,大阪府,female,13389,15071,16484,19150,21978,19622,19328,21132,25066,33672,30870,26491,21321,24871,33026,29567,22068,14178,6187,1877,308,132082,12600,428256
2705,南河内,27,大阪府,male,9804,11501,12788,14728,15045,12174,12618,13885,16583,22177,20137,18160,16304,18117,21679,18105,12360,6291,2068,351,32,79003,4604,279511
2705,南河内,27,大阪府,female,9394,10893,12247,14685,15711,12602,12736,14561,17695,23816,22440,20295,17947,20565,26197,22555,16471,10793,5444,1566,268,103859,4114,312995
2706,堺市,27,大阪府,male,15405,17487,19328,20077,19911,18733,19908,21754,26307,34038,28661,23593,19532,22179,27998,22751,15409,7869,2556,443,51,99256,9971,393961
2706,堺市,27,大阪府,female,14744,16692,18435,19400,19587,18941,19927,22757,27870,34928,29626,24934,21183,25930,34456,28842,21149,14089,7040,2023,346,133875,9301,432200
2707,泉州,27,大阪府,male,16090,18776,21371,24270,24566,20031,20052,22328,26697,35107,31473,27364,23237,25463,29609,23131,15614,7938,2595,425,42,104817,6101,422280
2707,泉州,27,大阪府,female,15209,18132,20346,23301,24069,19864,20383,23057,28093,37282,33367,28695,25129,28813,34693,29108,21842,15245,7394,2096,366,139557,5871,462355
2708,大阪市,27,大阪府,male,49484,49501,49682,52408,72879,88552,87102,87859,91731,107717,96314,82722,68056,72336,83159,60693,42681,24156,7928,1354,153,292460,50408,1326875
2708,大阪市,27,大阪府,female,47496,47375,47111,51957,78915,93772,90061,89025,93265,107445,95854,82860,68263,72839,89909,78280,65740,47490,22658,6287,1158,384361,47777,1425537
2801,神戸,28,兵庫県,male,26105,29766,32022,33332,34021,30558,34392,39003,44663,54724,48610,43894,40365,43776,50143,36847,25250,15250,5619,1086,95,178066,46931,716452
2801,神戸,28,兵庫県,female,24623,28480,30319,33033,37767,34175,36460,42087,49144,59778,53204,48924,45511,48854,58422,47761,37384,28806,14685,4433,750,241095,44100,808700
2804,東播磨,28,兵庫県,male,14864,16458,16595,17188,16630,17665,19713,21164,23741,28262,24138,20766,18814,21451,24835,19181,12102,6244,2117,351,31,86312,5395,347705
2804,東播磨,28,兵庫県,female,14210,15745,15928,16273,15920,16394,18503,21077,23604,28646,24832,22241,20239,23605,28718,23024,16088,11356,5540,1536,242,110109,4647,368368
2805,北播磨,28,兵庫県,male,4555,5383,5893,6311,5675,5855,6309,7001,7981,9727,8396,8089,8086,9195,10353,7816,5416,3340,1326,258,29,37733,1381,128375
2805,北播磨,28,兵庫県,female,4144,5187,5627,5923,5690,5334,5707,6613,7800,9585,8489,8268,8432,10090,11237,9292,6966,5607,3391,1125,214,47922,1039,135760
2808,但馬,28,兵庫県,male,2610,3243,3570,3398,2138,2750,3332,4000,4560,5387,4813,4932,5745,6199,6450,4576,3406,2579,1201,230,27,24668,611,75757
2808,但馬,28,兵庫県,female,2500,3012,3450,3117,2004,2543,3112,3858,4370,5108,4817,5259,5768,6506,6880,5800,5029,4656,2851,1036,191,32949,365,82232
2809,丹波,28,兵庫県,male,1718,2123,2222,2120,1661,1957,2282,2592,2964,3280,2863,2979,3468,3958,4225,2821,2091,1481,699,126,16,15417,629,48275
2809,丹波,28,兵庫県,female,1684,2044,2112,2065,1814,1885,2102,2507,2864,3258,3080,3294,3627,4037,4364,3442,2988,2771,1669,599,110,19980,491,52807
2810,淡路,28,兵庫県,male,2022,2453,2676,2614,1953,2153,2529,3037,3673,4326,3754,3830,4207,5124,5769,3733,2809,2071,953,200,24,20683,711,60621
2810,淡路,28,兵庫県,female,1945,2362,2566,2471,2074,2004,2533,3044,3672,4228,3937,4103,4493,5280,6082,4529,3898,3655,2325,793,145,26707,580,66719
2811,阪神,28,兵庫県,male,33535,37660,39693,41639,38964,35925,40088,46122,54108,67522,61607,52889,45007,47321,55553,42728,29813,16841,5938,1068,109,199371,33147,827277
2811,阪神,28,兵庫県,female,32167,35831,38035,40613,42677,39294,43134,50296,59561,74004,67573,58056,50045,54453,66103,54273,41740,29796,15266,4485,841,266957,29391,927634
2812,播磨姫路,28,兵庫県,male,15206,18182,19588,19726,18633,18655,20166,22659,26172,31701,26517,24571,23229,25852,29230,21453,14256,8252,2959,580,51,102633,7656,395294
2812,播磨姫路,28,兵庫県,female,14587,17105,18400,19316,18024,17067,19211,22220,25827,31951,27615,25921,24524,28093,33215,27112,20488,15752,8212,2640,429,135941,5317,423026
2901,奈良,29,奈良県,male,5982,6932,7315,8240,8081,6529,7472,8597,10122,12636,11356,10513,9813,11024,12942,9960,7216,4197,1555,280,30,47204,4054,164846
2901,奈良,29,奈良県,female,5616,6664,7197,8184,9083,7274,8084,9673,11098,14302,13297,12044,11275,12966,15535,12749,9517,6897,3901,1225,218,63008,2985,189784
2902,東和,29,奈良県,male,3246,3888,4236,5715,5151,4158,4438,4866,5584,6752,6099,5929,5979,7114,7748,5788,4097,2475,932,169,11,28334,878,95253
2902,東和,29,奈良県,female,3143,3632,4044,5106,4904,4267,4358,5021,5773,6878,6429,6435,6551,7575,8711,6958,5429,4117,2347,767,137,36041,815,103397
2903,西和,29,奈良県,male,5905,7317,8025,8272,7237,5900,7070,8547,10134,12884,10971,9731,9225,10615,13045,10974,7057,3552,1267,248,20,46778,1459,159455
2903,西和,29,奈良県,female,5686,6987,7588,7888,7310,6571,7619,9165,11160,13974,12238,10805,10475,12562,15800,12572,8556,6373,3372,1061,184,60480,1374,179320
2904,中和,29,奈良県,male,6834,7909,8578,9016,8348,7786,8611,9632,11240,13768,12056,11093,10072,11437,12792,10134,6967,3603,1295,251,21,46500,2070,173513
2904,中和,29,奈良県,female,6492,7649,8422,9119,8706,8267,9080,10101,12031,14595,13600,12500,11350,12658,15299,12330,9022,6153,3256,1065,169,59952,2048,193912
2905,南和,29,奈良県,male,640,856,1052,1423,1161,1085,1124,1287,1535,1862,1866,2053,2422,2956,2992,2043,1633,1138,477,84,6,11329,1164,30859
2905,南和,29,奈良県,female,627,813,996,1100,1092,965,1030,1273,1469,1829,1923,2341,2622,3034,3112,2695,2423,2071,1185,367,63,14950,1104,34134
3001,和歌山,30,和歌山県,male,7409,8303,8654,9029,8651,9100,9952,10728,12401,15340,13199,12510,12049,12926,15126,11807,8155,4811,1876,335,37,55073,1893,194291
3001,和歌山,30,和歌山県,female,7075,8018,8333,8636,8627,8709,10024,11206,12567,16057,14732,14140,13097,14648,18218,15366,12103,9461,4995,1542,273,76606,1236,219063
3002,那賀,30,和歌山県,male,2037,2446,2641,2840,2540,2420,2582,2937,3458,4295,3749,3575,3499,3784,4069,2817,1837,1076,409,82,4,14078,687,53784
3002,那賀,30,和歌山県,female,1847,2340,2537,2657,2507,2385,2611,3029,3628,4488,4295,4138,3759,4076,4541,3439,2613,2001,1147,350,53,18220,558,58999
3003,橋本,30,和歌山県,male,1271,1578,1799,1987,1601,1540,1810,1936,2201,2752,2405,2566,2856,3321,3468,2557,1741,1118,475,87,9,12776,252,39330
3003,橋本,30,和歌山県,female,1209,1551,1705,1801,1651,1543,1793,2019,2302,2859,2647,3042,3236,3458,3894,3054,2547,2152,1209,397,66,16777,146,44281
3004,有田,30,和歌山県,male,1133,1394,1614,1595,1251,1338,1502,1753,1998,2399,2146,2138,2251,2600,2785,1929,1483,901,420,74,8,10200,208,32920
3004,有田,30,和歌山県,female,1052,1375,1477,1429,1182,1255,1456,1788,1994,2436,2277,2465,2544,2799,3088,2501,2202,1871,1059,331,46,13897,152,36779
3005,御坊,30,和歌山県,male,987,1252,1334,1824,1116,1136,1334,1513,1681,2118,1849,1866,2008,2267,2352,1618,1195,804,380,57,4,8677,377,29072
3005,御坊,30,和歌山県,female,975,1119,1251,1289,912,1023,1240,1469,1720,2031,1959,2030,2133,2446,2594,2096,1808,1616,973,294,43,11870,231,31252
3006,田辺,30,和歌山県,male,1954,2315,2687,2401,1836,2209,2580,3030,3663,4330,3797,3993,3981,4243,4612,3330,2535,1734,782,144,12,17392,663,56831
3006,田辺,30,和歌山県,female,1872,2307,2625,2465,1837,2192,2546,3093,3623,4385,4047,4376,4164,4694,5247,4521,3791,3137,1798,605,97,23890,618,64040
3007,新宮,30,和歌山県,male,855,1053,1168,1043,685,897,1158,1272,1550,1923,1827,1861,2155,2530,2912,2101,1615,1050,451,93,6,10758,618,28823
3007,新宮,30,和歌山県,female,796,1005,1007,954,698,872,1108,1279,1553,1893,1868,2113,2306,2741,3385,2888,2395,2144,1257,407,69,15286,381,33119
3101,東部,31,鳥取県,male,4181,4868,5114,5613,5296,4505,5361,6506,7262,7666,6468,6726,7417,8478,8047,4921,3835,2609,1170,214,19,29293,2229,108505
3101,東部,31,鳥取県,female,3936,4623,4770,5131,4494,4356,5366,6186,6986,7482,6571,7140,7857,8656,8541,6410,6019,5430,3363,1104,213,39736,1353,115987
3102,中部,31,鳥取県,male,1889,2180,2374,2142,1382,1778,2165,2726,3000,3313,2655,2902,3452,4008,3962,2631,1877,1368,588,143,18,14595,319,46872
3102,中部,31,鳥取県,female,1757,2078,2157,2152,1525,1784,2152,2616,3000,3216,2794,3139,3666,4159,4300,3277,2928,2799,1845,643,123,20074,211,52321
3103,西部,31,鳥取県,male,4628,4797,5029,5150,4379,4699,5456,6372,7352,8229,6691,6549,7071,7936,8335,5920,4238,2787,1219,273,20,30728,1925,109055
3103,西部,31,鳥取県,female,4203,4860,4886,4762,4360,4820,5247,6382,7176,8087,6945,6892,7435,8500,9649,7384,6563,5609,3483,1205,227,42620,1992,120667
3201,松江,32,島根県,male,4680,5395,5488,6286,5583,5208,5621,6584,7460,8611,7295,7073,7273,7954,8556,5678,4266,3038,1218,243,36,30989,2741,116287
3201,松江,32,島根県,female,4345,5044,5256,5412,4926,4940,5581,6473,7339,8500,7392,7428,7379,8148,9556,7496,6532,5768,3448,1180,216,42344,2032,124391
3202,雲南,32,島根県,male,814,1043,1063,1099,720,751,964,1212,1552,1592,1356,1512,1953,2439,2492,1477,1345,1102,455,110,15,9435,112,25178
3202,雲南,32,島根県,female,759,914,1071,918,649,738,925,1160,1407,1476,1368,1574,1900,2272,2443,1841,1932,1969,1250,449,75,12231,165,27255
3203,出雲,32,島根県,male,3712,4068,4176,3750,3162,4064,4566,4952,5900,6218,5153,4938,5184,5791,6318,3977,3057,2201,844,191,23,22402,1224,83469
3203,出雲,32,島根県,female,3565,3871,3923,3948,3489,4013,4434,4773,5552,5851,5076,5028,5281,6018,6619,4766,4496,4198,2470,814,161,29542,960,89306
3204,大田,32,島根県,male,826,1029,1058,1049,621,784,997,1238,1373,1497,1259,1445,1849,2262,2479,1615,1178,995,447,143,11,9130,97,24252
3204,大田,32,島根県,female,722,916,1006,868,476,705,908,1153,1253,1422,1247,1421,1940,2157,2476,1977,1894,1836,1294,503,96,12233,90,26360
3205,浜田,32,島根県,male,1235,1457,1531,1958,1587,1695,1708,2018,2417,2651,2296,2373,2787,3039,3348,2136,1617,1151,499,103,11,11904,571,38188
3205,浜田,32,島根県,female,1231,1431,1458,1474,1171,1281,1478,1854,2021,2326,2064,2317,2515,3142,3478,2819,2621,2412,1491,507,79,16549,193,39363
3206,益田,32,島根県,male,997,1125,1221,1285,702,912,1223,1375,1661,1780,1484,1600,2045,2483,2668,1656,1336,1019,435,84,11,9692,418,27520
3206,益田,32,島根県,female,874,1060,1173,1059,653,884,1066,1334,1560,1732,1427,1746,2149,2532,2891,2280,2122,1896,1171,402,88,13382,336,30435
3207,隠岐,32,島根県,male,322,401,361,387,251,356,414,546,560,552,464,541,726,956,994,608,453,314,149,30,5,3509,7,9397
3207,隠岐,32,島根県,female,314,350,356,320,189,277,369,443,454,497,438,467,710,892,988,688,696,648,429,169,29,4539,2,9725
3301,県南東部,33,岡山県,male,17776,19915,20651,22878,24282,22419,22912,25768,29288,34614,27724,25656,24875,26643,30933,22979,15115,9708,3836,709,81,110004,12337,441099
3301,県南東部,33,岡山県,female,17043,18664,19320,21611,23300,21900,23363,26045,29292,34771,29276,27007,26579,28750,35353,28683,21820,18348,10300,3310,596,147160,10330,475661
3302,県南西部,33,岡山県,male,12898,14812,15795,15863,14915,14832,16384,18035,20490,24929,20223,17936,18438,20656,24069,18790,12427,7750,2949,543,58,87242,22421,335213
3302,県南西部,33,岡山県,female,12550,14156,14727,15553,15771,14825,16323,18248,20520,25466,20945,19156,19843,22140,27638,22499,16824,13582,7612,2479,484,113258,21044,362385
3303,高梁・新見,33,岡山県,male,703,921,1093,1440,1295,1142,1095,1218,1451,1584,1452,1703,2169,2530,2466,1646,1507,1170,558,141,7,10025,345,27636
3303,高梁・新見,33,岡山県,female,689,859,957,1266,1163,811,945,1142,1304,1515,1407,1676,2130,2357,2540,2143,2295,2175,1384,507,84,13485,166,29515
3304,真庭,33,岡山県,male,722,857,973,818,593,690,924,1087,1312,1318,1135,1299,1600,1877,1960,1214,1047,850,340,82,8,7378,71,20777
3304,真庭,33,岡山県,female,675,832,903,821,540,622,786,1050,1177,1248,1076,1332,1627,1951,1962,1582,1615,1515,992,352,60,10029,43,22761
3305,津山・英田,33,岡山県,male,3181,3612,4015,4168,3083,3545,4058,4494,5306,5894,4954,4921,5698,6357,7046,4534,3486,2473,1142,213,14,25265,1126,83320
3305,津山・英田,33,岡山県,female,2979,3430,3644,4013,3118,3177,3803,4373,5027,5628,4960,5024,5932,6676,7428,5631,5285,4774,3157,990,204,34145,812,90065
3401,広島,34,広島県,male,27945,31541,32267,32517,30764,33307,36211,39842,45696,55183,46459,40202,35590,38162,44227,31780,21062,11796,4593,993,117,152730,19755,660009
3401,広島,34,広島県,female,26981,30211,30860,31516,32101,33194,36172,40268,46769,56143,47028,40863,37837,41414,50172,40048,29210,22151,12597,4247,816,200655,16305,706903
3402,広島西,34,広島県,male,2772,3206,3208,3074,2725,3035,3456,3963,4269,4886,4270,3980,4338,5050,5547,3890,2524,1626,657,156,19,19469,562,67213
3402,広島西,34,広島県,female,2547,3084,2969,3027,2975,2994,3359,3979,4284,5105,4462,4363,4874,5457,6065,4496,3540,2932,1747,574,88,24899,358,73279
3403,呉,34,広島県,male,3542,4327,4706,5170,5733,5528,5728,6059,7107,8807,7417,6788,6753,7963,10135,8047,5393,3237,1138,266,35,36214,962,114841
3403,呉,34,広島県,female,3417,4123,4579,4856,4519,4252,4525,5251,6500,8204,7467,7036,7201,8455,11678,10042,7863,6263,3434,1104,225,49064,687,121681
3404,広島中央,34,広島県,male,4442,5272,5392,6941,9167,6045,6250,6698,7375,8495,7133,6447,5953,6488,7435,5430,3380,2138,838,183,24,25916,3261,114787
3404,広島中央,34,広島県,female,4209,4925,5173,5548,6257,5134,5498,6098,6878,7934,6777,6285,6209,6730,8195,6347,4682,3877,2373,850,153,33207,2840,112972
3405,尾三,34,広島県,male,3797,4648,5092,5107,4346,5001,5561,6160,6880,8220,6855,6556,7765,8959,10143,7329,5071,3473,1477,287,31,36770,1021,113779
3405,尾三,34,広島県,female,3428,4578,4768,4786,4026,3971,4720,5734,6567,8126,7036,7298,7989,9539,11084,9141,7473,6607,3955,1382,214,49395,667,123089
3406,福山・府中,34,広島県,male,9997,11475,11987,11639,11327,12322,13406,14435,16466,19345,15489,14022,14351,16553,18170,13468,9144,5297,2184,480,57,65353,4679,246293
3406,福山・府中,34,広島県,female,9399,11021,11405,10856,10527,11197,12266,14021,16178,19253,16090,14769,15192,17757,20200,16504,12767,10071,5656,1934,354,85243,3125,260542
3407,備北,34,広島県,male,1310,1639,1840,1698,1356,1586,1815,2046,2365,2723,2335,2281,2888,3454,3672,2302,1876,1536,792,192,29,13853,499,40234
3407,備北,34,広島県,female,1317,1589,1690,1641,1256,1380,1562,1877,2294,2522,2185,2391,2895,3429,3770,3018,2978,3031,2076,724,137,19163,318,44080
3501,岩国,35,山口県,male,2261,2694,2926,2810,2323,2696,2948,3250,3909,4875,4009,4018,4272,5084,5525,3848,2933,2001,766,159,29,20345,592,63928
3501,岩国,35,山口県,female,2156,2635,2833,2859,2390,2508,2744,3371,3924,4827,4281,4123,4517,5079,6168,5212,4353,3747,2019,714,123,27415,648,71231
3502,柳井,35,山口県,male,958,1188,1416,1547,966,1061,1296,1578,1997,2558,2036,2035,2523,3022,3622,2747,1937,1304,598,115,16,13361,198,34718
3502,柳井,35,山口県,female,879,1154,1368,1386,980,1081,1187,1547,1957,2393,2221,2196,2680,3141,4093,3472,2906,2554,1576,555,106,18403,186,39618
3503,周南,35,山口県,male,4401,4950,5465,5362,4654,5571,5887,6434,7480,9409,7511,6627,6930,8163,9253,7630,4821,2705,974,224,18,33788,3333,117802
3503,周南,35,山口県,female,4225,4734,5199,4801,3700,4545,5205,6081,7428,9227,7939,6996,7442,8798,11265,9263,6752,5205,2870,984,164,45301,2600,125423
3504,山口・防府,35,山口県,male,5937,6971,7011,7967,7038,6619,7658,8663,9993,11527,9243,8753,8803,9846,10967,7288,5247,3481,1375,253,33,38490,2630,147303
3504,山口・防府,35,山口県,female,5763,6365,6777,7653,7545,6411,7442,8618,9632,11181,9631,9127,9632,10502,12449,9671,7972,6797,3798,1274,256,52719,2146,160642
3505,宇部・小野田,35,山口県,male,4162,5104,5181,5549,6328,5044,5421,6369,7470,8679,7102,6776,7226,9045,10284,6948,4759,2925,1195,229,29,35414,1460,117285
3505,宇部・小野田,35,山口県,female,3918,4629,4982,5115,5015,4559,5263,6330,7537,8484,7714,7309,7893,9855,11679,8804,7486,6265,3478,1198,178,48943,1167,128858
3506,下関,35,山口県,male,4053,4951,5383,5484,5334,4811,5296,6367,7340,8707,7289,6981,7672,9200,10411,7135,5190,3484,1298,252,25,36995,2020,118683
3506,下関,35,山口県,female,3901,4745,5122,5256,5033,4723,5234,6531,7516,8816,8211,7984,8713,10386,12553,9963,8456,6871,3630,1234,238,53331,1252,136368
3507,長門,35,山口県,male,433,526,614,640,349,477,530,735,886,948,823,906,1168,1593,1626,1006,829,609,233,34,9,5939,66,15040
3507,長門,35,山口県,female,359,520,587,496,436,443,534,725,820,989,894,1009,1269,1677,1868,1447,1368,1154,642,194,29,8379,19,17479
3508,萩,35,山口県,male,527,716,879,837,564,637,766,1023,1310,1486,1288,1361,1757,2273,2407,1549,1246,845,317,54,11,8702,124,21977
3508,萩,35,山口県,female,513,699,838,790,593,585,751,994,1244,1451,1381,1553,1819,2441,2738,2209,2048,1671,971,314,40,12432,61,25704
3601,東部,36,徳島県,male,8576,9934,10113,10502,10321,9666,11309,13279,15387,17218,14654,14306,15304,17668,19460,12597,8859,5855,2286,413,47,67185,14662,242416
3601,東部,36,徳島県,female,8188,9310,9732,10443,10326,9589,11375,13542,15471,18280,15871,15913,16673,19447,21216,15598,13066,11283,6574,1950,314,89448,12459,266620
3603,南部,36,徳島県,male,2075,2436,2912,3131,2408,2724,2924,3563,4054,4642,3929,4142,4515,5517,6070,4103,3293,2178,865,179,16,22221,591,66267
3603,南部,36,徳島県,female,1906,2351,2720,2707,2098,2213,2656,3342,3874,4534,4053,4322,4799,5717,6636,5091,4557,3933,2262,796,114,29106,578,71259
3605,西部,36,徳島県,male,1006,1279,1307,1334,903,1132,1434,1790,2029,2016,2001,2210,3095,3698,3426,2021,1766,1352,564,115,10,12952,94,34582
3605,西部,36,徳島県,female,900,1121,1263,1225,822,988,1387,1687,1882,2166,2035,2369,3093,3476,3343,2568,2913,2733,1803,520,78,17434,43,38415
3702,小豆,37,香川県,male,369,423,467,441,314,441,466,613,737,825,753,810,971,1206,1407,909,693,491,239,51,5,5001,34,12665
3702,小豆,37,香川県,female,381,394,426,348,251,357,512,567,683,829,762,850,1042,1280,1433,1148,981,921,626,211,44,6644,5,14051
3706,東部,37,香川県,male,9421,11007,11647,12164,10286,10904,12378,14369,16952,20176,16542,14897,15050,16449,19335,12914,9165,5943,2437,478,54,66775,9892,252460
3706,東部,37,香川県,female,9089,10501,11139,11355,10182,10492,12246,14625,17157,20076,16788,15565,15885,17935,21663,15993,12839,10584,6056,1879,377,87326,7873,270299
3707,西部,37,香川県,male,7264,8634,9008,9646,8066,8901,10073,10928,13082,14599,11793,11153,12103,13901,16386,10564,7687,5245,2249,479,44,56555,2267,194072
3707,西部,37,香川県,female,6878,8040,8669,8581,7376,8052,9056,10526,12728,14315,11777,11639,13001,14785,17852,12938,11070,9720,5727,1790,350,74232,1827,206697
3801,宇摩,38,愛媛県,male,1290,1532,1724,1578,1459,1671,1861,2142,2479,2919,2446,2408,2604,3060,3252,2087,1607,1033,380,109,14,11542,2813,40468
3801,宇摩,38,愛媛県,female,1204,1434,1659,1373,1252,1538,1782,1941,2347,2729,2368,2571,2739,3238,3470,2645,2278,1872,1151,396,66,15116,2233,42286
3802,新居浜・西条,38,愛媛県,male,4024,4771,5079,4822,3943,4969,5541,6122,7175,8289,6732,6782,6490,7498,8532,5846,4163,2739,1171,212,36,30197,1683,106619
3802,新居浜・西条,38,愛媛県,female,3868,4507,4881,4226,3502,4286,4966,5944,6717,8017,6603,6844,7080,8289,9730,7355,6421,5335,3141,1059,201,41531,1138,114110
3803,今治,38,愛媛県,male,2422,3087,3361,3425,2654,3391,3875,4225,4723,5663,4629,4511,4687,5590,6971,4836,3447,2143,820,176,20,24003,564,75220
3803,今治,38,愛媛県,female,2395,2874,3223,3055,2474,2702,3271,3989,4582,5775,5026,4916,5170,6416,7871,6409,4947,3959,2380,791,154,32927,582,82961
3804,松山,38,愛媛県,male,11430,13719,14203,15203,13717,12881,14342,16903,19526,22813,18719,17804,18488,20157,21151,14642,10299,6470,2767,568,59,76113,13939,299800
3804,松山,38,愛媛県,female,11008,12912,13759,14369,14166,13627,15592,18245,21033,24189,20984,20656,21063,22799,25057,19114,15565,12793,7558,2293,403,105582,10757,337942
3805,八幡浜・大洲,38,愛媛県,male,1851,2395,2679,2518,1398,2029,2401,2984,3618,3982,3778,4328,4998,5634,6116,3988,3389,2437,1064,226,24,22878,531,62368
3805,八幡浜・大洲,38,愛媛県,female,1799,2230,2478,2297,1467,1773,2371,3003,3404,3997,3934,4273,4916,5906,6410,5183,5182,4480,2811,871,151,30994,365,69301
3806,宇和島,38,愛媛県,male,1403,1802,2033,1784,1204,1541,1784,2215,2890,3375,2980,3373,3758,4649,5222,3135,2469,1765,764,130,10,18144,301,48587
3806,宇和島,38,愛媛県,female,1224,1641,1863,1755,1098,1323,1680,2164,2762,3324,3236,3521,4182,5023,5702,4263,3959,3454,2080,658,113,25252,154,55179
3901,安芸,39,高知県,male,522,619,753,590,571,692,776,1016,1160,1300,1241,1516,1583,1944,2249,1602,1276,865,334,63,3,8336,163,20838
3901,安芸,39,高知県,female,477,642,693,565,447,562,688,855,986,1269,1195,1426,1605,2121,2559,2066,1840,1510,867,304,49,11316,102,22828
3902,中央,39,高知県,male,8880,10122,10957,12359,10790,9955,10927,13369,16167,18766,14884,15122,15443,16982,19634,13327,9396,6335,2746,592,57,69069,6491,243301
3902,中央,39,高知県,female,8540,9779,10343,11421,10221,9908,11451,13961,16399,19234,16526,16482,16766,19024,22356,17818,14416,12954,8017,2706,516,97807,4677,273515
3903,高幡,39,高知県,male,628,806,1003,1092,700,795,1007,1167,1310,1485,1403,1536,1839,2352,2427,1736,1355,1080,463,94,5,9512,136,24419
3903,高幡,39,高知県,female,627,842,887,898,516,598,880,1038,1175,1457,1335,1511,1905,2282,2568,2197,1986,1865,1209,449,81,12637,72,26378
3904,幡多,39,高知県,male,1129,1354,1499,1238,1011,1269,1412,1917,2421,2623,2200,2416,2879,3477,3968,2512,1925,1429,611,121,17,14060,545,37973
3904,幡多,39,高知県,female,1106,1269,1469,1236,762,1100,1373,1865,2172,2627,2210,2557,3071,3722,4329,3189,2910,2624,1646,531,99,19050,408,42275
4001,福岡・糸島,40,福岡県,male,36349,38323,37230,39478,49810,47012,48963,54472,58622,62727,52697,46139,42152,44165,44360,28592,19393,11847,4317,913,86,153673,40485,808132
4001,福岡・糸島,40,福岡県,female,34528,36318,35894,39455,53081,54417,54321,59321,63154,66992,57137,49757,45871,49302,52860,39127,31386,24003,13166,4226,765,214835,38056,903137
4002,粕屋,40,福岡県,male,7384,8476,8405,7242,6232,6484,8063,10009,11317,12277,9061,7379,7864,8758,9048,5966,3792,2059,767,109,14,30513,1262,141968
4002,粕屋,40,福岡県,female,7149,8057,8090,7149,6493,6883,8259,10120,11456,11558,8808,7837,8283,9560,10188,7303,5586,4195,2306,756,123,40017,729,150888
4003,宗像,40,福岡県,male,3970,4442,3983,3753,3285,3168,4404,5327,5349,5342,4183,4063,4715,5435,5688,4092,2719,1484,742,138,22,20320,1125,77429
4003,宗像,40,福岡県,female,3901,4099,3927,3706,3546,3477,4646,5362,5323,5610,4730,4755,5335,6075,6505,4798,3791,3124,1901,545,104,26843,1439,86699
4004,筑紫,40,福岡県,male,10247,11489,12083,11708,10196,9169,11021,13307,15472,17196,14098,12245,11904,12866,13328,8847,6019,3367,1247,233,24,45931,4146,210212
4004,筑紫,40,福岡県,female,9578,11049,11417,11613,10655,9870,11609,14127,16411,18245,15579,13518,12966,14198,15252,10869,8359,6084,3351,972,188,59273,3573,229483
4005,朝倉,40,福岡県,male,1550,1855,1825,1790,1512,1521,1784,2223,2574,2645,2226,2315,2693,3337,3313,2082,1443,973,395,80,8,11631,331,38475
4005,朝倉,40,福岡県,female,1492,1844,1817,1705,1618,1535,1809,2257,2478,2575,2416,2543,2898,3488,3634,2637,2412,2035,1272,447,74,15999,302,43288
4006,久留米,40,福岡県,male,8852,10140,10234,10507,10190,9140,10136,11948,13517,14708,12989,12260,12737,14699,14711,10122,7343,4470,1675,316,39,53375,14169,214902
4006,久留米,40,福岡県,female,8605,9647,9778,10227,10222,9753,10557,12432,14016,15443,14179,13733,14080,15949,17193,13425,11309,8919,4832,1628,309,73564,11848,238084
4007,八女・筑後,40,福岡県,male,2511,2957,3091,2937,2569,2606,3054,3625,3850,4145,3817,3783,4321,4797,4692,3200,2452,1653,617,138,10,17559,615,61440
4007,八女・筑後,40,福岡県,female,2508,2827,2904,2968,2576,2677,3065,3478,3941,4047,4149,4012,4489,4963,5151,4048,3863,3235,1828,617,104,23809,514,67964
4008,有明,40,福岡県,male,3541,4192,4452,4722,3853,3857,4382,5222,5723,6415,5942,6261,7202,8339,8845,5768,4525,2775,1109,244,25,31630,980,98374
4008,有明,40,福岡県,female,3420,3916,4297,4775,4043,3819,4366,5139,5973,6602,6425,6964,7566,9192,9968,7705,7189,6091,3486,1162,196,44989,949,113243
4009,飯塚,40,福岡県,male,3372,3811,3980,4237,4535,3556,4169,4784,5419,5511,4366,4502,5287,6867,7018,4079,3053,1965,778,152,25,23937,1126,82592
4009,飯塚,40,福岡県,female,3176,3733,3654,3754,3597,3529,4005,4765,5336,5591,4811,4887,5986,7701,8036,5885,5191,4293,2470,903,174,34653,646,92123
4010,直方・鞍手,40,福岡県,male,1935,2298,2360,2305,2071,2211,2470,2784,3118,3398,2765,2762,3232,4053,4378,2884,2101,1302,526,103,17,15364,189,49262
4010,直方・鞍手,40,福岡県,female,1820,2101,2221,2072,1895,1945,2382,2804,3024,3268,2893,3069,3582,4613,4907,3889,3522,2924,1694,580,92,22221,182,55479
4011,田川,40,福岡県,male,2017,2529,2759,2634,2057,2004,2338,2957,3192,3519,2948,2931,3778,5037,5224,3236,2427,1587,569,110,15,18205,355,54223
4011,田川,40,福岡県,female,2000,2490,2603,2665,2270,1988,2343,2946,3271,3712,3299,3308,4319,5543,6015,4477,4169,3384,1874,618,98,26178,343,63735
4012,北九州,40,福岡県,male,19244,22011,22786,24480,24443,22684,24125,27693,31610,36277,31188,29038,30227,34776,37670,27618,19738,11754,4541,780,71,136948,22455,505209
4012,北九州,40,福岡県,female,18825,20688,22048,22957,22881,22465,23940,28560,32511,38182,34285,32810,32755,39283,45923,37156,30621,24272,12771,4011,772,194809,17855,565571
4013,京築,40,福岡県,male,3575,4135,4130,4147,4312,4246,4545,5256,5594,6536,5283,4926,5465,6559,6981,4899,3516,2026,741,137,14,24873,1710,88733
4013,京築,40,福岡県,female,3339,3942,3954,3953,3322,3508,4224,4777,5448,6260,5455,5313,5925,7063,7919,6304,5310,4159,2354,766,118,33993,1156,94569
4101,中部,41,佐賀県,male,6855,7823,8129,8581,7718,7338,8007,9519,10345,11001,9893,9828,10397,11772,11088,7258,5622,3593,1466,292,32,41123,5835,162392
4101,中部,41,佐賀県,female,6537,7444,7874,8348,7918,7401,8418,9817,10668,11567,10840,10900,11326,12768,12529,10041,8437,7229,4194,1316,249,56763,4680,180501
4102,東部,41,佐賀県,male,2865,3150,3315,3185,2776,2759,3148,3688,4383,4549,3721,3376,3621,4064,4200,2869,1972,1191,474,71,16,14857,934,60327
4102,東部,41,佐賀県,female,2668,2935,3167,3197,3102,2882,3326,3856,4358,4669,3915,3604,3861,4553,4575,3548,2957,2264,1334,394,64,19689,687,65916
4103,北部,41,佐賀県,male,2475,2868,3249,3296,2105,2390,2710,3216,3715,3959,3170,3613,4152,4832,4653,2750,2251,1539,623,132,16,16796,368,58082
4103,北部,41,佐賀県,female,2307,2729,2998,2906,2208,2278,2785,3305,3729,3957,3598,3985,4598,5221,5055,3807,3648,3119,1797,595,99,23341,176,64900
4104,西部,41,佐賀県,male,1437,1733,1784,1668,1309,1425,1603,2073,2206,2265,1944,2181,2493,2942,2692,1620,1332,877,349,83,5,9900,204,34225
4104,西部,41,佐賀県,female,1327,1675,1770,1504,1066,1261,1621,2013,2208,2144,2084,2219,2673,3051,2938,2285,2134,1796,1100,364,68,13736,113,37414
4105,南部,41,佐賀県,male,2879,3340,3653,3188,2458,2943,3275,3866,4280,4333,4173,4676,5143,6136,5513,3476,2769,1979,862,170,15,20920,298,69425
4105,南部,41,佐賀県,female,2752,3194,3309,3283,2783,2841,3361,4016,4296,4444,4456,4829,5494,6268,5966,4609,4538,3952,2537,919,147,28936,266,78260
4201,長崎,42,長崎県,male,9278,10527,11108,11568,10118,9885,11337,12556,14107,16625,14779,15451,16325,19094,18527,11841,9232,5795,2269,465,36,67259,4028,234951
4201,長崎,42,長崎県,female,8803,9913,10442,11320,10793,10391,11867,13643,15279,18285,17031,17523,18226,21119,21563,16192,14544,11716,6708,2261,388,94491,2554,270561
4202,佐世保県北,42,長崎県,male,6141,6954,7160,7099,6215,6335,7287,8429,9060,9788,8743,8782,9855,11809,11686,7253,5764,3820,1465,298,21,42116,1807,145771
4202,佐世保県北,42,長崎県,female,5786,6786,6958,6548,5635,5852,6957,8286,9200,10085,9583,9502,10470,12635,13195,10332,9147,7610,4297,1493,264,58973,1379,162000
4203,県央,42,長崎県,male,5858,6578,6927,6784,4682,5508,6440,7327,8190,9053,8031,7957,8663,9496,8900,5758,4512,2905,1070,220,17,32878,855,125731
4203,県央,42,長崎県,female,5507,6175,6387,6335,4952,5582,6756,7698,8714,9478,8707,8776,9240,10171,10015,7604,6629,5316,3070,1072,179,44056,544,138907
4204,県南,42,長崎県,male,2217,2670,2805,2465,1557,1954,2345,3066,3392,3668,3642,4330,5036,5435,5102,3314,2925,2045,850,148,18,19837,149,59133
4204,県南,42,長崎県,female,2133,2619,2667,2223,1698,1994,2546,3163,3383,3766,4076,4463,5333,5776,5506,4437,4501,3936,2384,800,132,27472,95,67631
4206,五島,42,長崎県,male,497,593,710,553,341,501,582,734,873,966,1005,1230,1529,1725,1489,947,884,617,244,52,3,5961,66,16141
4206,五島,42,長崎県,female,548,627,636,545,281,462,581,823,805,973,1039,1267,1587,1716,1590,1270,1386,1127,715,200,37,8041,35,18250
4207,上五島,42,長崎県,male,246,307,350,290,155,236,284,376,501,583,639,740,931,1106,894,585,559,359,122,23,1,3649,1,9288
4207,上五島,42,長崎県,female,254,287,325,305,115,211,310,397,439,545,634,743,945,984,990,829,891,719,423,139,16,4991,2,10503
4208,壱岐,42,長崎県,male,450,580,631,500,268,359,476,622,769,773,688,758,941,1024,1077,670,602,434,172,33,1,4013,9,11837
4208,壱岐,42,長崎県,female,418,542,592,484,234,336,430,594,748,711,661,799,911,1099,1170,922,888,807,535,175,31,5627,24,13111
4209,対馬,42,長崎県,male,529,599,623,443,361,466,653,753,879,955,881,960,1197,1368,1236,771,713,456,148,38,6,4736,25,14060
4209,対馬,42,長崎県,female,453,535,572,466,262,356,496,712,747,740,751,876,1212,1382,1388,1079,1032,836,381,136,19,6253,11,14442
4302,宇城,43,熊本県,male,1876,2284,2397,2250,1832,1917,2248,2648,3015,3069,2836,3195,3566,3966,3944,2683,2169,1570,634,130,18,15114,377,48624
4302,宇城,43,熊本県,female,1781,2134,2358,2154,1903,1940,2302,2697,3007,3147,3014,3435,3710,4204,4068,3287,3250,2771,1806,610,110,20106,234,53922
4303,有明,43,熊本県,male,2878,3313,3499,3408,2808,3033,3471,4319,4518,4511,4034,4269,5172,6496,6283,4117,3407,2204,856,190,22,23575,248,73056
4303,有明,43,熊本県,female,2696,3226,3179,3561,2874,2656,3357,4058,4284,4588,4270,4762,5589,6742,6673,5297,5066,4163,2482,862,186,31471,235,80806
4304,鹿本,43,熊本県,male,905,1019,1087,1040,694,846,1048,1280,1335,1359,1317,1369,1748,2105,2027,1324,1159,797,373,85,5,7875,78,23000
4304,鹿本,43,熊本県,female,828,1015,1013,967,728,893,1050,1233,1280,1375,1457,1549,1848,2189,2223,1751,1655,1549,914,363,82,10726,63,26025
4305,菊池,43,熊本県,male,4908,5542,5447,4949,3765,4367,5406,6255,6659,6430,4973,5107,5342,5889,5656,3528,2767,1831,767,156,13,20607,690,90447
4305,菊池,43,熊本県,female,4638,5284,5195,4458,3763,4196,5450,6237,6631,6345,5287,5447,5795,6278,6181,4335,3959,3296,1932,708,146,26835,704,96265
4306,阿蘇,43,熊本県,male,951,1196,1283,1021,793,1057,1167,1369,1583,1625,1489,1872,2343,2775,2681,1635,1436,1058,534,97,10,10226,111,28086
4306,阿蘇,43,熊本県,female,966,1064,1126,946,806,905,1133,1317,1455,1505,1659,1915,2312,2809,2695,2049,2191,1972,1201,453,63,13433,75,30617
4308,八代,43,熊本県,male,2357,2809,2940,3196,2148,2415,2796,3330,3688,4065,3835,4131,4524,5153,5111,3515,2763,1958,791,124,12,19427,720,62381
4308,八代,43,熊本県,female,2268,2716,2795,3014,2519,2695,3116,3515,3852,4231,4065,4383,4849,5570,5674,4744,4423,3751,2094,653,93,27002,760,71780
4309,芦北,43,熊本県,male,685,860,929,750,494,643,834,992,1031,1173,1206,1296,1637,2040,1889,1373,1223,787,314,62,11,7699,47,20276
4309,芦北,43,熊本県,female,605,796,877,727,479,617,768,982,1008,1143,1228,1422,1803,2142,2080,1828,1771,1539,957,362,61,10740,21,23216
4310,球磨,43,熊本県,male,1351,1808,1980,1672,893,1121,1582,1915,2128,2274,2184,2570,2987,3580,3451,2149,1866,1384,597,121,14,13162,359,37986
4310,球磨,43,熊本県,female,1404,1713,1866,1453,884,1220,1592,1937,2224,2266,2336,2731,3238,3770,3720,2903,3045,2635,1659,545,100,18377,253,43494
4311,天草,43,熊本県,male,1670,2098,2253,1812,1117,1545,1793,2339,2764,2926,2987,3550,4448,5069,4820,3244,2775,1901,804,145,19,18777,231,50310
4311,天草,43,熊本県,female,1575,1906,2210,1723,1131,1495,1814,2310,2676,2911,3186,3713,4593,5209,5023,4157,4087,3856,2363,794,137,25626,281,57150
4312,熊本・上益城,43,熊本県,male,17643,19461,19410,20728,20205,18459,20469,23426,25921,27669,23666,23428,24160,25661,25023,16491,12652,8576,3530,711,81,92725,10945,388315
4312,熊本・上益城,43,熊本県,female,17056,18299,18938,19542,19991,19743,21620,24895,27314,29733,26815,26397,26400,28117,29092,22198,19335,15721,9002,3044,526,127035,8767,432545
4401,東部,44,大分県,male,3137,3662,4000,4418,4022,3517,3984,4682,5594,6099,5375,5402,6055,6956,7661,5619,4177,2924,1230,250,27,28844,3582,92373
4401,東部,44,大分県,female,2982,3456,3807,4291,4265,3522,4041,4788,5697,6421,5969,6077,6596,7687,9294,7655,6559,5580,3240,1123,175,41313,3402,106627
4403,中部,44,大分県,male,11100,12599,13169,13404,12207,12180,13845,15903,18753,20178,16218,15432,16481,18606,19821,13405,9263,5883,2355,464,34,69831,7312,268612
4403,中部,44,大分県,female,10718,12067,12613,12303,11371,12003,13823,16341,18793,20755,17696,17219,18523,20894,22433,16738,13378,10775,6198,1976,327,92719,5088,292032
4405,南部,44,大分県,male,975,1262,1284,1214,749,1061,1280,1555,1846,2057,1699,1976,2327,2872,2944,2087,1667,1088,474,94,16,11242,358,30885
4405,南部,44,大分県,female,956,1178,1304,1161,805,886,1211,1511,1888,2046,1965,2162,2585,3128,3443,2848,2646,2237,1323,407,74,16106,202,35966
4406,豊肥,44,大分県,male,688,920,1055,1034,650,770,864,1169,1343,1404,1233,1482,2012,2523,2656,1670,1594,1298,591,112,13,10457,124,25205
4406,豊肥,44,大分県,female,667,838,1006,942,683,716,893,1115,1275,1396,1278,1601,2085,2500,2718,2273,2385,2275,1509,489,97,14246,81,28822
4408,西部,44,大分県,male,1490,1761,2010,1727,1194,1568,1714,2103,2525,2604,2559,2734,3117,3606,3517,2339,1877,1360,573,110,9,13391,155,40652
4408,西部,44,大分県,female,1458,1644,1908,1605,1131,1387,1672,2092,2459,2640,2506,2780,3150,3771,3935,3102,2927,2541,1508,509,79,18372,128,44932
4409,北部,44,大分県,male,3004,3411,3576,3500,2947,3394,3958,4512,4858,5111,4537,4399,5044,5961,5958,4048,3057,2020,841,169,22,22076,1360,75687
4409,北部,44,大分県,female,2816,3299,3452,3107,2748,3000,3618,4115,4513,5001,4534,4692,5500,6213,6703,5339,4858,4192,2396,770,124,30595,1069,82059
4501,宮崎東諸県,45,宮崎県,male,8686,9907,10326,9977,8566,8512,9894,11520,13679,14753,12307,12271,12775,14120,14136,9437,6802,4483,1775,303,43,51099,6946,201218
4501,宮崎東諸県,45,宮崎県,female,8416,9623,9921,9832,8834,8970,10689,12702,14346,15957,13924,13650,14279,15721,16697,11936,9966,8152,4614,1575,266,68927,5383,225453
4502,都城北諸県,45,宮崎県,male,4072,4702,4836,4438,3160,3671,4353,5218,5734,5733,4766,5230,6244,6750,6610,4195,3446,2267,889,145,25,24327,756,87240
4502,都城北諸県,45,宮崎県,female,3901,4444,4634,4236,3410,3856,4680,5622,5833,6015,5367,5875,6733,7514,7262,5439,5196,4534,2645,831,165,33586,799,98991
4503,延岡西臼杵,45,宮崎県,male,2428,2925,3212,3077,2326,2689,2861,3422,3891,4312,3714,4185,4678,5451,5508,3509,2935,2077,821,145,17,20463,963,65146
4503,延岡西臼杵,45,宮崎県,female,2391,2709,2976,2780,2066,2169,2855,3459,3882,4314,3851,4451,5101,5954,6090,4676,4596,3926,2313,719,140,28414,579,71997
4504,日南串間,45,宮崎県,male,1173,1361,1499,1329,892,1141,1257,1685,1807,1802,1741,2007,2659,3038,2828,1956,1653,1233,488,87,10,11293,160,31806
4504,日南串間,45,宮崎県,female,1073,1382,1420,1201,806,1046,1309,1719,1815,1830,1698,2233,2760,3076,3091,2549,2568,2382,1339,416,79,15500,72,35864
4505,西諸,45,宮崎県,male,1206,1493,1536,1468,886,1116,1343,1722,1885,1863,1771,2099,2583,3253,2868,1946,1657,1306,515,101,7,11653,169,32793
4505,西諸,45,宮崎県,female,1157,1398,1475,1258,965,1114,1372,1734,1994,1846,1877,2309,2899,3196,3173,2508,2593,2288,1356,440,101,15655,101,37154
4506,西都児湯,45,宮崎県,male,1749,2116,2367,2265,1669,1710,1995,2428,2873,2944,2533,2735,3305,3903,3937,2618,2092,1402,561,126,12,14651,242,45582
4506,西都児湯,45,宮崎県,female,1674,2079,2217,2112,1640,1611,2018,2459,2838,3036,2704,2994,3470,4202,4468,3280,2937,2459,1513,501,95,19455,202,50509
4507,日向入郷,45,宮崎県,male,1672,2015,2114,1761,1376,1660,1786,2212,2634,2751,2475,2613,2927,3496,3297,2206,1804,1242,496,104,9,12654,328,40978
4507,日向入郷,45,宮崎県,female,1587,1899,2002,1613,1235,1486,1792,2217,2690,2751,2545,2639,3218,3588,3832,2880,2621,2154,1328,392,71,16866,305,44845
4601,鹿児島,46,鹿児島県,male,13147,14897,15961,15940,12735,11935,14060,17137,19288,20593,17895,18192,20520,22728,21416,14352,10403,6665,2675,567,72,78878,20464,311642
4601,鹿児島,46,鹿児島県,female,12368,14058,14786,15938,14475,14313,16450,19704,22003,22925,21261,21581,23119,25079,24123,18150,15571,13231,7773,2666,442,107035,17258,357274
4603,南薩,46,鹿児島県,male,2077,2484,2625,2353,1414,1790,2410,2907,3140,3083,3225,3745,4947,6191,5356,3502,3095,2104,872,165,16,21301,338,57839
4603,南薩,46,鹿児島県,female,1956,2345,2438,2731,1888,2033,2482,3022,3240,3299,3449,4122,5242,5917,5696,4590,4569,4170,2617,846,160,28565,360,67172
4605,川薩,46,鹿児島県,male,2263,2634,2756,2572,2016,2316,2571,3008,3197,3406,3098,3603,3833,4627,4204,2694,2213,1644,684,162,25,16253,483,54009
4605,川薩,46,鹿児島県,female,2192,2534,2570,2274,1802,2090,2584,3083,3126,3316,3260,3529,4058,4606,4277,3411,3408,3140,2178,727,144,21891,328,58637
4606,出水,46,鹿児島県,male,1522,1892,1858,1666,1028,1448,1693,2018,2171,2322,2245,2525,2920,3311,3189,2083,1863,1270,487,97,11,12311,388,38007
4606,出水,46,鹿児島県,female,1458,1717,1726,1809,1164,1411,1805,2132,2250,2392,2391,2628,3066,3545,3321,2691,2758,2401,1430,436,74,16656,357,42962
4607,姶良・伊佐,46,鹿児島県,male,4858,5764,5815,5668,4061,4529,5498,6421,6938,7211,6458,6933,7884,8739,8324,5339,4239,2884,1248,230,21,31024,1392,110454
4607,姶良・伊佐,46,鹿児島県,female,4786,5454,5482,5135,4196,4703,5830,6728,7276,7624,7057,7619,8392,9143,8709,6609,6378,5464,3305,1180,231,41019,1300,122601
4609,曽於,46,鹿児島県,male,1299,1668,1695,1247,951,1191,1476,1878,1889,1836,1954,2404,3079,3621,3133,1917,2010,1390,505,84,14,12674,181,35422
4609,曽於,46,鹿児島県,female,1279,1556,1590,1253,1082,1197,1584,1940,1864,1894,1994,2517,3250,3495,3210,2499,2982,2442,1353,450,74,16505,97,39602
4610,肝属,46,鹿児島県,male,3053,3555,3788,3151,2395,2749,3269,3980,4142,4198,3805,4562,5595,6012,5519,3502,3193,2472,958,151,16,21823,987,71052
4610,肝属,46,鹿児島県,female,2983,3414,3425,2746,2264,2799,3456,4076,4260,4283,4277,4879,5645,5988,5688,4440,4907,4245,2410,790,138,28606,639,77752
4611,熊毛,46,鹿児島県,male,731,933,925,598,436,605,748,1004,1149,1218,1236,1438,1678,1920,1597,1028,907,658,246,43,5,6404,21,19124
4611,熊毛,46,鹿児島県,female,729,895,890,581,357,527,736,1002,1104,1175,1150,1257,1580,1803,1655,1367,1514,1198,650,210,42,8439,4,20426
4612,奄美,46,鹿児島県,male,2167,2665,2610,1849,1068,1627,2256,2906,3082,3283,3016,3659,4518,5055,3795,2502,2113,1591,704,175,12,15947,104,50757
4612,奄美,46,鹿児島県,female,2055,2563,2490,1666,906,1517,2181,3004,3076,2951,2880,3368,4218,4692,3853,3069,3015,2931,2060,769,171,20560,89,53524
4701,北部,47,沖縄県,male,2510,2773,2793,2897,2169,2187,2623,2964,3126,3203,2678,3144,3862,4238,3187,1895,1643,1039,501,113,23,12639,1081,50649
4701,北部,47,沖縄県,female,2524,2680,2548,2522,2285,2165,2635,3043,3052,2934,2584,2922,3505,3594,2804,1952,1928,1679,1232,499,148,13836,867,50102
4702,中部,47,沖縄県,male,14310,15078,15030,14804,13957,13730,14569,15904,17146,18968,16175,15136,15120,15881,12372,7924,6966,4184,1492,261,50,49130,6071,255128
4702,中部,47,沖縄県,female,13586,14621,14653,13944,13065,13770,14863,16308,17604,19090,16545,15093,15151,15757,12884,9267,9600,7175,3925,1346,358,60312,5009,263614
4703,南部,47,沖縄県,male,19865,21366,21187,20107,18155,18994,21243,23385,24605,27322,23617,21940,21733,23030,18324,11791,10382,6106,2114,415,61,72223,7280,363022
4703,南部,47,沖縄県,female,18783,20757,20459,19383,17341,18607,21602,24085,24753,27000,23789,22229,22230,23802,19459,14372,14333,10398,5748,1857,450,90419,6284,377721
4704,宮古,47,沖縄県,male,1410,1560,1460,1065,733,1136,1486,1795,1811,1791,1607,1888,2265,2169,1514,1050,816,689,283,48,8,6577,472,27056
4704,宮古,47,沖縄県,female,1339,1445,1338,1025,733,1090,1368,1710,1696,1560,1430,1767,2142,2157,1502,1072,1124,1046,657,227,40,7825,465,26933
4705,八重山,47,沖縄県,male,1549,1558,1561,1057,840,1326,1623,1901,2007,1943,1779,1764,1981,1981,1414,783,667,419,201,33,5,5503,565,26957
4705,八重山,47,沖縄県,female,1458,1579,1466,989,851,1278,1577,2007,1929,1823,1513,1531,1775,1762,1318,846,914,730,465,171,38,6244,278,26298
