area_code,area_name,pref_code,pref_name,population_2020,source,retrieved_on,pop_0_4,pop_5_9,pop_10_14,pop_15_19,pop_20_24,pop_25_29,pop_30_34,pop_35_39,pop_40_44,pop_45_49,pop_50_54,pop_55_59,pop_60_64,pop_65_69,pop_70_74,pop_75_79,pop_80_84,pop_85_89,pop_90_94,pop_95_99,pop_100plus,pop_65plus,pop_age_unknown,pop_total_census
0101,南渡島,01,北海道,359223,https://www.mhlw.go.jp/stf/seisakunitsuite/bunya/0000080850_00014.html,2026-08-04,9753,11883,13483,14418,12790,13195,14564,17865,21704,26360,23919,23440,24339,29960,32486,23917,19188,13737,6657,1815,271,128031,3479,359223
0102,南檜山,01,北海道,21139,https://www.mhlw.go.jp/stf/seisakunitsuite/bunya/0000080850_00014.html,2026-08-04,448,638,677,791,644,643,763,889,1160,1382,1308,1415,1532,1943,2047,1625,1446,1086,481,155,20,8803,46,21139
0103,北渡島檜山,01,北海道,33405,https://www.mhlw.go.jp/stf/seisakunitsuite/bunya/0000080850_00014.html,2026-08-04,861,1047,1153,971,889,1201,1291,1629,1964,2267,2004,2246,2387,3062,3019,2296,1992,1587,879,305,53,13193,302,33405
0104,札幌,01,北海道,2396732,https://www.mhlw.go.jp/stf/seisakunitsuite/bunya/0000080850_00014.html,2026-08-04,79743,90434,94996,107629,119154,115957,127122,143721,164206,187112,164892,155092,147232,166086,174141,121974,92887,66976,33385,9010,1406,665865,33577,2396732
0105,後志,01,北海道,198888,https://www.mhlw.go.jp/stf/seisakunitsuite/bunya/0000080850_00014.html,2026-08-04,5056,6210,7005,7452,6745,6821,7435,9201,11477,13844,12907,13001,13137,16809,18893,14310,11896,8612,4457,1271,173,76421,2176,198888
0106,南空知,01,北海道,152486,https://www.mhlw.go.jp/stf/seisakunitsuite/bunya/0000080850_00014.html,2026-08-04,3746,4755,5364,6123,5027,4931,5816,6735,8364,10409,9501,10527,11039,13135,14199,10935,9595,7249,3497,969,170,59749,400,152486
0107,中空知,01,北海道,99784,https://www.mhlw.go.jp/stf/seisakunitsuite/bunya/0000080850_00014.html,2026-08-04,2443,2896,3341,3736,3083,3244,3659,4328,5422,6533,6056,6571,6661,8666,9566,7657,6835,4789,2229,701,137,40580,1231,99784
0108,北空知,01,北海道,29694,https://www.mhlw.go.jp/stf/seisakunitsuite/bunya/0000080850_00014.html,2026-08-04,705,877,917,1144,948,850,951,1224,1564,1737,1845,1928,2110,2515,2930,2450,2123,1672,837,248,38,12813,81,29694
0109,西胆振,01,北海道,176606,https://www.mhlw.go.jp/stf/seisakunitsuite/bunya/0000080850_00014.html,2026-08-04,4930,5778,6510,7499,7442,6667,6937,8280,10105,12545,10810,10537,10752,14220,16546,13355,10757,7206,3392,993,177,66646,1168,176606
0110,東胆振,01,北海道,205748,https://www.mhlw.go.jp/stf/seisakunitsuite/bunya/0000080850_00014.html,2026-08-04,6861,8058,8639,9083,7435,8680,9939,11473,13681,15546,12864,12683,12992,16424,16904,12022,9400,6167,3078,790,112,64897,2917,205748
0111,日高,01,北海道,63372,https://www.mhlw.go.jp/stf/seisakunitsuite/bunya/0000080850_00014.html,2026-08-04,1948,2419,2617,2237,1913,2426,2778,3543,4054,4441,4032,4250,4264,5321,5341,4011,3441,2545,1254,373,56,22342,108,63372
0112,上川中部,01,北海道,381296,https://www.mhlw.go.jp/stf/seisakunitsuite/bunya/0000080850_00014.html,2026-08-04,11700,13880,15078,15947,13292,14341,16372,19942,24134,27593,24518,23947,24837,29829,33038,24886,20067,14371,7045,1998,321,131555,4160,381296
0113,上川北部,01,北海道,60763,https://www.mhlw.go.jp/stf/seisakunitsuite/bunya/0000080850_00014.html,2026-08-04,1819,2054,2253,2555,2229,2199,2563,3070,3609,3947,3677,3866,4032,4768,5157,4137,3826,2662,1407,425,82,22464,426,60763
0114,富良野,01,北海道,39894,https://www.mhlw.go.jp/stf/seisakunitsuite/bunya/0000080850_00014.html,2026-08-04,1271,1493,1586,1585,1556,1630,1834,2060,2545,2749,2665,2622,2615,2943,3193,2391,2262,1599,734,215,34,13371,312,39894
0115,留萌,01,北海道,43050,https://www.mhlw.go.jp/stf/seisakunitsuite/bunya/0000080850_00014.html,2026-08-04,1094,1332,1415,1413,1304,1466,1634,1957,2306,2771,2711,2842,2872,3734,3889,3229,2806,1981,933,299,53,16924,1009,43050
0116,宗谷,01,北海道,62140,https://www.mhlw.go.jp/stf/seisakunitsuite/bunya/0000080850_00014.html,2026-08-04,1883,2188,2399,2167,2128,2620,2795,3385,4040,4508,4067,4307,4401,5209,5141,3785,3213,2241,1074,271,48,20982,270,62140
0117,北網,01,北海道,208460,https://www.mhlw.go.jp/stf/seisakunitsuite/bunya/0000080850_00014.html,2026-08-04,6310,7609,8041,8271,8186,7945,9024,10759,13011,14866,12958,14037,13994,16612,17792,12788,11008,7959,3978,1131,197,71465,1984,208460
0118,遠紋,01,北海道,64902,https://www.mhlw.go.jp/stf/seisakunitsuite/bunya/0000080850_00014.html,2026-08-04,1857,2191,2345,2153,2068,2631,2885,3294,3669,4161,4008,4426,4469,5271,5722,4383,3968,2908,1408,459,64,24183,562,64902
0119,十勝,01,北海道,332648,https://www.mhlw.go.jp/stf/seisakunitsuite/bunya/0000080850_00014.html,2026-08-04,11188,13305,14255,13780,12582,14674,15876,18370,21295,24309,21618,22132,21459,24762,25587,19225,16305,11859,5870,1697,286,105591,2214,332648
0120,釧路,01,北海道,222613,https://www.mhlw.go.jp/stf/seisakunitsuite/bunya/0000080850_00014.html,2026-08-04,6374,7557,8717,9433,8482,8793,9655,11351,13599,15920,14402,14856,15411,18946,19004,14023,11595,7949,3624,1014,147,76302,1761,222613
0121,根室,01,北海道,71771,https://www.mhlw.go.jp/stf/seisakunitsuite/bunya/0000080850_00014.html,2026-08-04,2383,2879,3157,2842,2512,3216,3570,4078,4640,5162,4790,4974,4845,5660,5280,4047,3308,2213,1013,278,47,21846,877,71771
0201,津軽地域,02,青森県,275508,https://www.mhlw.go.jp/stf/seisakunitsuite/bunya/0000080850_00014.html,2026-08-04,8492,9539,10384,12305,11942,10539,11998,14591,16914,18306,17544,18984,19701,21808,22548,16358,14330,10751,5051,1179,147,92172,2097,275508
0202,八戸地域,02,青森県,310282,https://www.mhlw.go.jp/stf/seisakunitsuite/bunya/0000080850_00014.html,2026-08-04,10133,11750,12739,13410,10312,12235,13920,16510,19178,22288,21587,21216,21956,25131,25121,18472,14837,10829,4765,1199,167,100521,2527,310282
0203,青森地域,02,青森県,295593,https://www.mhlw.go.jp/stf/seisakunitsuite/bunya/0000080850_00014.html,2026-08-04,8262,9941,11380,12481,9810,10274,12201,15135,18448,20813,19449,20022,21056,22832,24319,17173,13896,10152,4465,1090,141,94068,12253,295593
0204,西北五地域,02,青森県,120470,https://www.mhlw.go.jp/stf/seisakunitsuite/bunya/0000080850_00014.html,2026-08-04,3083,3658,4215,4541,3212,3741,4586,5702,6646,7464,7813,8742,9638,10831,10606,8179,7861,6062,2742,611,97,46989,440,120470
0205,上十三地域,02,青森県,167931,https://www.mhlw.go.jp/stf/seisakunitsuite/bunya/0000080850_00014.html,2026-08-04,5390,6208,6841,6815,6552,6723,7518,9362,10342,11685,10750,10721,11952,13944,13516,9506,8235,6390,2992,799,119,55501,1571,167931
0206,下北地域,02,青森県,68200,https://www.mhlw.go.jp/stf/seisakunitsuite/bunya/0000080850_00014.html,2026-08-04,1974,2424,2699,2538,2026,2616,2916,3549,4272,4770,4402,4525,4923,6153,5796,4183,3565,2526,1067,359,43,23692,874,68200
0301,盛岡,03,岩手県,463186,https://www.mhlw.go.jp/stf/seisakunitsuite/bunya/0000080850_00014.html,2026-08-04,15592,18390,19851,22448,20428,19546,22080,26150,30036,33166,29766,30264,31239,33529,33317,24021,19901,15120,7235,1893,275,135291,8939,463186
0302,岩手中部,03,岩手県,216738,https://www.mhlw.go.jp/stf/seisakunitsuite/bunya/0000080850_00014.html,2026-08-04,6911,8295,9305,9478,7660,8527,9977,12231,14292,15218,13644,13576,14552,16414,16188,12490,11172,8499,4292,1156,160,70371,2701,216738
0303,胆江,03,岩手県,128472,https://www.mhlw.go.jp/stf/seisakunitsuite/bunya/0000080850_00014.html,2026-08-04,4027,4906,5400,5479,3954,4841,5826,6975,8087,8487,7468,8251,9241,10361,10115,7439,7384,5775,2834,750,104,44762,768,128472
0304,両磐,03,岩手県,119184,https://www.mhlw.go.jp/stf/seisakunitsuite/bunya/0000080850_00014.html,2026-08-04,3214,4168,4972,5245,3430,3949,4658,6030,7110,7487,6980,7984,9099,10634,9843,7219,6907,5607,2974,854,127,44165,693,119184
0305,気仙,03,岩手県,58035,https://www.mhlw.go.jp/stf/seisakunitsuite/bunya/0000080850_00014.html,2026-08-04,1565,1797,2030,1942,1526,2124,2255,2585,3180,3747,3797,4186,4206,4957,4934,4296,3722,2862,1467,401,59,22698,397,58035
0306,釜石,03,岩手県,43082,https://www.mhlw.go.jp/stf/seisakunitsuite/bunya/0000080850_00014.html,2026-08-04,1153,1437,1488,1371,1324,1584,1667,1970,2331,2688,2856,2943,3041,3827,3764,3273,2853,2074,907,248,31,16977,252,43082
0307,宮古,03,岩手県,76474,https://www.mhlw.go.jp/stf/seisakunitsuite/bunya/0000080850_00014.html,2026-08-04,2156,2465,2811,2710,2175,2650,2984,3566,4047,4896,4938,5150,5619,6630,7007,5642,4953,3501,1676,468,69,29946,361,76474
0308,久慈,03,岩手県,54557,https://www.mhlw.go.jp/stf/seisakunitsuite/bunya/0000080850_00014.html,2026-08-04,1488,1992,2230,1957,1500,1889,2186,2655,3056,3461,3572,3822,4236,4785,4495,3420,3207,2398,1185,315,55,19860,653,54557
0309,二戸,03,岩手県,50806,https://www.mhlw.go.jp/stf/seisakunitsuite/bunya/0000080850_00014.html,2026-08-04,1238,1641,1925,1823,1295,1635,1882,2247,2755,2988,3349,3483,4108,4918,4364,3467,3296,2579,1292,326,47,20289,148,50806
0401,仙南,04,宮城県,166529,https://www.mhlw.go.jp/stf/seisakunitsuite/bunya/0000080850_00014.html,2026-08-04,4736,5964,7041,7800,7143,6158,7545,9322,10248,10896,9552,10156,12220,14362,13816,9512,7998,6163,3467,994,140,56452,1296,166529
0403,仙台,04,宮城県,1540389,https://www.mhlw.go.jp/stf/seisakunitsuite/bunya/0000080850_00014.html,2026-08-04,56992,64338,66058,75796,83840,77983,86881,97861,108696,119660,102155,92291,88530,95821,96229,70197,53632,37594,18131,4897,739,377240,42068,1540389
0406,大崎・栗原,04,宮城県,259990,https://www.mhlw.go.jp/stf/seisakunitsuite/bunya/0000080850_00014.html,2026-08-04,7729,9795,10972,11353,8907,9681,11857,14987,16674,16523,14336,16496,19652,23325,20715,13802,13427,11166,5719,1414,197,89765,1263,259990
0409,石巻・登米・気仙沼,04,宮城県,335088,https://www.mhlw.go.jp/stf/seisakunitsuite/bunya/0000080850_00014.html,2026-08-04,9697,11969,13137,14188,12456,12857,14662,17721,20643,21911,20524,22221,24463,27951,27207,20308,17997,13407,6616,1784,257,115527,3112,335088
0501,大館・鹿角,05,秋田県,103105,https://www.mhlw.go.jp/stf/seisakunitsuite/bunya/0000080850_00014.html,2026-08-04,2578,3220,3912,3741,2694,3361,3813,4953,6018,6489,6018,7055,7670,8956,9431,7191,6903,5239,2533,640,93,40986,597,103105
0502,北秋田,05,秋田県,32261,https://www.mhlw.go.jp/stf/seisakunitsuite/bunya/0000080850_00014.html,2026-08-04,655,856,1043,945,685,894,1053,1302,1684,1758,1859,2319,2600,3141,3180,2493,2487,1966,992,261,25,14545,63,32261
0503,能代・山本,05,秋田県,74695,https://www.mhlw.go.jp/stf/seisakunitsuite/bunya/0000080850_00014.html,2026-08-04,1536,1911,2593,2536,1686,2021,2537,3312,4122,4579,4655,5059,5978,7032,7397,5615,5150,4290,2095,488,82,32149,21,74695
0504,秋田周辺,05,秋田県,386244,https://www.mhlw.go.jp/stf/seisakunitsuite/bunya/0000080850_00014.html,2026-08-04,11211,13531,14763,15961,14720,14555,16809,20395,24867,27412,24563,25444,27089,30791,31971,22496,19347,14471,7272,1826,248,128422,6502,386244
0505,由利本荘・にかほ,05,秋田県,98142,https://www.mhlw.go.jp/stf/seisakunitsuite/bunya/0000080850_00014.html,2026-08-04,2575,3288,3848,3892,3138,3173,3978,5070,5817,6177,5732,6474,7508,8907,8697,5977,5868,4497,2349,548,80,36923,549,98142
0506,大仙・仙北,05,秋田県,120880,https://www.mhlw.go.jp/stf/seisakunitsuite/bunya/0000080850_00014.html,2026-08-04,3061,3868,4587,4261,3000,3736,4780,6086,7286,7257,6779,8161,9724,11236,10894,7532,7707,6355,3148,790,109,47771,523,120880
0507,横手,05,秋田県,85555,https://www.mhlw.go.jp/stf/seisakunitsuite/bunya/0000080850_00014.html,2026-08-04,2292,2893,3347,3036,1954,2536,3445,4553,5209,5214,4919,5612,6944,8034,7484,5349,5308,4339,2248,579,60,33401,200,85555
0508,湯沢・雄勝,05,秋田県,58620,https://www.mhlw.go.jp/stf/seisakunitsuite/bunya/0000080850_00014.html,2026-08-04,1363,1737,2005,1967,1315,1679,2192,2827,3246,3611,3530,4329,5329,5755,5052,3846,3663,3090,1511,415,39,23371,119,58620
0601,村山,06,山形県,531855,https://www.mhlw.go.jp/stf/seisakunitsuite/bunya/0000080850_00014.html,2026-08-04,18190,21134,22824,24239,21128,21673,25487,30353,34248,35210,31869,33190,36061,40079,39858,29271,25512,20415,11229,3105,400,169869,6380,531855
0602,最上,06,山形県,70922,https://www.mhlw.go.jp/stf/seisakunitsuite/bunya/0000080850_00014.html,2026-08-04,2031,2591,2880,2925,1834,2390,3050,3501,4119,4170,4054,5029,6004,6540,5813,4156,4023,3275,1773,450,59,26089,255,70922
0603,置賜,06,山形県,201846,https://www.mhlw.go.jp/stf/seisakunitsuite/bunya/0000080850_00014.html,2026-08-04,6202,7568,8555,8892,8609,7576,9059,10682,12018,12942,12158,13132,14485,16618,15536,11454,10575,8392,4628,1348,202,68753,1215,201846
0604,庄内,06,山形県,263404,https://www.mhlw.go.jp/stf/seisakunitsuite/bunya/0000080850_00014.html,2026-08-04,7875,9410,10826,10816,8160,9365,11234,13275,15812,17215,16051,17402,19402,22382,22092,16094,14743,11658,6144,1515,215,94843,1718,263404
0701,県北,07,福島県,465894,https://www.mhlw.go.jp/stf/seisakunitsuite/bunya/0000080850_00014.html,2026-08-04,14885,17071,18971,21137,18970,19312,21907,25055,28887,32585,29229,30107,32036,36549,35541,26305,21431,16541,8794,2377,299,147837,7905,465894
0702,県中,07,福島県,519577,https://www.mhlw.go.jp/stf/seisakunitsuite/bunya/0000080850_00014.html,2026-08-04,18270,20818,22261,24269,21617,23360,26564,30257,33853,36021,32516,34284,37019,39145,36138,25307,20911,16096,8328,2112,321,148358,10110,519577
0703,県南,07,福島県,138770,https://www.mhlw.go.jp/stf/seisakunitsuite/bunya/0000080850_00014.html,2026-08-04,4775,5791,6185,6305,5276,5891,7005,8291,8828,8998,8118,8938,10603,11352,9989,6920,5960,4886,2612,626,81,42426,1340,138770
0706,相双,07,福島県,119577,https://www.mhlw.go.jp/stf/seisakunitsuite/bunya/0000080850_00014.html,2026-08-04,3408,3754,4079,4264,3816,4978,5277,6049,6930,7914,7399,7990,9372,10362,9895,6680,5779,4474,2311,590,104,40195,4152,119577
0707,いわき,07,福島県,332931,https://www.mhlw.go.jp/stf/seisakunitsuite/bunya/0000080850_00014.html,2026-08-04,11351,12780,13848,14427,12067,14400,15843,17865,20773,23376,21402,21832,22735,25970,24795,18872,14978,10794,5345,1365,200,102319,7913,332931
0708,会津・南会津,07,福島県,256403,https://www.mhlw.go.jp/stf/seisakunitsuite/bunya/0000080850_00014.html,2026-08-04,7910,9486,10509,10778,8253,9498,11333,12822,14471,15406,14929,17291,19513,21953,20081,15021,14367,11702,6348,1914,304,91690,2514,256403
0801,水戸,08,茨城県,457941,https://www.mhlw.go.jp/stf/seisakunitsuite/bunya/0000080850_00014.html,2026-08-04,16306,18085,19528,20819,19246,20293,23500,26568,29788,34481,30527,28712,28782,32136,32881,25059,19044,13612,7007,1999,310,132048,9258,457941
0802,日立,08,茨城県,244008,https://www.mhlw.go.jp/stf/seisakunitsuite/bunya/0000080850_00014.html,2026-08-04,6632,8229,9778,11192,10239,10021,10695,12054,13808,18369,17147,16033,15799,18672,19296,16974,13178,7775,3627,1073,165,80760,3252,244008
0803,常陸太田・ひたちなか,08,茨城県,351579,https://www.mhlw.go.jp/stf/seisakunitsuite/bunya/0000080850_00014.html,2026-08-04,11413,13707,15301,15737,12882,14721,17113,19067,21988,26890,24553,22883,22975,25541,25926,20970,16184,11208,5938,1628,251,107646,4703,351579
0804,鹿行,08,茨城県,268146,https://www.mhlw.go.jp/stf/seisakunitsuite/bunya/0000080850_00014.html,2026-08-04,9252,10632,11642,11819,11472,13066,14228,16078,17241,19899,17160,16244,17503,20838,21138,14935,10742,7074,3354,855,99,79035,2875,268146
0805,土浦,08,茨城県,255222,https://www.mhlw.go.jp/stf/seisakunitsuite/bunya/0000080850_00014.html,2026-08-04,7764,9293,10372,11920,11747,11609,12309,13752,16215,19368,17132,15731,15384,18423,19924,15523,11307,7586,3704,1034,153,77654,4972,255222
0806,つくば,08,茨城県,352362,https://www.mhlw.go.jp/stf/seisakunitsuite/bunya/0000080850_00014.html,2026-08-04,15144,17147,16646,16535,19673,17253,19649,22937,25147,26579,21707,18597,17656,19442,20975,14877,10141,6899,3660,1018,153,77165,20527,352362
0807,取手・竜ヶ崎,08,茨城県,459781,https://www.mhlw.go.jp/stf/seisakunitsuite/bunya/0000080850_00014.html,2026-08-04,14747,18009,19869,21026,20179,18771,21273,26048,31113,36472,30619,27711,27679,34391,39438,29999,19212,11140,5297,1374,218,141069,5196,459781
0808,筑西・下妻,08,茨城県,254067,https://www.mhlw.go.jp/stf/seisakunitsuite/bunya/0000080850_00014.html,2026-08-04,7727,9782,10984,11634,10382,10664,11974,14067,16730,18848,16439,15531,17623,20913,20335,14190,10662,7678,4226,1151,162,79317,2365,254067
0809,古河・坂東,08,茨城県,223903,https://www.mhlw.go.jp/stf/seisakunitsuite/bunya/0000080850_00014.html,2026-08-04,7306,8723,9723,10465,10236,10399,11341,12969,14566,17108,14885,14037,14884,17407,17576,12450,8811,5452,2705,717,95,65213,2048,223903
0901,県北,09,栃木県,366604,https://www.mhlw.go.jp/stf/seisakunitsuite/bunya/0000080850_00014.html,2026-08-04,11833,14345,15714,16986,14789,15815,18209,21129,24285,26664,22720,22330,25161,29507,28770,19082,14899,11100,6102,1715,255,111430,5194,366604
0902,県西,09,栃木県,171694,https://www.mhlw.go.jp/stf/seisakunitsuite/bunya/0000080850_00014.html,2026-08-04,5137,6078,7210,7275,6634,7055,7756,8940,10464,12507,11471,11380,12113,13896,14331,10287,8017,5755,3044,886,138,56354,1320,171694
0903,宇都宮,09,栃木県,518757,https://www.mhlw.go.jp/stf/seisakunitsuite/bunya/0000080850_00014.html,2026-08-04,19855,22202,23196,22803,22413,25853,28728,32932,37299,41924,35499,30917,28789,31773,34657,25641,17885,12297,5826,1539,235,129853,16494,518757
0904,県東,09,栃木県,138202,https://www.mhlw.go.jp/stf/seisakunitsuite/bunya/0000080850_00014.html,2026-08-04,4668,5842,6354,6205,5257,5627,7068,8276,9289,10171,8376,8508,9930,11622,10970,6697,5324,3995,2108,642,70,41428,1203,138202
0905,県南,09,栃木県,476915,https://www.mhlw.go.jp/stf/seisakunitsuite/bunya/0000080850_00014.html,2026-08-04,16645,19362,20925,22602,21880,22172,24918,28072,31855,36862,31248,28917,30725,34910,35032,25222,17846,11624,6119,1712,207,132672,8060,476915
0906,両毛,09,栃木県,260974,https://www.mhlw.go.jp/stf/seisakunitsuite/bunya/0000080850_00014.html,2026-08-04,7886,9472,10829,11733,10465,10855,12309,14242,16530,19692,17739,16641,16607,19446,21829,16236,11875,8206,3823,1077,152,82644,3330,260974
1001,前橋,10,群馬県,332149,https://www.mhlw.go.jp/stf/seisakunitsuite/bunya/0000080850_00014.html,2026-08-04,10919,12406,13439,14918,13930,13850,15208,17228,19821,23999,21365,19850,19392,22126,24308,18788,14143,10100,5290,1403,232,96390,19434,332149
1002,渋川,10,群馬県,110589,https://www.mhlw.go.jp/stf/seisakunitsuite/bunya/0000080850_00014.html,2026-08-04,3692,4378,4771,4962,4447,4534,5265,6071,7319,7944,7032,6973,7284,8836,8869,6468,5040,3607,1844,517,91,35272,645,110589
1003,伊勢崎,10,群馬県,247904,https://www.mhlw.go.jp/stf/seisakunitsuite/bunya/0000080850_00014.html,2026-08-04,9377,10492,11414,12503,12260,12645,13105,14638,17307,19665,17254,15254,13953,15287,16529,12071,8597,5905,2965,806,133,62293,5744,247904
1004,高崎・安中,10,群馬県,427880,https://www.mhlw.go.jp/stf/seisakunitsuite/bunya/0000080850_00014.html,2026-08-04,15130,17219,19170,20169,18806,18933,20826,23934,28466,33776,29319,26096,24436,28332,32189,24731,18012,12696,6671,1848,308,124787,6813,427880
1005,藤岡,10,群馬県,66034,https://www.mhlw.go.jp/stf/seisakunitsuite/bunya/0000080850_00014.html,2026-08-04,1827,2332,2845,3012,2762,2767,2822,3290,4057,5035,4366,4173,4326,5185,5707,4151,3198,2280,1131,320,43,22015,405,66034
1006,富岡,10,群馬県,68124,https://www.mhlw.go.jp/stf/seisakunitsuite/bunya/0000080850_00014.html,2026-08-04,1739,2304,2700,2898,2475,2500,2717,3122,3753,4776,4203,4397,4970,5811,6081,4469,3764,2795,1589,434,56,24999,571,68124
1007,吾妻,10,群馬県,51619,https://www.mhlw.go.jp/stf/seisakunitsuite/bunya/0000080850_00014.html,2026-08-04,1195,1496,1890,1938,1716,1839,1893,2130,2548,3333,3172,3573,3887,4810,4734,3636,3119,2401,1326,390,54,20470,539,51619
1008,沼田,10,群馬県,76958,https://www.mhlw.go.jp/stf/seisakunitsuite/bunya/0000080850_00014.html,2026-08-04,2143,2585,3050,3354,2625,2613,3129,3733,4292,5160,4755,5164,5917,6684,6576,4753,4050,3324,2034,501,67,27989,449,76958
1009,桐生,10,群馬県,156093,https://www.mhlw.go.jp/stf/seisakunitsuite/bunya/0000080850_00014.html,2026-08-04,4184,5307,6386,7164,6966,5698,6155,7471,9497,12025,10703,9935,9839,11387,13931,10954,7980,5455,2630,750,137,53224,1539,156093
1010,太田・館林,10,群馬県,401760,https://www.mhlw.go.jp/stf/seisakunitsuite/bunya/0000080850_00014.html,2026-08-04,14270,16973,18671,19515,18984,19930,20884,23875,28039,32856,27633,23093,22040,26353,30539,22370,14598,9325,4557,1316,232,109290,5707,401760
1101,南部,11,埼玉県,809456,https://www.mhlw.go.jp/stf/seisakunitsuite/bunya/0000080850_00014.html,2026-08-04,32068,34166,34341,35031,44489,50090,50826,53988,59235,70128,61666,50567,38889,39997,46497,38210,28032,16955,6593,1666,285,178235,15737,809456
1102,南西部,11,埼玉県,730325,https://www.mhlw.go.jp/stf/seisakunitsuite/bunya/0000080850_00014.html,2026-08-04,29602,32563,31827,33131,40417,40226,41545,47562,53859,63697,55868,44549,34390,36566,44802,38184,28126,15897,6131,1504,250,171460,9629,730325
1103,東部,11,埼玉県,1155470,https://www.mhlw.go.jp/stf/seisakunitsuite/bunya/0000080850_00014.html,2026-08-04,41944,46090,48678,50847,58400,58536,60863,69023,80200,99644,85870,67565,57244,67653,83970,69570,47049,23613,8591,2250,359,303055,27511,1155470
1104,さいたま,11,埼玉県,1324025,https://www.mhlw.go.jp/stf/seisakunitsuite/bunya/0000080850_00014.html,2026-08-04,53391,57341,58073,59926,70873,73863,77675,84956,93961,110150,98229,83251,68327,67824,78953,64765,46959,29392,13179,3346,574,304992,29017,1324025
1105,県央,11,埼玉県,528558,https://www.mhlw.go.jp/stf/seisakunitsuite/bunya/0000080850_00014.html,2026-08-04,17280,20316,22484,24060,24304,23294,25410,29089,34560,43642,37684,32054,29523,34195,40194,33709,23219,12699,4898,1296,228,150438,14420,528558
1106,川越比企,11,埼玉県,793673,https://www.mhlw.go.jp/stf/seisakunitsuite/bunya/0000080850_00014.html,2026-08-04,23536,28207,30832,34745,37996,32850,35182,40705,49270,59670,51336,44836,44578,54070,62887,49127,32179,18078,7830,2082,324,226577,53353,793673
1107,西部,11,埼玉県,771746,https://www.mhlw.go.jp/stf/seisakunitsuite/bunya/0000080850_00014.html,2026-08-04,22949,27134,29754,32611,35088,31990,34067,39747,47138,58287,51515,45825,42873,51400,59910,47920,32299,18628,8047,2240,361,220805,51963,771746
1108,利根,11,埼玉県,635455,https://www.mhlw.go.jp/stf/seisakunitsuite/bunya/0000080850_00014.html,2026-08-04,19629,23364,26143,27928,28114,27509,30134,35140,41101,49245,42108,39429,40661,49112,54355,40803,27407,16293,7478,1984,291,197723,7227,635455
1109,北部,11,埼玉県,501367,https://www.mhlw.go.jp/stf/seisakunitsuite/bunya/0000080850_00014.html,2026-08-04,16282,18937,21420,23584,22794,22227,23908,27941,32694,38674,34094,31560,32135,37162,39584,28807,20765,13350,6409,1774,280,148131,6986,501367
1110,秩父,11,埼玉県,94690,https://www.mhlw.go.jp/stf/seisakunitsuite/bunya/0000080850_00014.html,2026-08-04,2600,3409,4024,4228,3377,3377,3842,4567,5173,6529,6285,6409,6936,8027,7950,6157,5096,3825,1926,533,64,33578,356,94690
1201,千葉,12,千葉県,974951,https://www.mhlw.go.jp/stf/seisakunitsuite/bunya/0000080850_00014.html,2026-08-04,32437,37478,41014,44907,50031,45365,47461,54121,63763,81432,73260,60041,49506,53970,65747,55508,40011,22865,9093,2368,401,249963,44172,974951
1202,東葛南部,12,千葉県,1796572,https://www.mhlw.go.jp/stf/seisakunitsuite/bunya/0000080850_00014.html,2026-08-04,68675,74048,77006,82148,104139,107721,106978,116055,130251,154814,137042,109428,85385,89463,108185,89908,64172,37395,15042,3800,599,408564,34318,1796572
1203,東葛北部,12,千葉県,1407697,https://www.mhlw.go.jp/stf/seisakunitsuite/bunya/0000080850_00014.html,2026-08-04,54991,58326,59760,61420,70458,70822,77750,89013,99054,115153,99478,82362,71264,81721,99748,81363,56378,33423,13987,3599,565,370784,27062,1407697
1204,印旛,12,千葉県,718337,https://www.mhlw.go.jp/stf/seisakunitsuite/bunya/0000080850_00014.html,2026-08-04,25316,30492,32765,33609,34707,31899,35909,42418,48349,56610,48186,42944,43553,51882,57172,42249,27263,15881,7178,1887,302,203814,7766,718337
1205,香取海匝,12,千葉県,262351,https://www.mhlw.go.jp/stf/seisakunitsuite/bunya/0000080850_00014.html,2026-08-04,6523,8447,9780,10712,9940,9947,11430,12961,14910,17834,16709,17977,19518,22452,23551,16540,13880,10206,5303,1321,178,93431,2232,262351
1206,山武長生夷隅,12,千葉県,410235,https://www.mhlw.go.jp/stf/seisakunitsuite/bunya/0000080850_00014.html,2026-08-04,10291,13278,15333,17230,16670,14464,16385,20026,23135,28519,26780,26987,29686,35056,38774,28485,20791,14457,7643,1966,326,147498,3953,410235
1207,安房,12,千葉県,120093,https://www.mhlw.go.jp/stf/seisakunitsuite/bunya/0000080850_00014.html,2026-08-04,2762,3622,4248,4479,3539,3729,3826,4895,6279,7544,7074,6859,8028,10445,12762,9681,7386,5687,3197,1028,179,50365,2844,120093
1208,君津,12,千葉県,324720,https://www.mhlw.go.jp/stf/seisakunitsuite/bunya/0000080850_00014.html,2026-08-04,11313,12943,13602,14947,14422,14846,16643,18272,20682,24928,21025,19127,19280,23036,25429,20407,13727,8788,4263,1071,190,96911,5779,324720
1209,市原,12,千葉県,269524,https://www.mhlw.go.jp/stf/seisakunitsuite/bunya/0000080850_00014.html,2026-08-04,8745,10164,11137,12093,12313,12677,13476,15108,16976,21022,18108,16307,16561,19660,21171,16721,11040,6453,2801,712,103,78661,6176,269524
1301,区中央部,13,東京都,947858,https://www.mhlw.go.jp/stf/seisakunitsuite/bunya/0000080850_00014.html,2026-08-04,43496,38833,31160,26991,43837,67660,75177,81539,83475,85221,73020,58647,42826,37562,43344,32679,24871,18019,8383,2346,407,167611,28365,947858
1302,区南部,13,東京都,1170569,https://www.mhlw.go.jp/stf/seisakunitsuite/bunya/0000080850_00014.html,2026-08-04,44218,41607,38442,38670,64506,84791,83341,85693,86242,96076,84956,69459,54607,53334,62784,48778,36307,24842,11603,3240,499,241387,56574,1170569
1303,区西南部,13,東京都,1475635,https://www.mhlw.go.jp/stf/seisakunitsuite/bunya/0000080850_00014.html,2026-08-04,55467,56290,51714,51820,83367,103410,107420,116208,122975,125954,112890,94462,71297,61901,71064,54967,43173,33411,17144,4706,748,287114,35247,1475635
1304,区西部,13,東京都,1285373,https://www.mhlw.go.jp/stf/seisakunitsuite/bunya/0000080850_00014.html,2026-08-04,43087,38941,35241,38457,78162,104373,100694,98764,96201,99356,87509,73943,58288,53543,61474,47774,37153,27768,13947,3806,670,246135,86222,1285373
1305,区西北部,13,東京都,1993903,https://www.mhlw.go.jp/stf/seisakunitsuite/bunya/0000080850_00014.html,2026-08-04,71660,70545,66745,73644,124828,148103,141468,141366,144196,156253,140547,120157,97044,95051,108798,86489,68514,49108,22981,5919,960,437820,59527,1993903
1306,区東北部,13,東京都,1365611,https://www.mhlw.go.jp/stf/seisakunitsuite/bunya/0000080850_00014.html,2026-08-04,48530,51384,51701,53825,74597,86192,83074,87480,96066,112731,102077,86296,69121,71307,82679,69767,55257,35650,14012,3337,556,332565,29972,1365611
1307,区東部,13,東京都,1494327,https://www.mhlw.go.jp/stf/seisakunitsuite/bunya/0000080850_00014.html,2026-08-04,61072,60969,58729,59867,80061,99500,101803,109099,114024,131574,116562,92220,70023,70914,82043,66413,50140,30846,12127,2952,439,315874,22950,1494327
1308,西多摩,13,東京都,379043,https://www.mhlw.go.jp/stf/seisakunitsuite/bunya/0000080850_00014.html,2026-08-04,11347,14043,15977,17088,18210,16590,17172,19660,23476,30008,27762,24558,22486,25670,29344,24319,17357,11394,5590,1683,331,115688,4978,379043
1309,南多摩,13,東京都,1440971,https://www.mhlw.go.jp/stf/seisakunitsuite/bunya/0000080850_00014.html,2026-08-04,47625,56639,62378,72842,87610,65823,67577,80219,95519,116946,107722,89732,74841,81313,97368,81508,60035,37103,16090,4206,672,378295,37203,1440971
1310,北多摩西部,13,東京都,658632,https://www.mhlw.go.jp/stf/seisakunitsuite/bunya/0000080850_00014.html,2026-08-04,24650,26876,27648,30026,36880,35964,36886,40186,45552,53461,49929,43000,34646,35885,41287,33573,25414,16776,7274,1723,297,162229,10699,658632
1311,北多摩南部,13,東京都,1061790,https://www.mhlw.go.jp/stf/seisakunitsuite/bunya/0000080850_00014.html,2026-08-04,41132,44018,41905,45121,64460,62325,62893,71436,77698,85936,79741,67953,52735,49498,56217,44413,34609,25603,12042,3164,532,226078,38359,1061790
1312,北多摩北部,13,東京都,749421,https://www.mhlw.go.jp/stf/seisakunitsuite/bunya/0000080850_00014.html,2026-08-04,27875,30695,31374,34866,41857,36325,38639,44708,50023,59653,56048,49699,40565,40261,45566,37875,30980,21804,9333,2282,381,188482,18612,749421
1313,島しょ,13,東京都,24461,https://www.mhlw.go.jp/stf/seisakunitsuite/bunya/0000080850_00014.html,2026-08-04,903,984,940,859,448,889,1296,1454,1527,1842,1517,1559,1668,2024,2251,1589,1145,933,445,140,17,8544,31,24461
1404,川崎北部,14,神奈川県,870495,https://www.mhlw.go.jp/stf/seisakunitsuite/bunya/0000080850_00014.html,2026-08-04,35107,36324,36258,38404,53874,54439,53555,58508,63879,72687,68167,55572,41867,39858,44869,35782,26517,17810,8075,2193,363,175467,26387,870495
1405,川崎南部,14,神奈川県,667767,https://www.mhlw.go.jp/stf/seisakunitsuite/bunya/0000080850_00014.html,2026-08-04,29010,27164,25627,25180,36288,49019,49980,51515,52730,57331,48805,38941,30530,30033,32448,24800,18302,12428,5894,1511,268,125684,19963,667767
1406,横須賀・三浦,14,神奈川県,691582,https://www.mhlw.go.jp/stf/seisakunitsuite/bunya/0000080850_00014.html,2026-08-04,20243,25527,28377,32252,31656,25992,28441,34430,43737,56470,52403,45368,39589,44320,56042,47831,35730,24507,11306,3005,541,223282,3815,691582
1407,湘南東部,14,神奈川県,727642,https://www.mhlw.go.jp/stf/seisakunitsuite/bunya/0000080850_00014.html,2026-08-04,28307,32288,33434,34433,35167,32386,35617,44231,52897,62750,56320,46763,37579,39694,47625,39080,28951,18391,8285,2233,390,184649,10821,727642
1408,湘南西部,14,神奈川県,581839,https://www.mhlw.go.jp/stf/seisakunitsuite/bunya/0000080850_00014.html,2026-08-04,18473,22190,24521,27601,30708,25699,26677,31727,38021,46002,42200,36442,32962,38074,45375,35802,24628,14982,6997,1967,317,168142,10474,581839
1409,県央,14,神奈川県,858535,https://www.mhlw.go.jp/stf/seisakunitsuite/bunya/0000080850_00014.html,2026-08-04,31084,34873,37142,38996,44257,44082,45689,51305,60191,73544,65341,52751,44437,49656,59497,48253,32865,17939,7448,1994,293,217945,16898,858535
1410,相模原,14,神奈川県,725493,https://www.mhlw.go.jp/stf/seisakunitsuite/bunya/0000080850_00014.html,2026-08-04,24504,28078,29950,32426,39631,36862,37134,42247,49115,59990,54727,45675,38053,41717,48900,40797,28510,16165,7010,1833,304,185236,21865,725493
1411,県西,14,神奈川県,336493,https://www.mhlw.go.jp/stf/seisakunitsuite/bunya/0000080850_00014.html,2026-08-04,9844,12076,13552,14885,15233,13639,14378,17082,20418,25626,24391,22075,20638,23535,27764,22365,16467,10833,5009,1398,219,107590,5066,336493
1412,横浜,14,神奈川県,3777491,https://www.mhlw.go.jp/stf/seisakunitsuite/bunya/0000080850_00014.html,2026-08-04,134675,150315,156820,167072,200622,196254,200601,227754,259833,315473,298197,250225,200278,202512,234994,189951,143748,94627,42117,10883,1751,920583,98789,3777491
1501,下越,15,新潟県,200610,https://www.mhlw.go.jp/stf/seisakunitsuite/bunya/0000080850_00014.html,2026-08-04,6273,7829,8035,9002,7223,7964,9097,10445,11994,12988,12378,12796,14107,16448,16707,11844,10585,8309,4377,1151,187,69608,871,200610
1502,新潟,15,新潟県,887561,https://www.mhlw.go.jp/stf/seisakunitsuite/bunya/0000080850_00014.html,2026-08-04,29791,34604,36659,40048,39224,37537,43731,50181,59038,65628,57707,54913,54961,63535,67348,48153,39492,28608,14877,4329,746,267088,16451,887561
1503,県央,15,新潟県,216216,https://www.mhlw.go.jp/stf/seisakunitsuite/bunya/0000080850_00014.html,2026-08-04,6640,8140,9041,9224,7733,8522,10002,11601,13962,15741,14403,14022,14450,16990,17570,13082,11156,7620,3765,1029,161,71373,1362,216216
1504,中越,15,新潟県,430288,https://www.mhlw.go.jp/stf/seisakunitsuite/bunya/0000080850_00014.html,2026-08-04,14056,16748,18347,18778,16703,17271,20009,23481,27875,30864,27297,26830,28512,32661,34151,24550,20804,15635,8386,2433,391,139011,4506,430288
1505,魚沼,15,新潟県,155910,https://www.mhlw.go.jp/stf/seisakunitsuite/bunya/0000080850_00014.html,2026-08-04,4782,5694,6510,6206,4418,5533,6321,7865,9233,9853,9401,9653,11560,14091,13120,9575,8576,6753,4157,1371,210,57853,1028,155910
1506,上越,15,新潟県,259195,https://www.mhlw.go.jp/stf/seisakunitsuite/bunya/0000080850_00014.html,2026-08-04,8102,9926,11160,10655,8817,10026,11531,13355,15890,17755,16570,16265,17489,20295,21441,15785,13471,10443,5616,1736,288,89075,2579,259195
1507,佐渡,15,新潟県,51492,https://www.mhlw.go.jp/stf/seisakunitsuite/bunya/0000080850_00014.html,2026-08-04,1370,1796,1977,1652,1128,1601,1839,2260,2692,2847,2929,3421,3910,4317,4974,3631,3655,3123,1654,500,73,21927,143,51492
1601,新川,16,富山県,115093,https://www.mhlw.go.jp/stf/seisakunitsuite/bunya/0000080850_00014.html,2026-08-04,3310,3923,4580,4658,4007,4585,4826,5550,6752,8534,7421,7275,7197,8229,10330,7753,5928,4603,2463,712,123,40141,2334,115093
1602,富山,16,富山県,493562,https://www.mhlw.go.jp/stf/seisakunitsuite/bunya/0000080850_00014.html,2026-08-04,17311,19068,20962,22539,22127,22220,23707,26836,32240,39725,33175,29569,28060,32136,39001,29672,21729,15599,7918,2215,344,148614,7409,493562
1603,高岡,16,富山県,301085,https://www.mhlw.go.jp/stf/seisakunitsuite/bunya/0000080850_00014.html,2026-08-04,9380,10818,11995,12750,11541,11737,12870,15121,18609,23358,19053,17755,17917,21128,27198,19543,14170,10681,5442,1649,279,100090,8091,301085
1604,砺波,16,富山県,125074,https://www.mhlw.go.jp/stf/seisakunitsuite/bunya/0000080850_00014.html,2026-08-04,3850,4702,5278,5248,4560,4960,5226,6249,7865,9028,7543,7520,8139,9480,11380,7699,6299,5202,3040,915,148,44163,743,125074
1701,南加賀,17,石川県,224094,https://www.mhlw.go.jp/stf/seisakunitsuite/bunya/0000080850_00014.html,2026-08-04,8229,9577,10611,10495,9812,10154,10703,11885,14329,17937,14887,13630,12754,14243,18180,13534,9538,6921,3576,1089,183,67264,1827,224094
1702,石川中央,17,石川県,729320,https://www.mhlw.go.jp/stf/seisakunitsuite/bunya/0000080850_00014.html,2026-08-04,28415,31466,32726,36946,40291,34717,37385,41652,49242,58289,47886,42593,40272,43033,52443,37216,25521,18713,9649,2713,471,189759,17681,729320
1703,能登中部,17,石川県,117998,https://www.mhlw.go.jp/stf/seisakunitsuite/bunya/0000080850_00014.html,2026-08-04,3051,3954,4625,4717,3635,3908,4231,4978,6527,8175,7094,7305,8273,10084,12420,8691,6704,5078,2853,864,161,46855,670,117998
1704,能登北部,17,石川県,61114,https://www.mhlw.go.jp/stf/seisakunitsuite/bunya/0000080850_00014.html,2026-08-04,1225,1453,1764,2563,1306,1450,1611,2094,2754,3147,3200,3727,4829,5986,7153,5226,4669,3914,2124,603,107,29782,209,61114
1801,福井・坂井,18,福井県,397298,https://www.mhlw.go.jp/stf/seisakunitsuite/bunya/0000080850_00014.html,2026-08-04,14642,16765,18285,18764,17983,17576,19560,21929,24967,29421,25425,25128,24327,26227,29578,21927,16814,12850,6605,1910,317,116228,6298,397298
1802,奥越,18,福井県,53436,https://www.mhlw.go.jp/stf/seisakunitsuite/bunya/0000080850_00014.html,2026-08-04,1612,1966,2236,2095,1737,1918,2205,2617,3045,3306,2982,3484,3993,4711,4699,3417,2978,2353,1342,403,52,19955,285,53436
1803,丹南,18,福井県,181456,https://www.mhlw.go.jp/stf/seisakunitsuite/bunya/0000080850_00014.html,2026-08-04,6861,7872,8702,8742,7449,8494,9189,10055,11855,13340,11245,10921,10929,12459,13672,9982,7894,6055,3322,970,165,54519,1283,181456
1804,嶺南,18,福井県,134673,https://www.mhlw.go.jp/stf/seisakunitsuite/bunya/0000080850_00014.html,2026-08-04,4918,5605,6080,5600,4601,5786,6379,7126,8301,9439,8318,8799,8954,9623,10389,7608,5992,4907,2650,709,104,41982,2785,134673
1901,中北,19,山梨県,459608,https://www.mhlw.go.jp/stf/seisakunitsuite/bunya/0000080850_00014.html,2026-08-04,16461,18168,19887,22463,20463,20011,21630,24819,29160,34172,31500,29275,27510,30052,32934,25236,18985,13771,7308,2266,382,130934,13155,459608
1902,峡東,19,山梨県,129619,https://www.mhlw.go.jp/stf/seisakunitsuite/bunya/0000080850_00014.html,2026-08-04,4127,5008,5566,5948,5106,4894,5436,6406,7643,9440,9233,8373,8602,9485,10233,7993,6193,4568,2554,824,133,41983,1854,129619
1903,峡南,19,山梨県,47836,https://www.mhlw.go.jp/stf/seisakunitsuite/bunya/0000080850_00014.html,2026-08-04,1093,1372,1788,1745,1506,1595,1735,1934,2476,2931,3053,3309,3658,4097,4202,3414,2968,2361,1482,488,82,19094,547,47836
1904,富士・東部,19,山梨県,172911,https://www.mhlw.go.jp/stf/seisakunitsuite/bunya/0000080850_00014.html,2026-08-04,5311,6170,6678,8810,8579,7262,7622,8398,9215,11463,11899,12244,12115,13345,12785,9971,7956,5761,3038,876,141,53873,3272,172911
2001,佐久,20,長野県,204416,https://www.mhlw.go.jp/stf/seisakunitsuite/bunya/0000080850_00014.html,2026-08-04,7124,8198,9005,8917,7274,8603,9679,10826,12771,14123,13170,12997,13294,15017,15605,11895,9270,7518,4535,1424,234,65498,2937,204416
2002,上小,20,長野県,193898,https://www.mhlw.go.jp/stf/seisakunitsuite/bunya/0000080850_00014.html,2026-08-04,6582,7923,8487,8923,8218,8061,9337,10152,12288,14253,12754,12246,12012,13334,14695,11761,8832,6734,3840,1115,156,60467,2195,193898
2003,諏訪,20,長野県,193838,https://www.mhlw.go.jp/stf/seisakunitsuite/bunya/0000080850_00014.html,2026-08-04,6624,7783,8707,8818,7324,7639,8479,9761,12372,14930,13002,11474,11272,12703,15429,13054,10012,7016,4208,1167,168,63757,1896,193838
2004,上伊那,20,長野県,179892,https://www.mhlw.go.jp/stf/seisakunitsuite/bunya/0000080850_00014.html,2026-08-04,6358,7581,8550,7991,6767,7526,8046,9263,11665,13413,11662,11094,10987,12038,13369,10934,8325,6427,3681,1089,136,55999,2990,179892
2005,飯伊,20,長野県,155346,https://www.mhlw.go.jp/stf/seisakunitsuite/bunya/0000080850_00014.html,2026-08-04,5580,6669,7296,6731,5148,6104,6803,7836,9312,10538,9639,9592,10007,11219,11789,9716,8187,6508,3985,1261,192,52857,1234,155346
2006,木曽,20,長野県,25476,https://www.mhlw.go.jp/stf/seisakunitsuite/bunya/0000080850_00014.html,2026-08-04,584,774,955,947,695,776,930,1006,1242,1442,1566,1772,1801,2240,2419,1948,1776,1413,757,221,46,10820,166,25476
2007,松本,20,長野県,423668,https://www.mhlw.go.jp/stf/seisakunitsuite/bunya/0000080850_00014.html,2026-08-04,15562,17552,19087,20094,17846,19167,20138,23446,28267,33206,29499,25833,24084,26194,30110,23940,18606,14038,7751,2321,374,123334,6553,423668
2008,大北,20,長野県,56232,https://www.mhlw.go.jp/stf/seisakunitsuite/bunya/0000080850_00014.html,2026-08-04,1536,1952,2197,2333,1858,1898,2027,2544,3427,4003,3774,3656,3662,4378,5141,3847,2963,2454,1416,440,64,20703,662,56232
2009,長野,20,長野県,532702,https://www.mhlw.go.jp/stf/seisakunitsuite/bunya/0000080850_00014.html,2026-08-04,17541,20678,22975,23376,19124,20407,23251,27027,33430,39683,35252,33128,32497,35369,39914,31825,24426,18259,10446,2989,482,163710,20623,532702
2010,北信,20,長野県,82543,https://www.mhlw.go.jp/stf/seisakunitsuite/bunya/0000080850_00014.html,2026-08-04,2499,3094,3420,3394,2503,2893,3251,4080,4899,5497,5238,5576,5891,6752,7154,5097,4481,3644,2002,582,85,29797,511,82543
2101,岐阜,21,岐阜県,793551,https://www.mhlw.go.jp/stf/seisakunitsuite/bunya/0000080850_00014.html,2026-08-04,28910,33042,35528,38491,38233,34516,37609,42561,50089,61520,53265,47941,43386,48305,57459,45607,33847,21753,9769,2539,377,219656,28804,793551
2102,西濃,21,岐阜県,358439,https://www.mhlw.go.jp/stf/seisakunitsuite/bunya/0000080850_00014.html,2026-08-04,11749,14940,16739,18042,16437,15038,16593,19185,22923,27508,23635,22568,22234,25391,28473,21319,15920,10715,5097,1399,196,108510,2338,358439
2103,中濃,21,岐阜県,364282,https://www.mhlw.go.jp/stf/seisakunitsuite/bunya/0000080850_00014.html,2026-08-04,12722,15947,16951,17109,15467,15229,17136,19912,23024,26158,22686,22448,23066,26163,28773,20618,15835,11464,6212,1757,282,111104,5323,364282
2104,東濃,21,岐阜県,323574,https://www.mhlw.go.jp/stf/seisakunitsuite/bunya/0000080850_00014.html,2026-08-04,10430,12960,14215,14869,13486,13356,14675,16886,19546,23153,21317,21112,20895,23100,26207,20031,15875,11414,6007,1593,261,104488,2186,323574
2105,飛騨,21,岐阜県,138896,https://www.mhlw.go.jp/stf/seisakunitsuite/bunya/0000080850_00014.html,2026-08-04,4649,5514,6224,5709,3929,4831,5655,6776,8328,9922,8788,9052,8921,10208,12138,9383,8072,6053,3075,924,140,49993,605,138896
2201,賀茂,22,静岡県,59546,https://www.mhlw.go.jp/stf/seisakunitsuite/bunya/0000080850_00014.html,2026-08-04,1091,1602,1966,1817,1389,1539,1707,2120,2811,3912,3919,3827,4232,5637,6863,5607,4181,2978,1663,489,68,27486,128,59546
2202,熱海伊東,22,静岡県,99699,https://www.mhlw.go.jp/stf/seisakunitsuite/bunya/0000080850_00014.html,2026-08-04,1877,2497,3122,3217,2938,2851,2977,3435,4532,6628,6706,6312,6495,8378,11326,9905,7228,4621,2151,626,106,44341,1771,99699
2203,駿東田方,22,静岡県,640096,https://www.mhlw.go.jp/stf/seisakunitsuite/bunya/0000080850_00014.html,2026-08-04,21764,25473,28158,29192,25636,28397,31919,35444,41964,50206,45500,40899,38473,43703,48213,38948,28877,19078,9424,2577,416,191236,5835,640096
2204,富士,22,静岡県,373497,https://www.mhlw.go.jp/stf/seisakunitsuite/bunya/0000080850_00014.html,2026-08-04,12984,15732,17483,17114,14566,16874,18853,21390,24527,29730,27000,24245,23149,25626,27374,21729,15958,10164,4834,1367,187,107239,2611,373497
2205,静岡,22,静岡県,693389,https://www.mhlw.go.jp/stf/seisakunitsuite/bunya/0000080850_00014.html,2026-08-04,22968,26745,28561,30687,31315,31586,33670,38059,43357,53459,48645,44175,40944,45730,52507,43052,32725,21949,10409,2814,442,209628,9590,693389
2206,志太榛原,22,静岡県,452533,https://www.mhlw.go.jp/stf/seisakunitsuite/bunya/0000080850_00014.html,2026-08-04,15629,19280,21005,20345,17728,19180,22409,25725,29664,33809,29558,28507,28968,31896,35204,26947,20505,14213,6997,1981,278,138021,2705,452533
2207,中東遠,22,静岡県,465839,https://www.mhlw.go.jp/stf/seisakunitsuite/bunya/0000080850_00014.html,2026-08-04,18434,21404,22514,21214,18737,22163,25569,29134,31853,34398,28380,27909,29339,32675,33508,23175,17789,12869,6973,2009,338,129336,5455,465839
2208,西部,22,静岡県,848603,https://www.mhlw.go.jp/stf/seisakunitsuite/bunya/0000080850_00014.html,2026-08-04,32029,37121,39284,39009,36564,39025,43779,50598,56099,65581,57564,53136,50975,54158,59677,46166,35617,25166,12103,3549,559,236995,10844,848603
2302,海部,23,愛知県,325234,https://www.mhlw.go.jp/stf/seisakunitsuite/bunya/0000080850_00014.html,2026-08-04,11575,13541,15231,16202,16436,15426,15578,17681,21753,28342,23705,20198,17018,18610,24034,20175,14225,7978,3327,874,118,89341,3207,325234
2304,尾張東部,23,愛知県,475816,https://www.mhlw.go.jp/stf/seisakunitsuite/bunya/0000080850_00014.html,2026-08-04,20007,22632,23261,23781,23857,21322,24409,28253,32749,39042,33277,27871,23196,24823,30896,25729,17779,10644,4635,1207,170,115883,16276,475816
2305,尾張西部,23,愛知県,514824,https://www.mhlw.go.jp/stf/seisakunitsuite/bunya/0000080850_00014.html,2026-08-04,19456,22362,24228,25120,24687,23442,25280,28527,33645,42871,37391,32122,27295,30310,36357,30289,22655,13220,5425,1360,214,139830,8568,514824
2306,尾張北部,23,愛知県,735278,https://www.mhlw.go.jp/stf/seisakunitsuite/bunya/0000080850_00014.html,2026-08-04,28100,32080,34535,36222,37448,36081,38156,41881,50142,61901,52381,43051,36332,40891,51386,43291,30033,16797,7063,1765,268,191494,15474,735278
2307,知多半島,23,愛知県,628495,https://www.mhlw.go.jp/stf/seisakunitsuite/bunya/0000080850_00014.html,2026-08-04,26012,29779,30638,31357,33392,32983,35280,38483,42871,50344,42298,36741,32355,34631,41325,33342,23951,14446,6465,1718,258,156136,9826,628495
2308,西三河北部,23,愛知県,484282,https://www.mhlw.go.jp/stf/seisakunitsuite/bunya/0000080850_00014.html,2026-08-04,19607,22164,23575,26206,28795,28077,28347,30779,33394,39323,33695,28158,24899,26391,30990,22947,14724,8479,3921,1031,162,108645,8618,484282
2309,西三河南部西,23,愛知県,701627,https://www.mhlw.go.jp/stf/seisakunitsuite/bunya/0000080850_00014.html,2026-08-04,30847,33546,34359,35495,38707,42326,44485,45737,48728,56069,48729,42154,34825,36711,41244,30968,22405,14622,6534,1686,231,154401,11219,701627
2310,西三河南部東,23,愛知県,427103,https://www.mhlw.go.jp/stf/seisakunitsuite/bunya/0000080850_00014.html,2026-08-04,18665,21249,21239,20861,21168,23243,25448,28057,30487,34422,28768,25419,22997,24567,26975,19540,13444,8882,4222,1073,173,98876,6204,427103
2311,東三河北部,23,愛知県,52751,https://www.mhlw.go.jp/stf/seisakunitsuite/bunya/0000080850_00014.html,2026-08-04,1380,1918,2098,2235,1782,1693,2009,2640,2944,3240,2952,3362,3870,4537,4876,3528,3035,2470,1362,427,83,20318,310,52751
2312,東三河南部,23,愛知県,695479,https://www.mhlw.go.jp/stf/seisakunitsuite/bunya/0000080850_00014.html,2026-08-04,26674,31187,33040,33464,34186,33677,36808,41367,46088,54961,46688,43111,39729,41674,48792,37206,27179,18101,8449,2329,366,184096,10403,695479
2313,名古屋・尾張中部,23,愛知県,2501526,https://www.mhlw.go.jp/stf/seisakunitsuite/bunya/0000080850_00014.html,2026-08-04,97500,100402,100755,103959,129736,141846,143295,153964,165924,194674,172871,152343,127322,131534,155235,125346,95270,62930,27222,6967,1079,605583,111352,2501526
2405,桑員,24,三重県,215393,https://www.mhlw.go.jp/stf/seisakunitsuite/bunya/0000080850_00014.html,2026-08-04,7903,9424,10038,10199,10321,10029,10960,12543,14212,16729,14418,13463,12468,13933,15913,11951,8531,5550,2629,791,107,59405,3281,215393
2406,三泗,24,三重県,372127,https://www.mhlw.go.jp/stf/seisakunitsuite/bunya/0000080850_00014.html,2026-08-04,14327,16094,16994,17677,18292,20557,20278,21669,25283,31369,26697,23814,19967,20818,24761,19955,14475,9184,3924,977,135,94229,4880,372127
2407,鈴亀,24,三重県,245505,https://www.mhlw.go.jp/stf/seisakunitsuite/bunya/0000080850_00014.html,2026-08-04,8401,9927,10893,11550,10775,10342,11451,12871,15321,19013,16224,14725,12920,14182,16371,12538,8554,5582,2743,660,116,60746,20346,245505
2408,津,24,三重県,274537,https://www.mhlw.go.jp/stf/seisakunitsuite/bunya/0000080850_00014.html,2026-08-04,9775,11248,12157,12820,13512,12218,13440,15051,17352,20495,17998,17258,16388,17504,19930,15859,12663,9029,4448,1131,181,80745,4080,274537
2409,伊賀,24,三重県,165153,https://www.mhlw.go.jp/stf/seisakunitsuite/bunya/0000080850_00014.html,2026-08-04,5222,6452,7075,7477,6412,6937,7938,9031,10216,11263,9666,10000,10714,12855,13919,10146,7599,5424,2890,819,116,53768,2982,165153
2410,松阪,24,三重県,212094,https://www.mhlw.go.jp/stf/seisakunitsuite/bunya/0000080850_00014.html,2026-08-04,7383,8633,9643,9512,7932,8634,10070,11272,13225,15867,13866,13362,13683,14864,16182,12690,10184,7919,4177,1138,177,67331,1681,212094
2411,伊勢志摩,24,三重県,220224,https://www.mhlw.go.jp/stf/seisakunitsuite/bunya/0000080850_00014.html,2026-08-04,6591,7910,8890,9534,8057,7886,9107,10551,12076,15118,14529,15203,14787,16655,18537,14815,12583,9292,4510,1185,183,77760,2225,220224
2412,東紀州,24,三重県,65221,https://www.mhlw.go.jp/stf/seisakunitsuite/bunya/0000080850_00014.html,2026-08-04,1601,2071,2438,2052,1461,1793,2115,2632,3307,4065,3997,4408,4628,5615,6531,5545,4574,3456,1714,579,75,28089,564,65221
2501,大津,25,滋賀県,345070,https://www.mhlw.go.jp/stf/seisakunitsuite/bunya/0000080850_00014.html,2026-08-04,13596,15555,16331,17314,16647,14637,16930,19360,22776,27213,23546,21839,19904,21183,24619,18046,12651,8578,4246,1074,181,90578,8844,345070
2502,湖南,25,滋賀県,346482,https://www.mhlw.go.jp/stf/seisakunitsuite/bunya/0000080850_00014.html,2026-08-04,15926,17746,18176,18411,20242,17455,19144,22409,25867,29183,22974,18742,15731,17712,20697,15475,10301,6304,3026,833,134,74482,9994,346482
2503,甲賀,25,滋賀県,142818,https://www.mhlw.go.jp/stf/seisakunitsuite/bunya/0000080850_00014.html,2026-08-04,5403,6241,6783,7207,6961,6785,7888,8361,9273,10865,8927,8761,8946,9570,10125,7108,5181,3737,1987,519,69,38296,2121,142818
2504,東近江,25,滋賀県,226694,https://www.mhlw.go.jp/stf/seisakunitsuite/bunya/0000080850_00014.html,2026-08-04,8819,10723,11050,11021,10507,10864,12114,13751,15376,16421,14061,13526,13258,15189,16308,11635,8690,6241,3274,929,175,62441,2762,226694
2505,湖東,25,滋賀県,155308,https://www.mhlw.go.jp/stf/seisakunitsuite/bunya/0000080850_00014.html,2026-08-04,6088,7181,7487,8033,8196,7366,8220,9002,10351,11753,9820,9017,8769,9345,10046,7477,5622,4123,2154,590,102,39459,4566,155308
2506,湖北,25,滋賀県,150861,https://www.mhlw.go.jp/stf/seisakunitsuite/bunya/0000080850_00014.html,2026-08-04,5560,6681,7064,7381,6729,6454,7424,8321,9602,10710,9591,9242,9154,9769,10429,8331,6571,4863,2555,769,120,43407,3541,150861
2507,湖西,25,滋賀県,46377,https://www.mhlw.go.jp/stf/seisakunitsuite/bunya/0000080850_00014.html,2026-08-04,1399,1667,1893,1983,1756,1701,1909,2247,2575,3002,2853,3085,3338,3728,4046,3125,2415,1949,1052,280,53,16648,321,46377
2601,丹後,26,京都府,89638,https://www.mhlw.go.jp/stf/seisakunitsuite/bunya/0000080850_00014.html,2026-08-04,2727,3243,3684,3539,2019,2741,3369,3909,4683,6070,5653,6159,6386,7075,8272,6439,5406,4320,2498,827,178,35015,441,89638
2602,中丹,26,京都府,189488,https://www.mhlw.go.jp/stf/seisakunitsuite/bunya/0000080850_00014.html,2026-08-04,7030,7899,8330,9177,7141,7718,8722,9766,11539,13926,11627,10919,11110,12283,15547,11505,9012,7051,4007,1122,198,60725,3859,189488
2603,南丹,26,京都府,130710,https://www.mhlw.go.jp/stf/seisakunitsuite/bunya/0000080850_00014.html,2026-08-04,4098,5217,5727,6570,6206,4801,5436,6631,7725,8944,8111,8112,8396,9970,11287,8214,5902,4335,2320,669,106,42803,1933,130710
2604,京都・乙訓,26,京都府,1617143,https://www.mhlw.go.jp/stf/seisakunitsuite/bunya/0000080850_00014.html,2026-08-04,53986,58811,61449,74499,100446,80671,81432,88867,102155,121875,108269,95500,82322,89294,115381,90011,66868,45875,21381,6015,1117,435942,70919,1617143
2605,山城北,26,京都府,429990,https://www.mhlw.go.jp/stf/seisakunitsuite/bunya/0000080850_00014.html,2026-08-04,14576,17982,20252,22294,22542,17267,18637,22356,28348,35846,29340,24903,22631,27742,36302,28228,18511,11305,4804,1271,227,128390,4626,429990
2606,山城南,26,京都府,121118,https://www.mhlw.go.jp/stf/seisakunitsuite/bunya/0000080850_00014.html,2026-08-04,5256,6270,6928,6663,5324,4359,5612,7187,8671,10026,8244,7090,6735,7680,8997,6377,4125,2595,1391,387,66,31618,1135,121118
2701,豊能,27,大阪府,1056344,https://www.mhlw.go.jp/stf/seisakunitsuite/bunya/0000080850_00014.html,2026-08-04,44283,49417,48242,50452,56488,48982,54643,63549,72224,85910,76498,64610,53207,56557,70208,56644,42680,27440,12131,3199,508,269367,18472,1056344
2702,三島,27,大阪府,758811,https://www.mhlw.go.jp/stf/seisakunitsuite/bunya/0000080850_00014.html,2026-08-04,30043,32721,34940,36477,38277,35469,39397,43901,51521,63119,53823,43310,37126,42129,53624,45243,31471,18613,8065,2060,319,201524,17163,758811
2703,北河内,27,大阪府,1139459,https://www.mhlw.go.jp/stf/seisakunitsuite/bunya/0000080850_00014.html,2026-08-04,38040,42716,48052,53846,56914,49515,50856,56577,70419,93640,84283,69478,57241,67257,86694,74226,51186,28713,11456,2966,484,322982,44900,1139459
2704,中河内,27,大阪府,827357,https://www.mhlw.go.jp/stf/seisakunitsuite/bunya/0000080850_00014.html,2026-08-04,27422,30729,33603,39220,44833,39321,39341,42229,49957,66740,61203,52064,41756,47064,60506,52140,37806,21998,8522,2278,348,230662,28277,827357
2705,南河内,27,大阪府,592506,https://www.mhlw.go.jp/stf/seisakunitsuite/bunya/0000080850_00014.html,2026-08-04,19198,22394,25035,29413,30756,24776,25354,28446,34278,45993,42577,38455,34251,38682,47876,40660,28831,17084,7512,1917,300,182862,8718,592506
2706,堺市,27,大阪府,826161,https://www.mhlw.go.jp/stf/seisakunitsuite/bunya/0000080850_00014.html,2026-08-04,30149,34179,37763,39477,39498,37674,39835,44511,54177,68966,58287,48527,40715,48109,62454,51593,36558,21958,9596,2466,397,233131,19272,826161
2707,泉州,27,大阪府,884635,https://www.mhlw.go.jp/stf/seisakunitsuite/bunya/0000080850_00014.html,2026-08-04,31299,36908,41717,47571,48635,39895,40435,45385,54790,72389,64840,56059,48366,54276,64302,52239,37456,23183,9989,2521,408,244374,11972,884635
2708,大阪市,27,大阪府,2752412,https://www.mhlw.go.jp/stf/seisakunitsuite/bunya/0000080850_00014.html,2026-08-04,96980,96876,96793,104365,151794,182324,177163,176884,184996,215162,192168,165582,136319,145175,173068,138973,108421,71646,30586,7641,1311,676821,98185,2752412
2801,神戸,28,兵庫県,1525152,https://www.mhlw.go.jp/stf/seisakunitsuite/bunya/0000080850_00014.html,2026-08-04,50728,58246,62341,66365,71788,64733,70852,81090,93807,114502,101814,92818,85876,92630,108565,84608,62634,44056,20304,5519,845,419161,91031,1525152
2804,東播磨,28,兵庫県,716073,https://www.mhlw.go.jp/stf/seisakunitsuite/bunya/0000080850_00014.html,2026-08-04,29074,32203,32523,33461,32550,34059,38216,42241,47345,56908,48970,43007,39053,45056,53553,42205,28190,17600,7657,1887,273,196421,10042,716073
2805,北播磨,28,兵庫県,264135,https://www.mhlw.go.jp/stf/seisakunitsuite/bunya/0000080850_00014.html,2026-08-04,8699,10570,11520,12234,11365,11189,12016,13614,15781,19312,16885,16357,16518,19285,21590,17108,12382,8947,4717,1383,243,85655,2420,264135
2808,但馬,28,兵庫県,157989,https://www.mhlw.go.jp/stf/seisakunitsuite/bunya/0000080850_00014.html,2026-08-04,5110,6255,7020,6515,4142,5293,6444,7858,8930,10495,9630,10191,11513,12705,13330,10376,8435,7235,4052,1266,218,57617,976,157989
2809,丹波,28,兵庫県,101082,https://www.mhlw.go.jp/stf/seisakunitsuite/bunya/0000080850_00014.html,2026-08-04,3402,4167,4334,4185,3475,3842,4384,5099,5828,6538,5943,6273,7095,7995,8589,6263,5079,4252,2368,725,126,35397,1120,101082
2810,淡路,28,兵庫県,127340,https://www.mhlw.go.jp/stf/seisakunitsuite/bunya/0000080850_00014.html,2026-08-04,3967,4815,5242,5085,4027,4157,5062,6081,7345,8554,7691,7933,8700,10404,11851,8262,6707,5726,3278,993,169,47390,1291,127340
2811,阪神,28,兵庫県,1754911,https://www.mhlw.go.jp/stf/seisakunitsuite/bunya/0000080850_00014.html,2026-08-04,65702,73491,77728,82252,81641,75219,83222,96418,113669,141526,129180,110945,95052,101774,121656,97001,71553,46637,21204,5553,950,466328,62538,1754911
2812,播磨姫路,28,兵庫県,818320,https://www.mhlw.go.jp/stf/seisakunitsuite/bunya/0000080850_00014.html,2026-08-04,29793,35287,37988,39042,36657,35722,39377,44879,51999,63652,54132,50492,47753,53945,62445,48565,34744,24004,11171,3220,480,238574,12973,818320
2901,奈良,29,奈良県,354630,https://www.mhlw.go.jp/stf/seisakunitsuite/bunya/0000080850_00014.html,2026-08-04,11598,13596,14512,16424,17164,13803,15556,18270,21220,26938,24653,22557,21088,23990,28477,22709,16733,11094,5456,1505,248,110212,7039,354630
2902,東和,29,奈良県,198650,https://www.mhlw.go.jp/stf/seisakunitsuite/bunya/0000080850_00014.html,2026-08-04,6389,7520,8280,10821,10055,8425,8796,9887,11357,13630,12528,12364,12530,14689,16459,12746,9526,6592,3279,936,148,64375,1693,198650
2903,西和,29,奈良県,338775,https://www.mhlw.go.jp/stf/seisakunitsuite/bunya/0000080850_00014.html,2026-08-04,11591,14304,15613,16160,14547,12471,14689,17712,21294,26858,23209,20536,19700,23177,28845,23546,15613,9925,4639,1309,204,107258,2833,338775
2904,中和,29,奈良県,367425,https://www.mhlw.go.jp/stf/seisakunitsuite/bunya/0000080850_00014.html,2026-08-04,13326,15558,17000,18135,17054,16053,17691,19733,23271,28363,25656,23593,21422,24095,28091,22464,15989,9756,4551,1316,190,106452,4118,367425
2905,南和,29,奈良県,64993,https://www.mhlw.go.jp/stf/seisakunitsuite/bunya/0000080850_00014.html,2026-08-04,1267,1669,2048,2523,2253,2050,2154,2560,3004,3691,3789,4394,5044,5990,6104,4738,4056,3209,1662,451,69,26279,2268,64993
3001,和歌山,30,和歌山県,413354,https://www.mhlw.go.jp/stf/seisakunitsuite/bunya/0000080850_00014.html,2026-08-04,14484,16321,16987,17665,17278,17809,19976,21934,24968,31397,27931,26650,25146,27574,33344,27173,20258,14272,6871,1877,310,131679,3129,413354
3002,那賀,30,和歌山県,112783,https://www.mhlw.go.jp/stf/seisakunitsuite/bunya/0000080850_00014.html,2026-08-04,3884,4786,5178,5497,5047,4805,5193,5966,7086,8783,8044,7713,7258,7860,8610,6256,4450,3077,1556,432,57,32298,1245,112783
3003,橋本,30,和歌山県,83611,https://www.mhlw.go.jp/stf/seisakunitsuite/bunya/0000080850_00014.html,2026-08-04,2480,3129,3504,3788,3252,3083,3603,3955,4503,5611,5052,5608,6092,6779,7362,5611,4288,3270,1684,484,75,29553,398,83611
3004,有田,30,和歌山県,69699,https://www.mhlw.go.jp/stf/seisakunitsuite/bunya/0000080850_00014.html,2026-08-04,2185,2769,3091,3024,2433,2593,2958,3541,3992,4835,4423,4603,4795,5399,5873,4430,3685,2772,1479,405,54,24097,360,69699
3005,御坊,30,和歌山県,60324,https://www.mhlw.go.jp/stf/seisakunitsuite/bunya/0000080850_00014.html,2026-08-04,1962,2371,2585,3113,2028,2159,2574,2982,3401,4149,3808,3896,4141,4713,4946,3714,3003,2420,1353,351,47,20547,608,60324
3006,田辺,30,和歌山県,120871,https://www.mhlw.go.jp/stf/seisakunitsuite/bunya/0000080850_00014.html,2026-08-04,3826,4622,5312,4866,3673,4401,5126,6123,7286,8715,7844,8369,8145,8937,9859,7851,6326,4871,2580,749,109,41282,1281,120871
3007,新宮,30,和歌山県,61942,https://www.mhlw.go.jp/stf/seisakunitsuite/bunya/0000080850_00014.html,2026-08-04,1651,2058,2175,1997,1383,1769,2266,2551,3103,3816,3695,3974,4461,5271,6297,4989,4010,3194,1708,500,75,26044,999,61942
3101,東部,31,鳥取県,224492,https://www.mhlw.go.jp/stf/seisakunitsuite/bunya/0000080850_00014.html,2026-08-04,8117,9491,9884,10744,9790,8861,10727,12692,14248,15148,13039,13866,15274,17134,16588,11331,9854,8039,4533,1318,232,69029,3582,224492
3102,中部,31,鳥取県,99193,https://www.mhlw.go.jp/stf/seisakunitsuite/bunya/0000080850_00014.html,2026-08-04,3646,4258,4531,4294,2907,3562,4317,5342,6000,6529,5449,6041,7118,8167,8262,5908,4805,4167,2433,786,141,34669,530,99193
3103,西部,31,鳥取県,229722,https://www.mhlw.go.jp/stf/seisakunitsuite/bunya/0000080850_00014.html,2026-08-04,8831,9657,9915,9912,8739,9519,10703,12754,14528,16316,13636,13441,14506,16436,17984,13304,10801,8396,4702,1478,247,73348,3917,229722
3201,松江,32,島根県,240678,https://www.mhlw.go.jp/stf/seisakunitsuite/bunya/0000080850_00014.html,2026-08-04,9025,10439,10744,11698,10509,10148,11202,13057,14799,17111,14687,14501,14652,16102,18112,13174,10798,8806,4666,1423,252,73333,4773,240678
3202,雲南,32,島根県,52433,https://www.mhlw.go.jp/stf/seisakunitsuite/bunya/0000080850_00014.html,2026-08-04,1573,1957,2134,2017,1369,1489,1889,2372,2959,3068,2724,3086,3853,4711,4935,3318,3277,3071,1705,559,90,21666,277,52433
3203,出雲,32,島根県,172775,https://www.mhlw.go.jp/stf/seisakunitsuite/bunya/0000080850_00014.html,2026-08-04,7277,7939,8099,7698,6651,8077,9000,9725,11452,12069,10229,9966,10465,11809,12937,8743,7553,6399,3314,1005,184,51944,2184,172775
3204,大田,32,島根県,50612,https://www.mhlw.go.jp/stf/seisakunitsuite/bunya/0000080850_00014.html,2026-08-04,1548,1945,2064,1917,1097,1489,1905,2391,2626,2919,2506,2866,3789,4419,4955,3592,3072,2831,1741,646,107,21363,187,50612
3205,浜田,32,島根県,77551,https://www.mhlw.go.jp/stf/seisakunitsuite/bunya/0000080850_00014.html,2026-08-04,2466,2888,2989,3432,2758,2976,3186,3872,4438,4977,4360,4690,5302,6181,6826,4955,4238,3563,1990,610,90,28453,764,77551
3206,益田,32,島根県,57955,https://www.mhlw.go.jp/stf/seisakunitsuite/bunya/0000080850_00014.html,2026-08-04,1871,2185,2394,2344,1355,1796,2289,2709,3221,3512,2911,3346,4194,5015,5559,3936,3458,2915,1606,486,99,23074,754,57955
3207,隠岐,32,島根県,19122,https://www.mhlw.go.jp/stf/seisakunitsuite/bunya/0000080850_00014.html,2026-08-04,636,751,717,707,440,633,783,989,1014,1049,902,1008,1436,1848,1982,1296,1149,962,578,199,34,8048,9,19122
3301,県南東部,33,岡山県,916760,https://www.mhlw.go.jp/stf/seisakunitsuite/bunya/0000080850_00014.html,2026-08-04,34819,38579,39971,44489,47582,44319,46275,51813,58580,69385,57000,52663,51454,55393,66286,51662,36935,28056,14136,4019,677,257164,22667,916760
3302,県南西部,33,岡山県,697598,https://www.mhlw.go.jp/stf/seisakunitsuite/bunya/0000080850_00014.html,2026-08-04,25448,28968,30522,31416,30686,29657,32707,36283,41010,50395,41168,37092,38281,42796,51707,41289,29251,21332,10561,3022,542,200500,43465,697598
3303,高梁・新見,33,岡山県,57151,https://www.mhlw.go.jp/stf/seisakunitsuite/bunya/0000080850_00014.html,2026-08-04,1392,1780,2050,2706,2458,1953,2040,2360,2755,3099,2859,3379,4299,4887,5006,3789,3802,3345,1942,648,91,23510,511,57151
3304,真庭,33,岡山県,43538,https://www.mhlw.go.jp/stf/seisakunitsuite/bunya/0000080850_00014.html,2026-08-04,1397,1689,1876,1639,1133,1312,1710,2137,2489,2566,2211,2631,3227,3828,3922,2796,2662,2365,1332,434,68,17407,114,43538
3305,津山・英田,33,岡山県,173385,https://www.mhlw.go.jp/stf/seisakunitsuite/bunya/0000080850_00014.html,2026-08-04,6160,7042,7659,8181,6201,6722,7861,8867,10333,11522,9914,9945,11630,13033,14474,10165,8771,7247,4299,1203,218,59410,1938,173385
3401,広島,34,広島県,1366912,https://www.mhlw.go.jp/stf/seisakunitsuite/bunya/0000080850_00014.html,2026-08-04,54926,61752,63127,64033,62865,66501,72383,80110,92465,111326,93487,81065,73427,79576,94399,71828,50272,33947,17190,5240,933,353385,36060,1366912
3402,広島西,34,広島県,140492,https://www.mhlw.go.jp/stf/seisakunitsuite/bunya/0000080850_00014.html,2026-08-04,5319,6290,6177,6101,5700,6029,6815,7942,8553,9991,8732,8343,9212,10507,11612,8386,6064,4558,2404,730,107,44368,920,140492
3403,呉,34,広島県,236522,https://www.mhlw.go.jp/stf/seisakunitsuite/bunya/0000080850_00014.html,2026-08-04,6959,8450,9285,10026,10252,9780,10253,11310,13607,17011,14884,13824,13954,16418,21813,18089,13256,9500,4572,1370,260,85278,1649,236522
3404,広島中央,34,広島県,227759,https://www.mhlw.go.jp/stf/seisakunitsuite/bunya/0000080850_00014.html,2026-08-04,8651,10197,10565,12489,15424,11179,11748,12796,14253,16429,13910,12732,12162,13218,15630,11777,8062,6015,3211,1033,177,59123,6101,227759
3405,尾三,34,広島県,236868,https://www.mhlw.go.jp/stf/seisakunitsuite/bunya/0000080850_00014.html,2026-08-04,7225,9226,9860,9893,8372,8972,10281,11894,13447,16346,13891,13854,15754,18498,21227,16470,12544,10080,5432,1669,245,86165,1688,236868
3406,福山・府中,34,広島県,506835,https://www.mhlw.go.jp/stf/seisakunitsuite/bunya/0000080850_00014.html,2026-08-04,19396,22496,23392,22495,21854,23519,25672,28456,32644,38598,31579,28791,29543,34310,38370,29972,21911,15368,7840,2414,411,150596,7804,506835
3407,備北,34,広島県,84314,https://www.mhlw.go.jp/stf/seisakunitsuite/bunya/0000080850_00014.html,2026-08-04,2627,3228,3530,3339,2612,2966,3377,3923,4659,5245,4520,4672,5783,6883,7442,5320,4854,4567,2868,916,166,33016,817,84314
3501,岩国,35,山口県,135159,https://www.mhlw.go.jp/stf/seisakunitsuite/bunya/0000080850_00014.html,2026-08-04,4417,5329,5759,5669,4713,5204,5692,6621,7833,9702,8290,8141,8789,10163,11693,9060,7286,5748,2785,873,152,47760,1240,135159
3502,柳井,35,山口県,74336,https://www.mhlw.go.jp/stf/seisakunitsuite/bunya/0000080850_00014.html,2026-08-04,1837,2342,2784,2933,1946,2142,2483,3125,3954,4951,4257,4231,5203,6163,7715,6219,4843,3858,2174,670,122,31764,384,74336
3503,周南,35,山口県,243225,https://www.mhlw.go.jp/stf/seisakunitsuite/bunya/0000080850_00014.html,2026-08-04,8626,9684,10664,10163,8354,10116,11092,12515,14908,18636,15450,13623,14372,16961,20518,16893,11573,7910,3844,1208,182,79089,5933,243225
3504,山口・防府,35,山口県,307945,https://www.mhlw.go.jp/stf/seisakunitsuite/bunya/0000080850_00014.html,2026-08-04,11700,13336,13788,15620,14583,13030,15100,17281,19625,22708,18874,17880,18435,20348,23416,16959,13219,10278,5173,1527,289,91209,4776,307945
3505,宇部・小野田,35,山口県,246143,https://www.mhlw.go.jp/stf/seisakunitsuite/bunya/0000080850_00014.html,2026-08-04,8080,9733,10163,10664,11343,9603,10684,12699,15007,17163,14816,14085,15119,18900,21963,15752,12245,9190,4673,1427,207,84357,2627,246143
3506,下関,35,山口県,255051,https://www.mhlw.go.jp/stf/seisakunitsuite/bunya/0000080850_00014.html,2026-08-04,7954,9696,10505,10740,10367,9534,10530,12898,14856,17523,15500,14965,16385,19586,22964,17098,13646,10355,4928,1486,263,90326,3272,255051
3507,長門,35,山口県,32519,https://www.mhlw.go.jp/stf/seisakunitsuite/bunya/0000080850_00014.html,2026-08-04,792,1046,1201,1136,785,920,1064,1460,1706,1937,1717,1915,2437,3270,3494,2453,2197,1763,875,228,38,14318,85,32519
3508,萩,35,山口県,47681,https://www.mhlw.go.jp/stf/seisakunitsuite/bunya/0000080850_00014.html,2026-08-04,1040,1415,1717,1627,1157,1222,1517,2017,2554,2937,2669,2914,3576,4714,5145,3758,3294,2516,1288,368,51,21134,185,47681
3601,東部,36,徳島県,509036,https://www.mhlw.go.jp/stf/seisakunitsuite/bunya/0000080850_00014.html,2026-08-04,16764,19244,19845,20945,20647,19255,22684,26821,30858,35498,30525,30219,31977,37115,40676,28195,21925,17138,8860,2363,361,156633,27121,509036
3603,南部,36,徳島県,137526,https://www.mhlw.go.jp/stf/seisakunitsuite/bunya/0000080850_00014.html,2026-08-04,3981,4787,5632,5838,4506,4937,5580,6905,7928,9176,7982,8464,9314,11234,12706,9194,7850,6111,3127,975,130,51327,1169,137526
3605,西部,36,徳島県,72997,https://www.mhlw.go.jp/stf/seisakunitsuite/bunya/0000080850_00014.html,2026-08-04,1906,2400,2570,2559,1725,2120,2821,3477,3911,4182,4036,4579,6188,7174,6769,4589,4679,4085,2367,635,88,30386,137,72997
3702,小豆,37,香川県,26716,https://www.mhlw.go.jp/stf/seisakunitsuite/bunya/0000080850_00014.html,2026-08-04,750,817,893,789,565,798,978,1180,1420,1654,1515,1660,2013,2486,2840,2057,1674,1412,865,262,49,11645,39,26716
3706,東部,37,香川県,522759,https://www.mhlw.go.jp/stf/seisakunitsuite/bunya/0000080850_00014.html,2026-08-04,18510,21508,22786,23519,20468,21396,24624,28994,34109,40252,33330,30462,30935,34384,40998,28907,22004,16527,8493,2357,431,154101,17765,522759
3707,西部,37,香川県,400769,https://www.mhlw.go.jp/stf/seisakunitsuite/bunya/0000080850_00014.html,2026-08-04,14142,16674,17677,18227,15442,16953,19129,21454,25810,28914,23570,22792,25104,28686,34238,23502,18757,14965,7976,2269,394,130787,4094,400769
3801,宇摩,38,愛媛県,82754,https://www.mhlw.go.jp/stf/seisakunitsuite/bunya/0000080850_00014.html,2026-08-04,2494,2966,3383,2951,2711,3209,3643,4083,4826,5648,4814,4979,5343,6298,6722,4732,3885,2905,1531,505,80,26658,5046,82754
3802,新居浜・西条,38,愛媛県,220729,https://www.mhlw.go.jp/stf/seisakunitsuite/bunya/0000080850_00014.html,2026-08-04,7892,9278,9960,9048,7445,9255,10507,12066,13892,16306,13335,13626,13570,15787,18262,13201,10584,8074,4312,1271,237,71728,2821,220729
3803,今治,38,愛媛県,158181,https://www.mhlw.go.jp/stf/seisakunitsuite/bunya/0000080850_00014.html,2026-08-04,4817,5961,6584,6480,5128,6093,7146,8214,9305,11438,9655,9427,9857,12006,14842,11245,8394,6102,3200,967,174,56930,1146,158181
3804,松山,38,愛媛県,637742,https://www.mhlw.go.jp/stf/seisakunitsuite/bunya/0000080850_00014.html,2026-08-04,22438,26631,27962,29572,27883,26508,29934,35148,40559,47002,39703,38460,39551,42956,46208,33756,25864,19263,10325,2861,462,181695,24696,637742
3805,八幡浜・大洲,38,愛媛県,131669,https://www.mhlw.go.jp/stf/seisakunitsuite/bunya/0000080850_00014.html,2026-08-04,3650,4625,5157,4815,2865,3802,4772,5987,7022,7979,7712,8601,9914,11540,12526,9171,8571,6917,3875,1097,175,53872,896,131669
3806,宇和島,38,愛媛県,103766,https://www.mhlw.go.jp/stf/seisakunitsuite/bunya/0000080850_00014.html,2026-08-04,2627,3443,3896,3539,2302,2864,3464,4379,5652,6699,6216,6894,7940,9672,10924,7398,6428,5219,2844,788,123,43396,455,103766
3901,安芸,39,高知県,43666,https://www.mhlw.go.jp/stf/seisakunitsuite/bunya/0000080850_00014.html,2026-08-04,999,1261,1446,1155,1018,1254,1464,1871,2146,2569,2436,2942,3188,4065,4808,3668,3116,2375,1201,367,52,19652,265,43666
3902,中央,39,高知県,516816,https://www.mhlw.go.jp/stf/seisakunitsuite/bunya/0000080850_00014.html,2026-08-04,17420,19901,21300,23780,21011,19863,22378,27330,32566,38000,31410,31604,32209,36006,41990,31145,23812,19289,10763,3298,573,166876,11168,516816
3903,高幡,39,高知県,50797,https://www.mhlw.go.jp/stf/seisakunitsuite/bunya/0000080850_00014.html,2026-08-04,1255,1648,1890,1990,1216,1393,1887,2205,2485,2942,2738,3047,3744,4634,4995,3933,3341,2945,1672,543,86,22149,208,50797
3904,幡多,39,高知県,80248,https://www.mhlw.go.jp/stf/seisakunitsuite/bunya/0000080850_00014.html,2026-08-04,2235,2623,2968,2474,1773,2369,2785,3782,4593,5250,4410,4973,5950,7199,8297,5701,4835,4053,2257,652,116,33110,953,80248
4001,福岡・糸島,40,福岡県,1711269,https://www.mhlw.go.jp/stf/seisakunitsuite/bunya/0000080850_00014.html,2026-08-04,70877,74641,73124,78933,102891,101429,103284,113793,121776,129719,109834,95896,88023,93467,97220,67719,50779,35850,17483,5139,851,368508,78541,1711269
4002,粕屋,40,福岡県,292856,https://www.mhlw.go.jp/stf/seisakunitsuite/bunya/0000080850_00014.html,2026-08-04,14533,16533,16495,14391,12725,13367,16322,20129,22773,23835,17869,15216,16147,18318,19236,13269,9378,6254,3073,865,137,70530,1991,292856
4003,宗像,40,福岡県,164128,https://www.mhlw.go.jp/stf/seisakunitsuite/bunya/0000080850_00014.html,2026-08-04,7871,8541,7910,7459,6831,6645,9050,10689,10672,10952,8913,8818,10050,11510,12193,8890,6510,4608,2643,683,126,47163,2564,164128
4004,筑紫,40,福岡県,439695,https://www.mhlw.go.jp/stf/seisakunitsuite/bunya/0000080850_00014.html,2026-08-04,19825,22538,23500,23321,20851,19039,22630,27434,31883,35441,29677,25763,24870,27064,28580,19716,14378,9451,4598,1205,212,105204,7719,439695
4005,朝倉,40,福岡県,81763,https://www.mhlw.go.jp/stf/seisakunitsuite/bunya/0000080850_00014.html,2026-08-04,3042,3699,3642,3495,3130,3056,3593,4480,5052,5220,4642,4858,5591,6825,6947,4719,3855,3008,1667,527,82,27630,633,81763
4006,久留米,40,福岡県,452986,https://www.mhlw.go.jp/stf/seisakunitsuite/bunya/0000080850_00014.html,2026-08-04,17457,19787,20012,20734,20412,18893,20693,24380,27533,30151,27168,25993,26817,30648,31904,23547,18652,13389,6507,1944,348,126939,26017,452986
4007,八女・筑後,40,福岡県,129404,https://www.mhlw.go.jp/stf/seisakunitsuite/bunya/0000080850_00014.html,2026-08-04,5019,5784,5995,5905,5145,5283,6119,7103,7791,8192,7966,7795,8810,9760,9843,7248,6315,4888,2445,755,114,41368,1129,129404
4008,有明,40,福岡県,211617,https://www.mhlw.go.jp/stf/seisakunitsuite/bunya/0000080850_00014.html,2026-08-04,6961,8108,8749,9497,7896,7676,8748,10361,11696,13017,12367,13225,14768,17531,18813,13473,11714,8866,4595,1406,221,76619,1929,211617
4009,飯塚,40,福岡県,174715,https://www.mhlw.go.jp/stf/seisakunitsuite/bunya/0000080850_00014.html,2026-08-04,6548,7544,7634,7991,8132,7085,8174,9549,10755,11102,9177,9389,11273,14568,15054,9964,8244,6258,3248,1055,199,58590,1772,174715
4010,直方・鞍手,40,福岡県,104741,https://www.mhlw.go.jp/stf/seisakunitsuite/bunya/0000080850_00014.html,2026-08-04,3755,4399,4581,4377,3966,4156,4852,5588,6142,6666,5658,5831,6814,8666,9285,6773,5623,4226,2220,683,109,37585,371,104741
4011,田川,40,福岡県,117958,https://www.mhlw.go.jp/stf/seisakunitsuite/bunya/0000080850_00014.html,2026-08-04,4017,5019,5362,5299,4327,3992,4681,5903,6463,7231,6247,6239,8097,10580,11239,7713,6596,4971,2443,728,113,44383,698,117958
4012,北九州,40,福岡県,1070780,https://www.mhlw.go.jp/stf/seisakunitsuite/bunya/0000080850_00014.html,2026-08-04,38069,42699,44834,47437,47324,45149,48065,56253,64121,74459,65473,61848,62982,74059,83593,64774,50359,36026,17312,4791,843,331757,40310,1070780
4013,京築,40,福岡県,183302,https://www.mhlw.go.jp/stf/seisakunitsuite/bunya/0000080850_00014.html,2026-08-04,6914,8077,8084,8100,7634,7754,8769,10033,11042,12796,10738,10239,11390,13622,14900,11203,8826,6185,3095,903,132,58866,2866,183302
4101,中部,41,佐賀県,342893,https://www.mhlw.go.jp/stf/seisakunitsuite/bunya/0000080850_00014.html,2026-08-04,13392,15267,16003,16929,15636,14739,16425,19336,21013,22568,20733,20728,21723,24540,23617,17299,14059,10822,5660,1608,281,97886,10515,342893
4102,東部,41,佐賀県,126243,https://www.mhlw.go.jp/stf/seisakunitsuite/bunya/0000080850_00014.html,2026-08-04,5533,6085,6482,6382,5878,5641,6474,7544,8741,9218,7636,6980,7482,8617,8775,6417,4929,3455,1808,465,80,34546,1621,126243
4103,北部,41,佐賀県,122982,https://www.mhlw.go.jp/stf/seisakunitsuite/bunya/0000080850_00014.html,2026-08-04,4782,5597,6247,6202,4313,4668,5495,6521,7444,7916,6768,7598,8750,10053,9708,6557,5899,4658,2420,727,115,40137,544,122982
4104,西部,41,佐賀県,71639,https://www.mhlw.go.jp/stf/seisakunitsuite/bunya/0000080850_00014.html,2026-08-04,2764,3408,3554,3172,2375,2686,3224,4086,4414,4409,4028,4400,5166,5993,5630,3905,3466,2673,1449,447,73,23636,317,71639
4105,南部,41,佐賀県,147685,https://www.mhlw.go.jp/stf/seisakunitsuite/bunya/0000080850_00014.html,2026-08-04,5631,6534,6962,6471,5241,5784,6636,7882,8576,8777,8629,9505,10637,12404,11479,8085,7307,5931,3399,1089,162,49856,564,147685
4201,長崎,42,長崎県,505512,https://www.mhlw.go.jp/stf/seisakunitsuite/bunya/0000080850_00014.html,2026-08-04,18081,20440,21550,22888,20911,20276,23204,26199,29386,34910,31810,32974,34551,40213,40090,28033,23776,17511,8977,2726,424,161750,6582,505512
4202,佐世保県北,42,長崎県,307771,https://www.mhlw.go.jp/stf/seisakunitsuite/bunya/0000080850_00014.html,2026-08-04,11927,13740,14118,13647,11850,12187,14244,16715,18260,19873,18326,18284,20325,24444,24881,17585,14911,11430,5762,1791,285,101089,3186,307771
4203,県央,42,長崎県,264638,https://www.mhlw.go.jp/stf/seisakunitsuite/bunya/0000080850_00014.html,2026-08-04,11365,12753,13314,13119,9634,11090,13196,15025,16904,18531,16738,16733,17903,19667,18915,13362,11141,8221,4140,1292,196,76934,1399,264638
4204,県南,42,長崎県,126764,https://www.mhlw.go.jp/stf/seisakunitsuite/bunya/0000080850_00014.html,2026-08-04,4350,5289,5472,4688,3255,3948,4891,6229,6775,7434,7718,8793,10369,11211,10608,7751,7426,5981,3234,948,150,47309,244,126764
4206,五島,42,長崎県,34391,https://www.mhlw.go.jp/stf/seisakunitsuite/bunya/0000080850_00014.html,2026-08-04,1045,1220,1346,1098,622,963,1163,1557,1678,1939,2044,2497,3116,3441,3079,2217,2270,1744,959,252,40,14002,101,34391
4207,上五島,42,長崎県,19791,https://www.mhlw.go.jp/stf/seisakunitsuite/bunya/0000080850_00014.html,2026-08-04,500,594,675,595,270,447,594,773,940,1128,1273,1483,1876,2090,1884,1414,1450,1078,545,162,17,8640,3,19791
4208,壱岐,42,長崎県,24948,https://www.mhlw.go.jp/stf/seisakunitsuite/bunya/0000080850_00014.html,2026-08-04,868,1122,1223,984,502,695,906,1216,1517,1484,1349,1557,1852,2123,2247,1592,1490,1241,707,208,32,9640,33,24948
4209,対馬,42,長崎県,28502,https://www.mhlw.go.jp/stf/seisakunitsuite/bunya/0000080850_00014.html,2026-08-04,982,1134,1195,909,623,822,1149,1465,1626,1695,1632,1836,2409,2750,2624,1850,1745,1292,529,174,25,10989,36,28502
4302,宇城,43,熊本県,102546,https://www.mhlw.go.jp/stf/seisakunitsuite/bunya/0000080850_00014.html,2026-08-04,3657,4418,4755,4404,3735,3857,4550,5345,6022,6216,5850,6630,7276,8170,8012,5970,5419,4341,2440,740,128,35220,611,102546
4303,有明,43,熊本県,153862,https://www.mhlw.go.jp/stf/seisakunitsuite/bunya/0000080850_00014.html,2026-08-04,5574,6539,6678,6969,5682,5689,6828,8377,8802,9099,8304,9031,10761,13238,12956,9414,8473,6367,3338,1052,208,55046,483,153862
4304,鹿本,43,熊本県,49025,https://www.mhlw.go.jp/stf/seisakunitsuite/bunya/0000080850_00014.html,2026-08-04,1733,2034,2100,2007,1422,1739,2098,2513,2615,2734,2774,2918,3596,4294,4250,3075,2814,2346,1287,448,87,18601,141,49025
4305,菊池,43,熊本県,186712,https://www.mhlw.go.jp/stf/seisakunitsuite/bunya/0000080850_00014.html,2026-08-04,9546,10826,10642,9407,7528,8563,10856,12492,13290,12775,10260,10554,11137,12167,11837,7863,6726,5127,2699,864,159,47442,1394,186712
4306,阿蘇,43,熊本県,58703,https://www.mhlw.go.jp/stf/seisakunitsuite/bunya/0000080850_00014.html,2026-08-04,1917,2260,2409,1967,1599,1962,2300,2686,3038,3130,3148,3787,4655,5584,5376,3684,3627,3030,1735,550,73,23659,186,58703
4308,八代,43,熊本県,134161,https://www.mhlw.go.jp/stf/seisakunitsuite/bunya/0000080850_00014.html,2026-08-04,4625,5525,5735,6210,4667,5110,5912,6845,7540,8296,7900,8514,9373,10723,10785,8259,7186,5709,2885,777,105,46429,1480,134161
4309,芦北,43,熊本県,43492,https://www.mhlw.go.jp/stf/seisakunitsuite/bunya/0000080850_00014.html,2026-08-04,1290,1656,1806,1477,973,1260,1602,1974,2039,2316,2434,2718,3440,4182,3969,3201,2994,2326,1271,424,72,18439,68,43492
4310,球磨,43,熊本県,81480,https://www.mhlw.go.jp/stf/seisakunitsuite/bunya/0000080850_00014.html,2026-08-04,2755,3521,3846,3125,1777,2341,3174,3852,4352,4540,4520,5301,6225,7350,7171,5052,4911,4019,2256,666,114,31539,612,81480
4311,天草,43,熊本県,107460,https://www.mhlw.go.jp/stf/seisakunitsuite/bunya/0000080850_00014.html,2026-08-04,3245,4004,4463,3535,2248,3040,3607,4649,5440,5837,6173,7263,9041,10278,9843,7401,6862,5757,3167,939,156,44403,512,107460
4312,熊本・上益城,43,熊本県,820860,https://www.mhlw.go.jp/stf/seisakunitsuite/bunya/0000080850_00014.html,2026-08-04,34699,37760,38348,40270,40196,38202,42089,48321,53235,57402,50481,49825,50560,53778,54115,38689,31987,24297,12532,3755,607,219760,19712,820860
4401,東部,44,大分県,199000,https://www.mhlw.go.jp/stf/seisakunitsuite/bunya/0000080850_00014.html,2026-08-04,6119,7118,7807,8709,8287,7039,8025,9470,11291,12520,11344,11479,12651,14643,16955,13274,10736,8504,4470,1373,202,70157,6984,199000
4403,中部,44,大分県,560644,https://www.mhlw.go.jp/stf/seisakunitsuite/bunya/0000080850_00014.html,2026-08-04,21818,24666,25782,25707,23578,24183,27668,32244,37546,40933,33914,32651,35004,39500,42254,30143,22641,16658,8553,2440,361,162550,12400,560644
4405,南部,44,大分県,66851,https://www.mhlw.go.jp/stf/seisakunitsuite/bunya/0000080850_00014.html,2026-08-04,1931,2440,2588,2375,1554,1947,2491,3066,3734,4103,3664,4138,4912,6000,6387,4935,4313,3325,1797,501,90,27348,560,66851
4406,豊肥,44,大分県,54027,https://www.mhlw.go.jp/stf/seisakunitsuite/bunya/0000080850_00014.html,2026-08-04,1355,1758,2061,1976,1333,1486,1757,2284,2618,2800,2511,3083,4097,5023,5374,3943,3979,3573,2100,601,110,24703,205,54027
4408,西部,44,大分県,85584,https://www.mhlw.go.jp/stf/seisakunitsuite/bunya/0000080850_00014.html,2026-08-04,2948,3405,3918,3332,2325,2955,3386,4195,4984,5244,5065,5514,6267,7377,7452,5441,4804,3901,2081,619,88,31763,283,85584
4409,北部,44,大分県,157746,https://www.mhlw.go.jp/stf/seisakunitsuite/bunya/0000080850_00014.html,2026-08-04,5820,6710,7028,6607,5695,6394,7576,8627,9371,10112,9071,9091,10544,12174,12661,9387,7915,6212,3237,939,146,52671,2429,157746
4501,宮崎東諸県,45,宮崎県,426671,https://www.mhlw.go.jp/stf/seisakunitsuite/bunya/0000080850_00014.html,2026-08-04,17102,19530,20247,19809,17400,17482,20583,24222,28025,30710,26231,25921,27054,29841,30833,21373,16768,12635,6389,1878,309,120026,12329,426671
4502,都城北諸県,45,宮崎県,186231,https://www.mhlw.go.jp/stf/seisakunitsuite/bunya/0000080850_00014.html,2026-08-04,7973,9146,9470,8674,6570,7527,9033,10840,11567,11748,10133,11105,12977,14264,13872,9634,8642,6801,3534,976,190,57913,1555,186231
4503,延岡西臼杵,45,宮崎県,137143,https://www.mhlw.go.jp/stf/seisakunitsuite/bunya/0000080850_00014.html,2026-08-04,4819,5634,6188,5857,4392,4858,5716,6881,7773,8626,7565,8636,9779,11405,11598,8185,7531,6003,3134,864,157,48877,1542,137143
4504,日南串間,45,宮崎県,67670,https://www.mhlw.go.jp/stf/seisakunitsuite/bunya/0000080850_00014.html,2026-08-04,2246,2743,2919,2530,1698,2187,2566,3404,3622,3632,3439,4240,5419,6114,5919,4505,4221,3615,1827,503,89,26793,232,67670
4505,西諸,45,宮崎県,69947,https://www.mhlw.go.jp/stf/seisakunitsuite/bunya/0000080850_00014.html,2026-08-04,2363,2891,3011,2726,1851,2230,2715,3456,3879,3709,3648,4408,5482,6449,6041,4454,4250,3594,1871,541,108,27308,270,69947
4506,西都児湯,45,宮崎県,96091,https://www.mhlw.go.jp/stf/seisakunitsuite/bunya/0000080850_00014.html,2026-08-04,3423,4195,4584,4377,3309,3321,4013,4887,5711,5980,5237,5729,6775,8105,8405,5898,5029,3861,2074,627,107,34106,444,96091
4507,日向入郷,45,宮崎県,85823,https://www.mhlw.go.jp/stf/seisakunitsuite/bunya/0000080850_00014.html,2026-08-04,3259,3914,4116,3374,2611,3146,3578,4429,5324,5502,5020,5252,6145,7084,7129,5086,4425,3396,1824,496,80,29520,633,85823
4601,鹿児島,46,鹿児島県,668916,https://www.mhlw.go.jp/stf/seisakunitsuite/bunya/0000080850_00014.html,2026-08-04,25515,28955,30747,31878,27210,26248,30510,36841,41291,43518,39156,39773,43639,47807,45539,32502,25974,19896,10448,3233,514,185913,37722,668916
4603,南薩,46,鹿児島県,125011,https://www.mhlw.go.jp/stf/seisakunitsuite/bunya/0000080850_00014.html,2026-08-04,4033,4829,5063,5084,3302,3823,4892,5929,6380,6382,6674,7867,10189,12108,11052,8092,7664,6274,3489,1011,176,49866,698,125011
4605,川薩,46,鹿児島県,112646,https://www.mhlw.go.jp/stf/seisakunitsuite/bunya/0000080850_00014.html,2026-08-04,4455,5168,5326,4846,3818,4406,5155,6091,6323,6722,6358,7132,7891,9233,8481,6105,5621,4784,2862,889,169,38144,811,112646
4606,出水,46,鹿児島県,80969,https://www.mhlw.go.jp/stf/seisakunitsuite/bunya/0000080850_00014.html,2026-08-04,2980,3609,3584,3475,2192,2859,3498,4150,4421,4714,4636,5153,5986,6856,6510,4774,4621,3671,1917,533,85,28967,745,80969
4607,姶良・伊佐,46,鹿児島県,233055,https://www.mhlw.go.jp/stf/seisakunitsuite/bunya/0000080850_00014.html,2026-08-04,9644,11218,11297,10803,8257,9232,11328,13149,14214,14835,13515,14552,16276,17882,17033,11948,10617,8348,4553,1410,252,72043,2692,233055
4609,曽於,46,鹿児島県,75024,https://www.mhlw.go.jp/stf/seisakunitsuite/bunya/0000080850_00014.html,2026-08-04,2578,3224,3285,2500,2033,2388,3060,3818,3753,3730,3948,4921,6329,7116,6343,4416,4992,3832,1858,534,88,29179,278,75024
4610,肝属,46,鹿児島県,148804,https://www.mhlw.go.jp/stf/seisakunitsuite/bunya/0000080850_00014.html,2026-08-04,6036,6969,7213,5897,4659,5548,6725,8056,8402,8481,8082,9441,11240,12000,11207,7942,8100,6717,3368,941,154,50429,1626,148804
4611,熊毛,46,鹿児島県,39550,https://www.mhlw.go.jp/stf/seisakunitsuite/bunya/0000080850_00014.html,2026-08-04,1460,1828,1815,1179,793,1132,1484,2006,2253,2393,2386,2695,3258,3723,3252,2395,2421,1856,896,253,47,14843,25,39550
4612,奄美,46,鹿児島県,104281,https://www.mhlw.go.jp/stf/seisakunitsuite/bunya/0000080850_00014.html,2026-08-04,4222,5228,5100,3515,1974,3144,4437,5910,6158,6234,5896,7027,8736,9747,7648,5571,5128,4522,2764,944,183,36507,193,104281
4701,北部,47,沖縄県,100751,https://www.mhlw.go.jp/stf/seisakunitsuite/bunya/0000080850_00014.html,2026-08-04,5034,5453,5341,5419,4454,4352,5258,6007,6178,6137,5262,6066,7367,7832,5991,3847,3571,2718,1733,612,171,26475,1948,100751
4702,中部,47,沖縄県,518742,https://www.mhlw.go.jp/stf/seisakunitsuite/bunya/0000080850_00014.html,2026-08-04,27896,29699,29683,28748,27022,27500,29432,32212,34750,38058,32720,30229,30271,31638,25256,17191,16566,11359,5417,1607,408,109442,11080,518742
4703,南部,47,沖縄県,740743,https://www.mhlw.go.jp/stf/seisakunitsuite/bunya/0000080850_00014.html,2026-08-04,38648,42123,41646,39490,35496,37601,42845,47470,49358,54322,47406,44169,43963,46832,37783,26163,24715,16504,7862,2272,511,162642,13564,740743
4704,宮古,47,沖縄県,53989,https://www.mhlw.go.jp/stf/seisakunitsuite/bunya/0000080850_00014.html,2026-08-04,2749,3005,2798,2090,1466,2226,2854,3505,3507,3351,3037,3655,4407,4326,3016,2122,1940,1735,940,275,48,14402,937,53989
4705,八重山,47,沖縄県,53255,https://www.mhlw.go.jp/stf/seisakunitsuite/bunya/0000080850_00014.html,2026-08-04,3007,3137,3027,2046,1691,2604,3200,3908,3936,3766,3292,3295,3756,3743,2732,1629,1581,1149,666,204,43,11747,843,53255
