iryoken2_code,iryoken2_name,pref_name,n_specialists
0101,南渡島,北海道,2
0102,南檜山,北海道,0
0103,北渡島檜山,北海道,0
0104,札幌,北海道,28
0105,後志,北海道,0
0106,南空知,北海道,0
0107,中空知,北海道,1
0108,北空知,北海道,0
0109,西胆振,北海道,1
0110,東胆振,北海道,2
0111,日高,北海道,0
0112,上川中部,北海道,5
0113,上川北部,北海道,3
0114,富良野,北海道,0
0115,留萌,北海道,0
0116,宗谷,北海道,0
0117,北網,北海道,1
0118,遠紋,北海道,0
0119,十勝,北海道,1
0120,釧路,北海道,0
0121,根室,北海道,1
0201,津軽地域,青森県,4
0202,八戸地域,青森県,0
0203,青森地域,青森県,2
0204,西北五地域,青森県,1
0205,上十三地域,青森県,0
0206,下北地域,青森県,0
0301,盛岡,岩手県,4
0302,岩手中部,岩手県,0
0303,胆江,岩手県,0
0304,両磐,岩手県,0
0305,気仙,岩手県,0
0306,釜石,岩手県,0
0307,宮古,岩手県,0
0308,久慈,岩手県,0
0309,二戸,岩手県,0
0401,仙南,宮城県,2
0403,仙台,宮城県,26
0406,大崎・栗原,宮城県,3
0409,石巻・登米・気仙沼,宮城県,1
0501,大館・鹿角,秋田県,2
0502,北秋田,秋田県,0
0503,能代・山本,秋田県,0
0504,秋田周辺,秋田県,9
0505,由利本荘・にかほ,秋田県,0
0506,大仙・仙北,秋田県,1
0507,横手,秋田県,0
0508,湯沢・雄勝,秋田県,0
0601,村山,山形県,6
0602,最上,山形県,0
0603,置賜,山形県,0
0604,庄内,山形県,0
0701,県北,福島県,8
0702,県中,福島県,6
0703,県南,福島県,0
0706,相双,福島県,0
0707,いわき,福島県,1
0708,会津・南会津,福島県,1
0801,水戸,茨城県,0
0802,日立,茨城県,1
0803,常陸太田・ひたちなか,茨城県,0
0804,鹿行,茨城県,0
0805,土浦,茨城県,0
0806,つくば,茨城県,6
0807,取手・竜ヶ崎,茨城県,1
0808,筑西・下妻,茨城県,0
0809,古河・坂東,茨城県,0
0901,県北,栃木県,2
0902,県西,栃木県,0
0903,宇都宮,栃木県,4
0904,県東,栃木県,2
0905,県南,栃木県,8
0906,両毛,栃木県,1
1001,前橋,群馬県,7
1002,渋川,群馬県,1
1003,伊勢崎,群馬県,0
1004,高崎・安中,群馬県,0
1005,藤岡,群馬県,0
1006,富岡,群馬県,0
1007,吾妻,群馬県,0
1008,沼田,群馬県,0
1009,桐生,群馬県,1
1010,太田・館林,群馬県,1
1101,南部,埼玉県,3
1102,南西部,埼玉県,3
1103,東部,埼玉県,6
1104,さいたま,埼玉県,17
1105,県央,埼玉県,4
1106,川越比企,埼玉県,18
1107,西部,埼玉県,11
1108,利根,埼玉県,3
1109,北部,埼玉県,2
1110,秩父,埼玉県,0
1201,千葉,千葉県,23
1202,東葛南部,千葉県,10
1203,東葛北部,千葉県,14
1204,印旛,千葉県,13
1205,香取海匝,千葉県,1
1206,山武長生夷隅,千葉県,2
1207,安房,千葉県,10
1208,君津,千葉県,1
1209,市原,千葉県,2
1301,区中央部,東京都,92
1302,区南部,東京都,25
1303,区西南部,東京都,25
1304,区西部,東京都,85
1305,区西北部,東京都,31
1306,区東北部,東京都,11
1307,区東部,東京都,16
1308,西多摩,東京都,2
1309,南多摩,東京都,9
1310,北多摩西部,東京都,4
1311,北多摩南部,東京都,16
1312,北多摩北部,東京都,13
1313,島しょ,東京都,0
1404,川崎北部,神奈川県,16
1405,川崎南部,神奈川県,14
1406,横須賀・三浦,神奈川県,4
1407,湘南東部,神奈川県,5
1408,湘南西部,神奈川県,7
1409,県央,神奈川県,1
1410,相模原,神奈川県,8
1411,県西,神奈川県,1
1412,横浜,神奈川県,42
1501,下越,新潟県,2
1502,新潟,新潟県,22
1503,県央,新潟県,1
1504,中越,新潟県,1
1505,魚沼,新潟県,0
1506,上越,新潟県,1
1507,佐渡,新潟県,0
1601,新川,富山県,2
1602,富山,富山県,6
1603,高岡,富山県,0
1604,砺波,富山県,1
1701,南加賀,石川県,1
1702,石川中央,石川県,9
1703,能登中部,石川県,2
1704,能登北部,石川県,0
1801,福井・坂井,福井県,8
1802,奥越,福井県,0
1803,丹南,福井県,1
1804,嶺南,福井県,2
1901,中北,山梨県,2
1902,峡東,山梨県,0
1903,峡南,山梨県,0
1904,富士・東部,山梨県,0
2001,佐久,長野県,4
2002,上小,長野県,2
2003,諏訪,長野県,2
2004,上伊那,長野県,1
2005,飯伊,長野県,3
2006,木曽,長野県,0
2007,松本,長野県,12
2008,大北,長野県,2
2009,長野,長野県,3
2010,北信,長野県,1
2101,岐阜,岐阜県,10
2102,西濃,岐阜県,3
2103,中濃,岐阜県,1
2104,東濃,岐阜県,3
2105,飛騨,岐阜県,2
2201,賀茂,静岡県,0
2202,熱海伊東,静岡県,0
2203,駿東田方,静岡県,5
2204,富士,静岡県,1
2205,静岡,静岡県,9
2206,志太榛原,静岡県,4
2207,中東遠,静岡県,6
2208,西部,静岡県,12
2302,海部,愛知県,2
2304,尾張東部,愛知県,10
2305,尾張西部,愛知県,4
2306,尾張北部,愛知県,6
2307,知多半島,愛知県,6
2308,西三河北部,愛知県,4
2309,西三河南部西,愛知県,5
2310,西三河南部東,愛知県,2
2311,東三河北部,愛知県,0
2312,東三河南部,愛知県,8
2313,名古屋・尾張中部,愛知県,33
2405,桑員,三重県,1
2406,三泗,三重県,2
2407,鈴亀,三重県,5
2408,津,三重県,9
2409,伊賀,三重県,1
2410,松阪,三重県,1
2411,伊勢志摩,三重県,6
2412,東紀州,三重県,0
2501,大津,滋賀県,2
2502,湖南,滋賀県,6
2503,甲賀,滋賀県,0
2504,東近江,滋賀県,0
2505,湖東,滋賀県,0
2506,湖北,滋賀県,1
2507,湖西,滋賀県,0
2601,丹後,京都府,0
2602,中丹,京都府,0
2603,南丹,京都府,0
2604,京都・乙訓,京都府,46
2605,山城北,京都府,1
2606,山城南,京都府,0
2701,豊能,大阪府,16
2702,三島,大阪府,5
2703,北河内,大阪府,11
2704,中河内,大阪府,4
2705,南河内,大阪府,7
2706,堺市,大阪府,3
2707,泉州,大阪府,4
2708,大阪市,大阪府,36
2801,神戸,兵庫県,25
2804,東播磨,兵庫県,7
2805,北播磨,兵庫県,2
2808,但馬,兵庫県,0
2809,丹波,兵庫県,1
2810,淡路,兵庫県,1
2811,阪神,兵庫県,7
2812,播磨姫路,兵庫県,7
2901,奈良,奈良県,4
2902,東和,奈良県,1
2903,西和,奈良県,9
2904,中和,奈良県,14
2905,南和,奈良県,2
3001,和歌山,和歌山県,10
3002,那賀,和歌山県,2
3003,橋本,和歌山県,1
3004,有田,和歌山県,0
3005,御坊,和歌山県,0
3006,田辺,和歌山県,0
3007,新宮,和歌山県,0
3101,東部,鳥取県,3
3102,中部,鳥取県,0
3103,西部,鳥取県,4
3201,松江,島根県,3
3202,雲南,島根県,0
3203,出雲,島根県,5
3204,大田,島根県,0
3205,浜田,島根県,1
3206,益田,島根県,0
3207,隠岐,島根県,0
3301,県南東部,岡山県,14
3302,県南西部,岡山県,14
3303,高梁・新見,岡山県,0
3304,真庭,岡山県,0
3305,津山・英田,岡山県,2
3401,広島,広島県,17
3402,広島西,広島県,0
3403,呉,広島県,0
3404,広島中央,広島県,0
3405,尾三,広島県,1
3406,福山・府中,広島県,4
3407,備北,広島県,0
3501,岩国,山口県,0
3502,柳井,山口県,0
3503,周南,山口県,2
3504,山口・防府,山口県,2
3505,宇部・小野田,山口県,3
3506,下関,山口県,3
3507,長門,山口県,0
3508,萩,山口県,0
3601,東部,徳島県,10
3603,南部,徳島県,1
3605,西部,徳島県,0
3702,小豆,香川県,0
3706,東部,香川県,8
3707,西部,香川県,4
3801,宇摩,愛媛県,0
3802,新居浜・西条,愛媛県,1
3803,今治,愛媛県,1
3804,松山,愛媛県,18
3805,八幡浜・大洲,愛媛県,1
3806,宇和島,愛媛県,0
3901,安芸,高知県,0
3902,中央,高知県,8
3903,高幡,高知県,1
3904,幡多,高知県,0
4001,福岡・糸島,福岡県,56
4002,粕屋,福岡県,2
4003,宗像,福岡県,0
4004,筑紫,福岡県,6
4005,朝倉,福岡県,2
4006,久留米,福岡県,23
4007,八女・筑後,福岡県,0
4008,有明,福岡県,2
4009,飯塚,福岡県,5
4010,直方・鞍手,福岡県,1
4011,田川,福岡県,3
4012,北九州,福岡県,27
4013,京築,福岡県,1
4101,中部,佐賀県,9
4102,東部,佐賀県,3
4103,北部,佐賀県,1
4104,西部,佐賀県,0
4105,南部,佐賀県,1
4201,長崎,長崎県,41
4202,佐世保県北,長崎県,9
4203,県央,長崎県,10
4204,県南,長崎県,3
4206,五島,長崎県,1
4207,上五島,長崎県,0
4208,壱岐,長崎県,0
4209,対馬,長崎県,0
4302,宇城,熊本県,0
4303,有明,熊本県,0
4304,鹿本,熊本県,0
4305,菊池,熊本県,4
4306,阿蘇,熊本県,0
4308,八代,熊本県,0
4309,芦北,熊本県,1
4310,球磨,熊本県,0
4311,天草,熊本県,0
4312,熊本・上益城,熊本県,18
4401,東部,大分県,1
4403,中部,大分県,11
4405,南部,大分県,1
4406,豊肥,大分県,1
4408,西部,大分県,0
4409,北部,大分県,0
4501,宮崎東諸県,宮崎県,18
4502,都城北諸県,宮崎県,1
4503,延岡西臼杵,宮崎県,0
4504,日南串間,宮崎県,1
4505,西諸,宮崎県,1
4506,西都児湯,宮崎県,0
4507,日向入郷,宮崎県,0
4601,鹿児島,鹿児島県,13
4603,南薩,鹿児島県,0
4605,川薩,鹿児島県,1
4606,出水,鹿児島県,0
4607,姶良・伊佐,鹿児島県,0
4609,曽於,鹿児島県,0
4610,肝属,鹿児島県,3
4611,熊毛,鹿児島県,0
4612,奄美,鹿児島県,0
4701,北部,沖縄県,1
4702,中部,沖縄県,8
4703,南部,沖縄県,12
4704,宮古,沖縄県,0
4705,八重山,沖縄県,0
