pref_name,facility_name,n_specialists
北海道,JR札幌病院,1
北海道,NTT東日本札幌病院,1
北海道,なかた小児科,1
北海道,のえる小児科,1
北海道,むぎのこ発達クリニック 札幌心の診療所,1
北海道,一般社団法人Sapporo Medical Academy,1
北海道,伊達赤十字病院,1
北海道,八軒内科ファミリークリニック,1
北海道,勤医協中央病院,2
北海道,北海道がんセンター,1
北海道,北海道大学,2
北海道,北海道立子ども総合医療・療育センター,1
北海道,医療法人すがわら内科呼吸器科,1
北海道,医療法人社団 丘のうえこどもクリニック,1
北海道,医療法人社団 平成醫塾苫小牧東病院,1
北海道,医療法人社団こうの内科 円山エルムクリニック,1
北海道,医療法人社団大空会 大道内科・呼吸器科クリニック,1
北海道,名寄市立総合病院,2
北海道,名寄東病院,1
北海道,市立函館保健所,1
北海道,市立札幌病院,2
北海道,帯広厚生病院,1
北海道,愛育病院,1
北海道,慈啓会病院,1
北海道,手稲いなづみ病院,1
北海道,新さっぽろ小児科,1
北海道,旭川医科大学,1
北海道,旭川赤十字病院,1
北海道,札幌医科大学,6
北海道,札幌平岡病院,1
北海道,札幌徳洲会病院,2
北海道,東雁来すこやかクリニック,1
北海道,済生会西小樽病院みどりの里,1
北海道,滝川市立病院,1
北海道,独立行政法人国立病院機構 旭川医療センター,1
北海道,独立行政法人地域医療機能推進機構 北海道病院,1
北海道,社会福祉法人函館厚生院 函館五稜郭病院,1
北海道,美幌町立国民健康保険病院,1
北海道,道東勤医協ねむろ医院,1
北海道,重症心身障害児(者)施設 北海道療育園,1
青森県,平井内科医院,1
青森県,弘前大学,3
青森県,弘前市立病院,1
青森県,青森県立中央病院,1
青森県,青森県立保健大学,1
青森県,駅前クリニック,1
岩手県,岩手医科大学,3
岩手県,盛岡つなぎ温泉病院,1
宮城県,IMS Me-Lifeクリニック仙台,1
宮城県,おのだクリニック,1
宮城県,かくだ耳鼻咽喉科クリニック,1
宮城県,やまと在宅診療所あゆみ仙台,1
宮城県,仙台エコー医療養育センター,1
宮城県,仙台厚生病院,1
宮城県,仙台市立病院,1
宮城県,公益財団法人宮城県結核予防会,1
宮城県,坂総合病院,4
宮城県,東北医科薬科大学病院,4
宮城県,東北大学,10
宮城県,栗原市立栗原中央病院,2
宮城県,泉整形外科病院,1
宮城県,独立行政法人国立病院機構 仙台医療センター,3
宮城県,石巻市立病院,1
宮城県,若林保健福祉センター,1
宮城県,金上病院,1
秋田県,あきた内科・呼吸器内科クリニック,1
秋田県,医療法人光智会 西大館病院,1
秋田県,大館市立総合病院,1
秋田県,市立秋田総合病院,1
秋田県,杉山病院,1
秋田県,白根病院,1
秋田県,秋田厚生医療センター,1
秋田県,秋田大学,4
秋田県,秋田赤十字病院,1
秋田県,羽後長野駅前内科,1
秋田県,藤原記念病院,1
山形県,医療法人アイリス,1
山形県,山形大学,1
山形県,山形市立病院 済生館,1
山形県,山形県立中央病院,3
山形県,済生会山形済生病院,1
福島県,いわき市医療センター,1
福島県,会津西病院,1
福島県,医療法人 長沼クリニック,1
福島県,医療法人社団三愛会 池田記念病院,1
福島県,医療法人英徳会 さかい小児科クリニック,1
福島県,坪井病院,1
福島県,大原綜合病院,1
福島県,太田西ノ内病院,1
福島県,星総合病院,1
福島県,福島県立医科大学,6
福島県,福島県総合療育センター,1
福島県,都小児科医院,1
茨城県,医療法人三真会 原田医院,1
茨城県,日立総合病院,1
茨城県,牛久愛和総合病院,1
茨城県,筑波メディカルセンター病院,2
茨城県,筑波大学,4
栃木県,さつきホームクリニック,1
栃木県,佐野厚生総合病院,1
栃木県,国際医療福祉大学病院,1
栃木県,坂本内科クリニック,1
栃木県,新小山市民病院,1
栃木県,杏林会 今井病院,1
栃木県,栃木県済生会宇都宮病院,1
栃木県,独立行政法人国立病院機構 栃木医療センター,2
栃木県,獨協医科大学,2
栃木県,自治医科大学,5
栃木県,芳賀赤十字病院,2
栃木県,那須赤十字病院,1
群馬県,前橋城南病院,1
群馬県,前橋赤十字病院,3
群馬県,川島内科クリニック,1
群馬県,施設掲載なし,1
群馬県,桐生厚生総合病院,1
群馬県,群馬大学,3
群馬県,群馬県立がんセンター,1
群馬県,群馬県立小児総合医療センター,1
埼玉県,TMGあさか医療センター,1
埼玉県,あずさクリニック,1
埼玉県,かくたクリニック,1
埼玉県,さいたま市立病院,2
埼玉県,さいたま赤十字病院,3
埼玉県,さとむら内科クリニック,1
埼玉県,はらこどもクリニック,1
埼玉県,ひまわりこどもクリニック,1
埼玉県,イムス三芳総合病院,1
埼玉県,三郷中央総合病院,1
埼玉県,介護老人保健施設 うらら,1
埼玉県,介護老人保健施設 雪見野ケアセンター,1
埼玉県,佐藤医院,1
埼玉県,医療法人 栄寿会林病院,2
埼玉県,医療法人栄仁会 みらいﾒﾃﾞｨｶﾙｸﾘﾆｯｸ川口中央,1
埼玉県,医療法人社団尚篤会 赤心堂総合健診クリニック,1
埼玉県,医療法人社団愛友会 上尾中央総合病院,2
埼玉県,吉川美南の内科と整形外科,1
埼玉県,国立病院機構東埼玉病院,1
埼玉県,埼玉医科大学,6
埼玉県,埼玉医科大学国際医療センター,2
埼玉県,埼玉医科大学総合医療センター,8
埼玉県,埼玉杉戸診療所,1
埼玉県,埼玉県立がんセンター,1
埼玉県,埼玉石心会病院,1
埼玉県,好生会こまくさ診療所,1
埼玉県,小児科竹田クリニック,1
埼玉県,山岸内科クリニック,1
埼玉県,戸田市福祉保健センター,1
埼玉県,戸田市立市民医療センター,1
埼玉県,所沢リハビリテーション病院,1
埼玉県,所沢美原総合病院,1
埼玉県,新座病院,1
埼玉県,施設掲載なし,1
埼玉県,森田クリニック,1
埼玉県,深谷赤十字病院,1
埼玉県,済生会川口総合病院,1
埼玉県,獨協医科大学埼玉医療センター,4
埼玉県,社会福祉法人埼玉福祉事業協会 杉の子くりにっく,1
埼玉県,自治医科大学附属さいたま医療センター,6
埼玉県,若葉こどもクリニック,1
埼玉県,越谷市立病院,1
埼玉県,野火止クリニック,1
埼玉県,防衛医科大学校,5
埼玉県,飯能中央病院,1
埼玉県,騎西クリニック病院,1
千葉県,いちかわ真間こどもクリニック,1
千葉県,やまが在宅クリニック,1
千葉県,サンサンこどもクリニック,1
千葉県,ベイフロントクリニック南船橋,1
千葉県,中田小児科クリニック,1
千葉県,亀田総合病院,9
千葉県,勝又内科医院,1
千葉県,医療法人弘仁会 板倉病院,1
千葉県,医療法人恵翔会 岩田こどもクリニック,1
千葉県,医療法人社団七風会 すずきこどもクリニック,1
千葉県,医療法人社団慈優会 九十九里病院,1
千葉県,千葉労災病院,1
千葉県,千葉大学,12
千葉県,千葉市立海浜病院,1
千葉県,千葉市立青葉病院,2
千葉県,千葉県こども病院,3
千葉県,千葉県済生会習志野病院,1
千葉県,千葉西総合病院,1
千葉県,南流山こどもクリニック,1
千葉県,和洋女子大学,1
千葉県,国立がん研究センター東病院,1
千葉県,国立国府台医療センター,2
千葉県,国際医療福祉大学,6
千葉県,国際医療福祉大学市川総合病院,1
千葉県,安房地域医療センター,1
千葉県,小松こどもクリニック,1
千葉県,山之内病院,1
千葉県,帝京大学ちば総合医療センター,1
千葉県,新松戸中央総合病院,2
千葉県,施設掲載なし,2
千葉県,日本医科大学千葉北総病院,1
千葉県,日本赤十字社 成田赤十字病院,4
千葉県,東京ビジネスクリニック ペリエ千葉エキナカ,1
千葉県,東京ベイ・浦安市川医療センター,1
千葉県,東京女子医科大学八千代医療センター,1
千葉県,東京慈恵会医科大学附属柏病院,5
千葉県,東邦大学医療センター佐倉病院,1
千葉県,松戸市立総合医療センター,2
千葉県,柏たなか病院,1
千葉県,永田小児科医院,1
千葉県,沖縄徳洲会鎌ヶ谷総合病院,1
千葉県,玄々堂君津病院,1
千葉県,若杉こどもクリニック,1
千葉県,藤森小児科,1
千葉県,順天堂大学医学部附属浦安病院,1
東京都,Beigene Japan合同会社,1
東京都,CSLベーリング株式会社,1
東京都,KARADA内科クリニック,2
東京都,KARADA内科クリニック渋谷,1
東京都,NTT東日本関東病院,1
東京都,あらい内科クリニック板橋仲宿,1
東京都,おうちにかえろう。病院,1
東京都,おおぞら太陽クリニック,1
東京都,かわいクリニック,1
東京都,がん・感染症センター 都立駒込病院,8
東京都,こどもとおとなのクリニック パウルーム,1
東京都,しずく内科クリニック東池袋,1
東京都,しらかば診療所,1
東京都,すずきこどもクリニック,1
東京都,はせがわ こども・ファミリークリニック,1
東京都,まちだ丘の上病院,1
東京都,みなみ野こどもクリニック,1
東京都,むらい浜田山クリニック,1
東京都,りらホームクリニック,1
東京都,アストラゼネカ株式会社,1
東京都,イムスリハビリテーションセンター東京葛飾病院,1
東京都,グローバルヘルスケアクリニック,1
東京都,ファイザー株式会社,1
東京都,ホームアレークリニック城南,1
東京都,一橋病院,1
東京都,一般財団法人松翁会 松翁会診療所,1
東京都,三菱UFJ銀行,1
東京都,世田谷区保健センター,1
東京都,井口腎泌尿器科 亀有,1
東京都,信愛病院,1
東京都,光生会 平川病院,1
東京都,公益財団法人 がん研究会有明病院,4
東京都,公益財団法人 ライフ･エクステンション研究所附属永寿総合病院,1
東京都,公益財団法人東京都保健医療公社荏原病院,1
東京都,公益財団法人東京都医療保健協会 練馬総合病院,1
東京都,公益財団法人結核予防会 複十字病院,2
東京都,公立昭和病院,2
東京都,公立福生病院,1
東京都,内田こどもクリニック,1
東京都,北里大学北里研究所病院,3
東京都,医療法人五麟会 黒目川診療所,1
東京都,医療法人社団こころとからだの元氣プラザ,1
東京都,医療法人社団六瓢会 小原医院,1
東京都,医療法人社団快芯会 すずき内科,1
東京都,医療法人社団東仁会 吉祥寺あさひ病院,1
東京都,医療法人社団清令会 阿部医院,1
東京都,医療法人財団慈生会 野村病院,2
東京都,医社）千晶会 千晶こどもクリニック,1
東京都,南青山ひだまりクリニック,1
東京都,博慈会記念総合病院,1
東京都,厚生中央病院,1
東京都,厚生労働省,2
東京都,原町田診療所,1
東京都,右近クリニック,1
東京都,和田小児科医院,1
東京都,国家公務員共済組合連合会立川病院,1
東京都,国立がん研究センター中央病院,3
東京都,国立健康危機管理研究機構,1
東京都,国立健康危機管理研究機構 国立国際医療センター,31
東京都,国立健康危機管理研究機構 国立感染症研究所,16
東京都,国立極地研究所,1
東京都,国立病院機構災害医療センター,1
東京都,国立療養所 多磨全生園,1
東京都,国立研究開発法人 国立成育医療研究センター,5
東京都,大正製薬株式会社,1
東京都,宮下内科医院,1
東京都,巣鴨ホームクリニック,1
東京都,市立青梅総合医療センター,1
東京都,帝京大学,6
東京都,帝京平成大学,1
東京都,平成立石病院,2
東京都,慶應義塾大学,13
東京都,新宿つるかめクリニック,1
東京都,新宿なないろクリニック,1
東京都,新橋南桜パーククリニック,1
東京都,施設掲載なし,11
東京都,日本医科大学,4
東京都,日本大学医学部,4
東京都,日本赤十字社医療センター,2
東京都,日比谷クリニック,1
東京都,昭和医科大学,4
東京都,昭和医科大学江東豊洲病院,3
東京都,晴朗クリニック,1
東京都,杏林大学,3
東京都,東京ミッドタウンクリニック,1
東京都,東京北医療センター,1
東京都,東京医科大学,16
東京都,東京医科大学八王子医療センター,3
東京都,東京品川病院,1
東京都,東京大学,15
東京都,東京大学医科学研究所,6
東京都,東京女子医科大学,5
東京都,東京慈恵会医科大学,10
東京都,東京慈恵会医科大学葛飾医療センター,1
東京都,東京慈恵会医科大学西部医療センター,3
東京都,東京曳舟病院,1
東京都,東京科学大学,11
東京都,東京蒲田病院,1
東京都,東京西徳洲会病院,1
東京都,東京逓信病院,2
東京都,東京都保健医療公社 豊島病院,3
東京都,東京都健康長寿医療センター,3
東京都,東京都済生会中央病院,1
東京都,東京都立墨東病院,6
東京都,東京都立多摩総合医療センター,3
東京都,東京都立小児総合医療センター,1
東京都,東京都立広尾病院,1
東京都,東京都立松沢病院,1
東京都,東新宿おさかなこどもクリニック,1
東京都,東邦大学,12
東京都,東邦大学医療センター大橋病院,1
東京都,板橋中央総合病院,1
東京都,柳沢クリニック,1
東京都,武田内科小児科クリニック,1
東京都,武蔵野赤十字病院,1
東京都,江戸川メディケア病院,1
東京都,江東病院,1
東京都,淡島こどもクリニック,1
東京都,特定医療法人大坪会北多摩病院,1
東京都,独立行政法人医薬品医療機器総合機構,1
東京都,独立行政法人国立病院機構 東京医療センター,5
東京都,独立行政法人国立病院機構 東京病院,4
東京都,独立行政法人地域医療機能推進機構 東京山手メディカルセンター,1
東京都,目黒ケイホームクリニック,1
東京都,社会医療法人財団仁医会 牧田総合病院,1
東京都,社会福祉法人三井記念病院,1
東京都,神津小児科医院,1
東京都,秋津療育園,1
東京都,秋田医院,1
東京都,稲城わかばクリニック,1
東京都,結核予防会結核研究所,2
東京都,結核予防会複十字病院,1
東京都,練馬光が丘病院,1
東京都,練馬駅リハビリテーション病院,1
東京都,聖路加国際病院,6
東京都,自由が丘南口クリニック,1
東京都,自衛隊中央病院,2
東京都,蒲田リハビリテーション病院,1
東京都,藤原医院,1
東京都,虎の門病院,9
東京都,調布ヶ丘耳鼻咽喉科内科医院,1
東京都,赤坂虎の門クリニック,1
東京都,足立鹿浜病院,1
東京都,青木医院,1
東京都,青木病院,1
東京都,順天堂大学,13
東京都,順天堂大学医学部附属練馬病院,2
神奈川県,あざがみクリニック,1
神奈川県,いずみ野整形外科,1
神奈川県,さがみリハビリテーション病院,1
神奈川県,たかさか小児科,1
神奈川県,ひかりこどもクリニック,1
神奈川県,ふかさわ呼吸器・消化器内科クリニック,1
神奈川県,ふちのべ整形外科,1
神奈川県,やまばと内科呼吸器クリニック,1
神奈川県,カク小児クリニック,1
神奈川県,一般財団法人神奈川県労働衛生福祉協会,1
神奈川県,一般財団法人神奈川県警友会 けいゆう病院,2
神奈川県,三浦市立病院,1
神奈川県,上大岡内科・呼吸器科クリニック,1
神奈川県,介護老人保健施設ハートケア横浜,1
神奈川県,内科小児科宮島医院,1
神奈川県,北里大学,7
神奈川県,医療法人光仁会 たかはし内科,1
神奈川県,医療法人博友会 進藤医院,1
神奈川県,医療法人愛仁会 太田総合病院,2
神奈川県,医療法人社団 こころみ,1
神奈川県,医療法人社団千歳会 キッズクリニック鷺沼,1
神奈川県,厚木市立病院,1
神奈川県,小田原市立病院,1
神奈川県,川崎市健康安全研究所,1
神奈川県,川崎市立井田病院,1
神奈川県,川崎市立川崎病院,3
神奈川県,川崎高津クリニック,1
神奈川県,帝京大学医学部附属溝口病院,3
神奈川県,平和病院,1
神奈川県,新川崎ふたばクリニック小児科・皮膚科,1
神奈川県,新緑脳神経外科,1
神奈川県,施設掲載なし,5
神奈川県,日本医科大学武蔵小杉病院,3
神奈川県,日産自動車健康保険組合 日産追浜地区診療所,1
神奈川県,昭和医科大学横浜市北部病院,3
神奈川県,東海大学,5
神奈川県,横浜かんだいじファミリークリニック,1
神奈川県,横浜リウマチ・内科クリニック,1
神奈川県,横浜南共済病院,1
神奈川県,横浜市保健所,1
神奈川県,横浜市旭中央病院,1
神奈川県,横浜市立みなと赤十字病院,2
神奈川県,横浜市立大学,4
神奈川県,横浜市立大学附属市民総合医療センター,3
神奈川県,横浜市立市民病院,4
神奈川県,横浜新緑総合病院,1
神奈川県,済生会横浜市南部病院,2
神奈川県,済生会湘南平塚病院,1
神奈川県,港北病院,1
神奈川県,湘南藤沢徳洲会病院,1
神奈川県,湘南鎌倉総合病院,2
神奈川県,独立行政法人労働者健康安全機構 横浜労災病院,1
神奈川県,独立行政法人国立病院機構 横浜医療センター,2
神奈川県,百合ヶ丘駅前クリニック,1
神奈川県,社会福祉法人キャマラード みどりの家診療所,1
神奈川県,神奈川県立がんセンター,1
神奈川県,神奈川県立循環器呼吸器病センター,3
神奈川県,聖マリアンナ医科大学,9
神奈川県,聖マリアンナ医科大学横浜市西部病院,1
神奈川県,藤沢市民病院,3
神奈川県,遠藤医院,1
神奈川県,関東労災病院,2
神奈川県,陽光台こばやしこどもクリニック,1
神奈川県,青葉台マグノリア内科・呼吸器クリニック,1
神奈川県,高宮小児科,1
神奈川県,鵬友会ゆめが丘総合病院,1
新潟県,おおつかこどもクリニック,1
新潟県,こばやし内科クリニック,1
新潟県,こばりファミリークリニック,1
新潟県,とやの中央病院,1
新潟県,三条東病院,1
新潟県,信楽園病院,1
新潟県,公益財団法人新潟県保健衛生センター,1
新潟県,医療法人恒仁会 新潟南病院,1
新潟県,新潟大学,12
新潟県,新潟市民病院,3
新潟県,新潟県立新発田病院,1
新潟県,新潟県立柿崎病院,1
新潟県,施設掲載なし,1
新潟県,村上総合病院,1
新潟県,済生会新潟県央基幹病院,1
新潟県,独立行政法人国立病院機構 西新潟中央病院,1
新潟県,長岡赤十字病院,1
富山県,さくはなファミリークリニック,1
富山県,南砺市民病院,1
富山県,厚生連高岡病院,2
富山県,国立病院機構富山病院,1
富山県,富山労災病院,1
富山県,富山大学,4
富山県,富山県立中央病院,1
富山県,富山県衛生研究所,1
富山県,市立礪波総合病院,1
富山県,魚津緑ヶ丘病院,1
石川県,にし内科・呼吸器クリニック,1
石川県,公立松任石川中央病院,1
石川県,加賀市医療センター,1
石川県,医療法人社団芙蓉会 二ツ屋病院,1
石川県,恵寿総合病院,2
石川県,施設掲載なし,1
石川県,特定医療法人扇翔会 南ヶ丘病院,1
石川県,独立行政法人地域医療推進機構金沢病院,1
石川県,石川県立中央病院,1
石川県,金沢医科大学,2
石川県,金沢大学,3
福井県,レイクヒルズ美方病院,1
福井県,国立病院機構あわら病院,1
福井県,独立行政法人国立病院機構 敦賀医療センター,1
福井県,福井大学,3
福井県,福井県丹南健康福祉センター・丹南保健所,1
福井県,福井県坂井健康福祉センター,1
福井県,福井県立病院,2
福井県,福井総合病院,1
山梨県,山梨大学,1
山梨県,山梨県立中央病院,1
長野県,いでうら呼吸器内科・耳鼻咽喉科・消化器内科医院,1
長野県,はま内科呼吸器クリニック,1
長野県,まつもと医療センター,1
長野県,まるやまファミリークリニック,1
長野県,よねざわ伊藤クリニック,1
長野県,丸子中央病院,1
長野県,久田小児科医院,1
長野県,伊那中央病院,1
長野県,佐久総合病院,1
長野県,佐久総合病院付属小海診療所,1
長野県,佐久総合病院佐久医療センター,1
長野県,信州大学,7
長野県,北信総合病院,1
長野県,医療法人清秀会甘利医院わだ,1
長野県,南長野医療センター篠ノ井総合病院,1
長野県,地方独立行政法人長野県立病院機構,1
長野県,地方独立行政法人長野県立病院機構長野県立信州医療センター,2
長野県,城西病院,1
長野県,市立大町総合病院,2
長野県,木下整形外科・小児科,1
長野県,東御市民病院,1
長野県,諏訪中央病院,1
長野県,諏訪赤十字病院,1
長野県,長野県立こども病院,1
長野県,飯田市立上村診療所,1
岐阜県,JA岐阜厚生連中濃厚生病院,2
岐阜県,いちはしメディカルクリニック,1
岐阜県,中部国際医療センター,1
岐阜県,久美愛厚生病院,1
岐阜県,加藤医院,1
岐阜県,南ひだせせらぎ病院,1
岐阜県,博愛会病院,1
岐阜県,国立病院機構 長良医療センター,1
岐阜県,大垣市民病院,1
岐阜県,学校法人朝日大学病院,1
岐阜県,岐阜大学,2
岐阜県,岐阜市民病院,1
岐阜県,岐阜県総合医療センター,3
岐阜県,岐阜綜合健診センター,1
岐阜県,本荘内科呼吸器科,1
岐阜県,浜田･浅井医院,1
岐阜県,県立多治見病院,1
岐阜県,社会医療法人蘇西厚生会 松波総合病院,1
岐阜県,藤井記念小西クリニック,1
岐阜県,西濃厚生病院,1
岐阜県,高山ぶなの杜診療所,1
静岡県,NTT東日本伊豆病院,1
静岡県,うぐいす在宅診療所,1
静岡県,えん在宅医療クリニック,1
静岡県,きのさき内科・呼吸器内科,1
静岡県,げんま内科・呼吸器内科クリニック,1
静岡県,みやざき内科,1
静岡県,やなせ内科呼吸器科クリニック,1
静岡県,コミュニティホスピタル甲賀病院,1
静岡県,フジ虎ノ門整形外科病院,1
静岡県,中東遠総合医療センター,1
静岡県,公益社団法人有隣厚生会 富士病院,1
静岡県,医療法人一穂会 西山病院,1
静岡県,国立病院機構天竜病院,1
静岡県,山下内科医院,1
静岡県,岸本内科クリニック,1
静岡県,市立御前崎総合病院,1
静岡県,浜松医療センター,4
静岡県,浜松医科大学,2
静岡県,浜松赤十字病院,1
静岡県,瀬名こどもクリニック,1
静岡県,石井内科,1
静岡県,磐田市立総合病院,2
静岡県,総合病院 聖隷三方原病院,1
静岡県,藤枝市立総合病院,1
静岡県,藤枝平成記念病院,1
静岡県,野尻こどもファミリークリニック,1
静岡県,静岡市立清水病院,2
静岡県,静岡県立こども病院,2
静岡県,静岡県立総合病院,3
静岡県,静岡県立静岡がんセンター,1
愛知県,JA愛知厚生連 海南病院,1
愛知県,あいち小児保健医療総合センター,3
愛知県,あらかわ医院,1
愛知県,いむれ内科クリニック,1
愛知県,こじま内科小児科クリニック,1
愛知県,ごとう内科・腎移植内科クリニック,1
愛知県,すずき呼吸器クリニック,1
愛知県,キャッスルキッズクリニック,1
愛知県,サニーホームケアクリニック,1
愛知県,トヨタ記念病院,3
愛知県,フォレストベルクリニック,1
愛知県,プライベートケアクリニック 名古屋栄,1
愛知県,一宮市立市民病院,1
愛知県,上林記念病院,1
愛知県,並木病院,1
愛知県,乙川さとうクリニック,1
愛知県,刈谷豊田総合病院,1
愛知県,加藤内科クリニック,1
愛知県,医療法人 たけだクリニック,1
愛知県,医療法人 朽名医院,1
愛知県,医療法人メファ仁愛会 マイファミリークリニック蒲郡,1
愛知県,医療法人三善会老人保健施設第二アメニティつしま,1
愛知県,医療法人杏嶺会 一宮西病院,2
愛知県,医療法人瑞心会 渡辺病院,1
愛知県,吉田クリニック,1
愛知県,名古屋大学,8
愛知県,名古屋学芸大学,1
愛知県,名古屋工業大学,1
愛知県,名古屋市厚生院,1
愛知県,名古屋市立大学,4
愛知県,名古屋市立大学医学部付属みどり市民病院,1
愛知県,名古屋市立大学医学部附属東部医療センター,3
愛知県,名古屋市重症心身障害児施設 ティンクルなごや,1
愛知県,名古屋徳洲会病院,1
愛知県,名鉄病院,1
愛知県,大同病院,1
愛知県,大府うららクリニック,1
愛知県,岡崎市医師会公衆衛生センター,1
愛知県,常滑市民病院,1
愛知県,愛知医科大学,3
愛知県,愛知県厚生農業協同組合連合会 江南厚生病院,4
愛知県,愛知県厚生連 安城更生病院,3
愛知県,新生会第一病院,1
愛知県,施設掲載なし,5
愛知県,日本赤十字社愛知医療センター名古屋第一病院,1
愛知県,日本赤十字社愛知医療センター名古屋第二病院,1
愛知県,栄エンゼルクリニック,1
愛知県,森クリニック,1
愛知県,津島市民病院,2
愛知県,独立行政法人労働者健康福祉機構 中部ろうさい病院,2
愛知県,独立行政法人国立病院機構 名古屋医療センター,1
愛知県,独立行政法人地域医療機能推進機構 中京病院,2
愛知県,社会医療法人明陽会 成田記念病院,2
愛知県,笠寺病院,1
愛知県,老人保健施設やすらぎ（内科）,1
愛知県,藤田医科大学,6
愛知県,藤田医科大学ばんたね病院,1
愛知県,藤田医科大学岡崎医療センター,1
愛知県,西尾市民病院,1
愛知県,西日本電信電話株式会社,1
愛知県,豊川市民病院,1
愛知県,豊田厚生病院,1
愛知県,野田内科クリニック,1
三重県,かいばな内科クリニック,1
三重県,みずほ台クリニック,1
三重県,三重大学,8
三重県,三重県立一志病院,1
三重県,三重県立総合医療センター,1
三重県,伊勢ひかり病院,2
三重県,伊勢赤十字病院,3
三重県,医療法人社団 山中胃腸科病院,1
三重県,名張市立病院,1
三重県,市立伊勢総合病院,1
三重県,施設掲載なし,1
三重県,村瀬病院,1
三重県,松坂厚生病院,1
三重県,桑名市総合医療センター,1
三重県,鈴鹿中央総合病院,1
三重県,鈴鹿医療科学大学,2
滋賀県,あさかぜ内科クリニック,1
滋賀県,大津赤十字病院,1
滋賀県,市立大津市民病院,1
滋賀県,淡海医療センター,2
滋賀県,滋賀医科大学,2
滋賀県,滋賀県立総合病院,2
滋賀県,荻野医院,1
京都府,京都トラベルIDクリニック,1
京都府,京都大原記念病院,1
京都府,京都大学,18
京都府,京都市保健福祉局,1
京都府,京都府立医科大学,4
京都府,京都東山老年サナトリウム,1
京都府,京都桂病院,1
京都府,京都第一赤十字病院,3
京都府,京都第二赤十字病院,1
京都府,医療法人医仁会武田総合病院,1
京都府,医療法人社団医聖会 京都八幡病院,1
京都府,医療法人祥風会 万代池みどりクリニック,1
京都府,地方独立行政法人京都市立病院機構 京都市立病院,5
京都府,新京都南病院,1
京都府,施設掲載なし,3
京都府,日本パブテスト病院,1
京都府,洛和会音羽病院,3
京都府,洛西ニュータウン病院,1
京都府,独立行政法人国立病院機構 京都医療センター,6
大阪府,JCHO大阪病院,1
大阪府,あさいこどもクリニック,1
大阪府,さわだクリニック,1
大阪府,すぎた子どもクリニック,1
大阪府,ながはら病院,1
大阪府,はすい小児科,1
大阪府,キャップスクリニック長吉長原,1
大阪府,一財）大阪府結核予防会大阪複十字病院,1
大阪府,中島アレルギー・呼吸器内科クリニック,1
大阪府,中浜医院,1
大阪府,八尾市立病院,1
大阪府,公益財団法人 田附興風会医学研究所北野病院,2
大阪府,公益財団法人日本生命済生会 日本生命病院,1
大阪府,医療法人 小野クリニック,1
大阪府,医療法人あかし内科クリニック,1
大阪府,医療法人愛幸会 くまだ内科・小児科クリニック,1
大阪府,医療法人真会 吉岡医院,1
大阪府,医療法人誠心会 森口医院,1
大阪府,友紘会総合病院,1
大阪府,国立循環器病研究センター,2
大阪府,堺市立総合医療センター,2
大阪府,多根総合病院,1
大阪府,大阪はびきの医療センター,2
大阪府,大阪健康安全基盤研究所,1
大阪府,大阪公立大学,5
大阪府,大阪医科薬科大学,2
大阪府,大阪国際がんセンター,1
大阪府,大阪大学,14
大阪府,大阪市立十三市民病院,1
大阪府,大阪市立総合医療センター,5
大阪府,大阪府済生会 茨木病院,1
大阪府,大阪府済生会中津病院,1
大阪府,大阪急性期・総合医療センター,2
大阪府,大阪警察病院,1
大阪府,大阪赤十字病院,1
大阪府,岸和田市民病院,1
大阪府,市立ひらかた病院,1
大阪府,常盤メディカルクリニック,1
大阪府,杉本医院,1
大阪府,淀川キリスト教病院,1
大阪府,独立行政法人りんくう総合医療センター,2
大阪府,独立行政法人国立病院機構 大阪医療センター,3
大阪府,独立行政法人国立病院機構 近畿中央呼吸器センター,1
大阪府,独立行政法人地域医療機能推進機構星ヶ丘医療センター,1
大阪府,畷生会脳神経外科病院,1
大阪府,社会医療法人啓仁会 咲花病院,1
大阪府,社会医療法人若弘会 若草第一病院,1
大阪府,社会福祉法人 石井記念愛染園附属愛染橋病院,1
大阪府,育和会記念病院,1
大阪府,船員保険大阪健康管理センター,1
大阪府,豊旺会 共立病院,1
大阪府,近畿大学,5
大阪府,近鉄ｸﾞﾙｰﾌﾟ総合健康管理ｾﾝﾀｰ大阪健康管理ｾﾝﾀｰ診療所,1
大阪府,関西医科大学,4
大阪府,関西電力病院,1
兵庫県,たかのこどもクリニック,1
兵庫県,たてクリニック,1
兵庫県,よつば診療所東灘,1
兵庫県,三菱電機モビリティ（株） 姫路事業所,1
兵庫県,介護老人保健施設 神戸日の出苑,1
兵庫県,光寿会城陽江尻病院,1
兵庫県,公立豊岡病院,1
兵庫県,兵庫医科大学,2
兵庫県,兵庫県立がんセンター,1
兵庫県,兵庫県立こども病院,3
兵庫県,兵庫県立はりま姫路総合医療センター,3
兵庫県,兵庫県立丹波医療センター,1
兵庫県,兵庫県立予防医学協会,1
兵庫県,兵庫県立尼崎総合医療センター,1
兵庫県,兵庫県立淡路医療センター,1
兵庫県,加古川中央市民病院,2
兵庫県,北播磨総合医療センター,2
兵庫県,医療法人 川崎病院,1
兵庫県,医療法人社団 明石医療センター,3
兵庫県,大倉クリニック,1
兵庫県,尼崎だいもつ病院,1
兵庫県,尼崎総合医療センター,1
兵庫県,岩谷内科医院,1
兵庫県,施設掲載なし,1
兵庫県,明石仁十病院,1
兵庫県,独立行政法人国立病院機構 姫路医療センター,2
兵庫県,社会医療法人三栄会 ツカザキ病院,1
兵庫県,神戸大学,7
兵庫県,神戸市保健所,1
兵庫県,神戸市立医療センター中央市民病院,4
兵庫県,神戸市立医療センター西市民病院,5
兵庫県,神戸常盤大学,1
兵庫県,神綱記念病院,1
兵庫県,筒井小児科クリニック,1
兵庫県,西宮渡辺病院,1
兵庫県,西神戸医療センター,2
兵庫県,酒井病院,1
奈良県,医療法人厚生会 奈良厚生会病院,3
奈良県,医療法人和幸会 阪奈中央病院,1
奈良県,医療法人平成記念病院,1
奈良県,医療法人鴻池会 秋津鴻池病院,2
奈良県,南奈良総合医療センター,2
奈良県,善本内科クリニック,1
奈良県,大和高田市立病院,1
奈良県,天理よろづ相談所病院,1
奈良県,奈良県立医科大学,10
奈良県,奈良県総合医療センター,3
奈良県,奈良県西和医療センター,1
奈良県,市立奈良病院,1
奈良県,施設掲載なし,1
奈良県,田北病院,1
奈良県,近畿大学医学部奈良病院,2
和歌山県,つくし医療福祉センター,1
和歌山県,やまいり内科クリニック,1
和歌山県,公立那賀病院,1
和歌山県,和歌山県立医科大学,4
和歌山県,和歌山駅前つじもと内科・呼吸器内科アレルギー科,1
和歌山県,日本赤十字社和歌山医療センター,5
和歌山県,橋本市民病院,1
鳥取県,よねだクリニック,1
鳥取県,山陰労災病院,1
鳥取県,鳥取大学,3
鳥取県,鳥取県立中央病院,2
島根県,島根大学医学部附属病院,1
島根県,島根県立中央病院,4
島根県,松江市立病院,1
島根県,松江赤十字病院,1
島根県,独立行政法人国立病院機構 松江医療センター,1
島根県,独立行政法人国立病院機構 浜田医療センター,1
岡山県,おきもと内科と外科のクリニック,2
岡山県,しげい病院,1
岡山県,倉敷中央病院,6
岡山県,岡山労災病院,1
岡山県,岡山大学,4
岡山県,岡山市立市民病院,1
岡山県,岡山市立総合医療センター,1
岡山県,岡山赤十字病院,1
岡山県,川崎医療福祉大学,1
岡山県,川崎医科大学,6
岡山県,川崎医科大学総合医療センター,3
岡山県,施設掲載なし,1
岡山県,木村医院,1
岡山県,津山中央病院,1
岡山県,独立行政法人国立病院機構岡山医療センター,1
岡山県,石川病院,1
岡山県,笠岡第１病院,1
岡山県,総合病院岡山協立病院,1
広島県,さかの小児科,1
広島県,のだ内科ファミリークリニック,1
広島県,ビックフロント広島内科呼吸器科,1
広島県,三原市医師会病院,1
広島県,医療法人社団前野医院,1
広島県,宇品家庭医療クリニック,1
広島県,安芸市民病院,1
広島県,広島国際大学,1
広島県,広島大学,9
広島県,広島市区役所,1
広島県,広島市立市民病院,1
広島県,広島県感染症・疾病管理センター,1
広島県,広島赤十字・原爆病院,1
広島県,施設掲載なし,1
広島県,日野内科小児科クリニック,1
広島県,独立行政法人国立病院機構福山医療センター,2
広島県,県立広島病院,3
広島県,福山南病院,1
山口県,くらしげ小児科,1
山口県,光市立大和総合病院,1
山口県,医療法人社団 鈴木小児科医院,1
山口県,周南保健福祉センター,1
山口県,地方独立行政法人下関市立市民病院,3
山口県,山口大学,2
山口県,山口赤十字病院,1
山口県,施設掲載なし,1
山口県,米海軍病院岩国診療所,1
山口県,鼓ヶ浦こども医療福祉センター,1
徳島県,TAOKAこころの医療センター,1
徳島県,倚山会 田岡病院,1
徳島県,医療法人 矢田医院,1
徳島県,医療法人三成会 水の都記念病院,1
徳島県,医療法人平成博愛会 博愛記念病院,1
徳島県,医療法人明和会 たまき青空病院,1
徳島県,徳島健生病院,1
徳島県,徳島大学病院,3
徳島県,徳島県立中央病院,1
徳島県,碩心館病院,1
徳島県,社会医療法人川島会 川島病院,1
徳島県,米田医院ラングクリニック,1
香川県,おかだ小児クリニック,1
香川県,医療法人 福生会多田羅内科クリニック,1
香川県,善通寺前田病院,1
香川県,坂出市立病院,1
香川県,施設掲載なし,1
香川県,独立行政法人国立病院機構 四国こどもとおとなの医療センター,1
香川県,緑会ザイタックスクリニック,1
香川県,香川大学,5
香川県,香川県立中央病院,1
愛媛県,きはら内科クリニック,1
愛媛県,こうの内科クリニック,1
愛媛県,よしだ内科クリニック,1
愛媛県,介護老人保健施設垣生あいじゅ,1
愛媛県,佐伯内科クリニック,1
愛媛県,医療法人くめ内科クリニック,1
愛媛県,医療法人たんげ内科クリニック,1
愛媛県,医療法人恕風会 大洲記念病院,1
愛媛県,愛媛大学,4
愛媛県,愛媛県立中央病院,2
愛媛県,愛媛県立今治病院,1
愛媛県,愛媛県立医療技術大学,1
愛媛県,愛媛県赤十字血液センター,1
愛媛県,新居浜山内病院,1
愛媛県,施設掲載なし,1
愛媛県,松山赤十字病院,4
愛媛県,独立行政法人国立病院機構四国がんセンター,1
愛媛県,鷹の子病院,1
高知県,いの町立国民健康保険仁淀病院,1
高知県,独立行政法人国立病院機構 高知病院,3
高知県,社会医療法人近森会 近森病院,1
高知県,高知大学,4
高知県,高知学園大学,1
高知県,高知県須崎福士保健所,1
福岡県,KARADA内科クリニック福岡天神,1
福岡県,さわやま内科・総合診療クリニック,1
福岡県,つむらファミリークリニック,1
福岡県,みさき病院,1
福岡県,やのクリニック,1
福岡県,トヨマス内科医院,1
福岡県,一般財団法人 平成紫川会 小倉記念病院,1
福岡県,中島こうやクリニック,1
福岡県,久志本医院,1
福岡県,久留米中央病院,1
福岡県,久留米大学,7
福岡県,九州大学,11
福岡県,二階堂内科呼吸器科クリニック,1
福岡県,伊都こどもクリニック,1
福岡県,佐藤こどもクリニック,1
福岡県,保健医療経営大学,1
福岡県,公益社団法人福岡医療団 千鳥橋病院,2
福岡県,公益財団法人健和会 健和会大手町病院,3
福岡県,北九州市保健福祉局保健所,1
福岡県,北九州市立中央病院,1
福岡県,北九州市立医療センター,3
福岡県,北九州市立病院機構,1
福岡県,北九州市立門司病院,1
福岡県,北九州総合病院,1
福岡県,医療法人 成晴会 堤病院,1
福岡県,医療法人 長井小児科医院,1
福岡県,医療法人さかた小児科クリニック,1
福岡県,医療法人みらい 今立内科クリニック,1
福岡県,医療法人信和会福岡信和病院,1
福岡県,医療法人原三信病院,2
福岡県,医療法人平田内科胃腸科クリニック,1
福岡県,医療法人徳洲会 福岡徳洲会病院,1
福岡県,医療法人愛風会 さく病院,1
福岡県,医療法人田中地平小児科,1
福岡県,医療法人白翠園 春日病院,1
福岡県,医療法人社団高邦会 高木病院,1
福岡県,医療法人芙蓉会 筑紫南ヶ丘病院,1
福岡県,古賀内科・呼吸器内科クリニック,1
福岡県,国家公務員共済組合連合会 浜の町病院,4
福岡県,国家公務員共済組合連合会新小倉病院,1
福岡県,国立病院機構 福岡病院,2
福岡県,国立病院機構福岡東医療センター,2
福岡県,地方独立行政法人 川崎町立病院,1
福岡県,大博通り内科・総合診療クリニック,1
福岡県,大神内科クリニック,1
福岡県,小波瀬病院,1
福岡県,嶋田病院,1
福岡県,戸畑総合病院,2
福岡県,新古賀みなみ病院,1
福岡県,新古賀病院,2
福岡県,施設掲載なし,1
福岡県,日野医院,1
福岡県,朝倉医師会病院,1
福岡県,東油山クリニック,1
福岡県,株式会社リチェルクリニカ,1
福岡県,桜坂いろりクリニック,1
福岡県,法務省 福岡刑務所,1
福岡県,済生会福岡総合病院,1
福岡県,特定医療法人原土井病院,4
福岡県,独立行政法人国立病院機構 九州医療センター,6
福岡県,独立行政法人地域医療機能推進機構久留米総合病院,1
福岡県,産業医科大学,9
福岡県,田川市立病院,1
福岡県,社会医療法人原土井病院 みどりのクリニック,1
福岡県,社会医療法人雪の聖母会 聖マリア病院,3
福岡県,福岡大学,4
福岡県,福岡大学筑紫病院,2
福岡県,福岡市民病院,2
福岡県,福岡市立こども病院,2
福岡県,福岡歯科大学,1
福岡県,福岡県済生会二日市病院,1
福岡県,福岡記念病院,1
福岡県,福岡赤十字病院,2
福岡県,糸田町立緑ヶ丘病院,1
福岡県,船員保険 福岡健康管理センター,1
福岡県,西福岡病院,2
福岡県,遠賀中間医師会おかがき病院,1
福岡県,鞍手協立病院,1
福岡県,飯塚市立病院,1
福岡県,飯塚病院,4
福岡県,香月内科医院,1
佐賀県,たんぽぽクリニック,1
佐賀県,やまだ小児科クリニック,1
佐賀県,佐賀大学,3
佐賀県,医療法人 ひらまつ病院,1
佐賀県,医療法人大和正信会 ふじおか病院,1
佐賀県,医療法人至誠会 なわたの森病院,1
佐賀県,唐津東松浦医師会医療センター,1
佐賀県,啓心会病院,1
佐賀県,地方独立行政法人 佐賀県医療センター 好生館,2
佐賀県,宮原医院,1
佐賀県,敬天堂古賀病院,1
佐賀県,施設掲載なし,1
佐賀県,江口病院,1
長崎県,ともなが内科クリニック,1
長崎県,サン・レモ リハビリ病院,2
長崎県,佐世保国際通り病院,1
長崎県,医療法人 光晴会病院,1
長崎県,医療法人 成田内科医院,1
長崎県,医療法人かわむら内科,1
長崎県,医療法人伴帥会 愛野記念病院,2
長崎県,医療法人光善会 長崎百合野病院,1
長崎県,医療法人厚生会 道ノ尾病院,1
長崎県,医療法人昭和会昭和会病院,1
長崎県,医療法人栄和会 泉川病院,2
長崎県,十善会病院,1
長崎県,千住病院,1
長崎県,地方独立行政法人 佐世保市総合医療センター,3
長崎県,地方独立行政法人長崎市立病院機構,1
長崎県,市立大村市民病院,1
長崎県,日本赤十字社 長崎原爆諫早病院,3
長崎県,日本赤十字社長崎原爆病院,1
長崎県,杏林病院,1
長崎県,独立行政法人国立病院機構 長崎医療センター,2
長崎県,社会医療法人三佼会 宮崎病院,1
長崎県,社会医療法人春回会 井上病院,2
長崎県,社会福祉法人 真和会,1
長崎県,福田外科病院,1
長崎県,草野内科医院,1
長崎県,虹が丘病院,1
長崎県,長崎みなとメディカルセンター市民病院,2
長崎県,長崎労災病院,3
長崎県,長崎大学,32
長崎県,長崎県五島中央病院,1
長崎県,長崎県健康事業団,1
長崎県,長崎県島原病院,1
長崎県,長崎記念病院,1
熊本県,くまもと南部広域病院,1
熊本県,くまもと森都総合病院,1
熊本県,国立病院機構熊本再春医療センター,2
熊本県,堀尾内科医院,1
熊本県,水俣市立総合医療センター,1
熊本県,済生会熊本病院,3
熊本県,熊本セントラル病院,1
熊本県,熊本中央病院,1
熊本県,熊本大学,5
熊本県,熊本市立市民病院,2
熊本県,熊本赤十字病院,4
熊本県,独立行政法人国立病院機構 熊本医療センター,2
熊本県,菊池中央病院,1
大分県,JA大分 大分県厚生連 鶴見病院,1
大分県,わさだケアセンター,1
大分県,伊藤内科医院,1
大分県,大分リハビリテーション病院,1
大分県,大分医療センター,1
大分県,大分大学,5
大分県,大分県立病院,2
大分県,天心堂へつぎ病院,1
大分県,施設掲載なし,3
大分県,社会保険診療報酬支払基金 大分事務所,1
大分県,豊後大野市民病院,1
大分県,長門記念病院,1
宮崎県,こむら内科医院,1
宮崎県,むらい内科クリニック,1
宮崎県,公益財団法人宮崎県健康づくり協会,1
宮崎県,医療法人愛生会 くすもと内科クリニック,1
宮崎県,医療法人慈光会 宮崎若久病院,1
宮崎県,医療法人財団志清会 阿波岐ヶ原病院,1
宮崎県,古賀総合病院,1
宮崎県,国立病院機構 都城医療センター,1
宮崎県,宮崎大学,5
宮崎県,宮崎生協病院,1
宮崎県,宮崎県立宮崎病院,6
宮崎県,愛泉会日南病院,1
宮崎県,独立行政法人国立病院機構 宮崎東病院,1
鹿児島県,よしのぶクリニック,1
鹿児島県,医療法人社団一廣会 福山内科,1
鹿児島県,林田内科,1
鹿児島県,済生会鹿児島病院,1
鹿児島県,県民健康プラザ鹿屋医療センター,1
鹿児島県,社会福祉法人内之浦会 吉重クリニック,1
鹿児島県,総合病院鹿児島生協病院,4
鹿児島県,肝属郡医師会立病院,1
鹿児島県,青仁会 池田病院,1
鹿児島県,鹿児島大学,4
鹿児島県,鹿児島市保健所,1
鹿児島県,鹿児島市立病院,2
鹿児島県,鹿児島徳洲会病院,1
沖縄県,くばかわメディカルクリニック,1
沖縄県,ゆずりは訪問診療所,1
沖縄県,公益財団法人 北部地区医師会病院,1
沖縄県,医療法人おもと会 大浜第一病院,1
沖縄県,医療法人かりゆし会 ハートライフ病院,2
沖縄県,医療法人敬愛会中頭病院,3
沖縄県,施設掲載なし,3
沖縄県,沖縄県立中部病院,1
沖縄県,沖縄県立南部医療センター,1
沖縄県,沖縄第一病院,1
沖縄県,沖縄赤十字病院,1
沖縄県,浦添総合病院,1
沖縄県,独立行政法人国立病院機構 沖縄病院,2
沖縄県,琉球大学,7
海外,海外勤務・留学,13
