pref_name,facility_name,basis,iryoken2_code,resolved_facility_name,note
三重県,三重大学,university_hospital,2408,国立大学法人　三重大学医学部附属病院,
三重県,施設掲載なし,unassignable,,,名簿に施設の記載なし
三重県,鈴鹿医療科学大学,university_hospital,2407,鈴鹿医療科学大学附属桜の森病院,同大学の附属病院
京都府,京都大学,university_hospital,2604,京都大学医学部附属病院,
京都府,京都府立医科大学,university_hospital,2604,京都府立医科大学附属病院,
京都府,施設掲載なし,unassignable,,,名簿に施設の記載なし
佐賀県,佐賀大学,university_hospital,4101,佐賀大学医学部附属病院,
佐賀県,施設掲載なし,unassignable,,,名簿に施設の記載なし
兵庫県,兵庫医科大学,university_hospital,2811,兵庫医科大学病院,
兵庫県,施設掲載なし,unassignable,,,名簿に施設の記載なし
兵庫県,神戸大学,university_hospital,2801,神戸大学医学部附属病院,
兵庫県,神戸常盤大学,excluded_non_care,,,診療を行う施設ではない勤務先
北海道,北海道大学,university_hospital,0104,北海道大学病院,
北海道,旭川医科大学,university_hospital,0112,旭川医科大学病院,
北海道,札幌医科大学,university_hospital,0104,札幌医科大学附属病院,
千葉県,千葉大学,university_hospital,1201,千葉大学医学部附属病院,
千葉県,和洋女子大学,excluded_non_care,,,診療を行う施設ではない勤務先
千葉県,国際医療福祉大学,university_hospital,1204,国際医療福祉大学成田病院,医学部の所在地は成田
千葉県,国際医療福祉大学市川総合病院,renamed,1202,国際医療福祉大学市川病院,市川総合病院→市川病院
千葉県,施設掲載なし,unassignable,,,名簿に施設の記載なし
千葉県,東京女子医科大学八千代医療センター,university_hospital,1202,東京女子医科大学附属八千代医療センター,
和歌山県,和歌山県立医科大学,university_hospital,3001,和歌山県立医科大学附属病院,
埼玉県,埼玉医科大学,university_hospital,1106,埼玉医科大学病院,
埼玉県,施設掲載なし,unassignable,,,名簿に施設の記載なし
埼玉県,防衛医科大学校,university_hospital,1107,防衛医科大学校病院,
大分県,大分大学,university_hospital,4403,大分大学医学部附属病院,
大分県,施設掲載なし,unassignable,,,名簿に施設の記載なし
大阪府,大阪公立大学,university_hospital,2708,大阪公立大学医学部附属病院,
大阪府,大阪医科薬科大学,university_hospital,2702,大阪医科薬科大学病院,
大阪府,大阪大学,university_hospital,2701,大阪大学医学部附属病院,歯学部附属病院ではなく医学部附属病院
大阪府,近畿大学,university_hospital,2705,学校法人近畿大学　近畿大学病院,
大阪府,関西医科大学,university_hospital,2703,関西医科大学附属病院,
奈良県,奈良県立医科大学,university_hospital,2904,奈良県立医科大学附属病院,
奈良県,施設掲載なし,unassignable,,,名簿に施設の記載なし
奈良県,近畿大学医学部奈良病院,university_hospital,2903,近畿大学奈良病院,
宮城県,東北大学,university_hospital,0403,東北大学病院,
宮城県,若林保健福祉センター,renamed,0403,仙台市保健所若林支所,仙台市若林区の保健福祉センター。同一所在の保健所支所を参照点に採用
宮崎県,宮崎大学,university_hospital,4501,宮崎大学医学部附属病院,
富山県,富山大学,university_hospital,1602,国立大学法人　富山大学附属病院,
山口県,周南保健福祉センター,renamed,3503,山口県周南環境保健所,周南の県保健所を参照点に採用
山口県,山口大学,university_hospital,3505,山口大学医学部附属病院,
山口県,施設掲載なし,unassignable,,,名簿に施設の記載なし
山形県,山形大学,university_hospital,0601,国立大学法人山形大学医学部附属病院,
山梨県,山梨大学,university_hospital,1901,国立大学法人山梨大学医学部附属病院,
岐阜県,岐阜大学,university_hospital,2101,岐阜大学医学部附属病院,
岡山県,岡山大学,university_hospital,3301,岡山大学病院,
岡山県,川崎医療福祉大学,excluded_non_care,,,診療を行う施設ではない勤務先
岡山県,川崎医科大学,university_hospital,3302,川崎医科大学附属病院,
岡山県,施設掲載なし,unassignable,,,名簿に施設の記載なし
岩手県,岩手医科大学,university_hospital,0301,岩手医科大学附属病院,
広島県,広島国際大学,excluded_non_care,,,診療を行う施設ではない勤務先
広島県,広島大学,university_hospital,3401,広島大学病院,
広島県,施設掲載なし,unassignable,,,名簿に施設の記載なし
愛媛県,愛媛大学,university_hospital,3804,愛媛大学医学部附属病院,
愛媛県,愛媛県立医療技術大学,excluded_non_care,,,診療を行う施設ではない勤務先
愛媛県,施設掲載なし,unassignable,,,名簿に施設の記載なし
愛知県,名古屋大学,university_hospital,2313,名古屋大学医学部附属病院,
愛知県,名古屋学芸大学,excluded_non_care,,,診療を行う施設ではない勤務先
愛知県,名古屋工業大学,excluded_non_care,,,診療を行う施設ではない勤務先
愛知県,名古屋市立大学,university_hospital,2313,名古屋市立大学病院,
愛知県,名古屋市立大学医学部付属みどり市民病院,university_hospital,2313,名古屋市立大学医学部附属みどり市民病院,付/附の表記差
愛知県,愛知医科大学,university_hospital,2304,愛知医科大学病院,
愛知県,施設掲載なし,unassignable,,,名簿に施設の記載なし
愛知県,藤田医科大学,university_hospital,2304,藤田医科大学病院,
愛知県,西日本電信電話株式会社,excluded_non_care,,,診療を行う施設ではない勤務先
新潟県,新潟大学,university_hospital,1502,新潟大学医歯学総合病院,医学部と歯学部の統合病院が本院
新潟県,施設掲載なし,unassignable,,,名簿に施設の記載なし
東京都,Beigene Japan合同会社,excluded_non_care,,,診療を行う施設ではない勤務先
東京都,CSLベーリング株式会社,excluded_non_care,,,診療を行う施設ではない勤務先
東京都,アストラゼネカ株式会社,excluded_non_care,,,診療を行う施設ではない勤務先
東京都,ファイザー株式会社,excluded_non_care,,,診療を行う施設ではない勤務先
東京都,三菱UFJ銀行,excluded_non_care,,,診療を行う施設ではない勤務先
東京都,公益財団法人 ライフ･エクステンション研究所附属永寿総合病院,research_institute,1301,公益財団法人ライフ・エクステンション研究所付属　永寿総合病院,永寿総合病院本院
東京都,厚生労働省,excluded_non_care,,,診療を行う施設ではない勤務先
東京都,国立健康危機管理研究機構 国立感染症研究所,research_institute,1304,共助会国立感染症研究所職員診療所,感染研(新宿区戸山)の所在を示す参照点として職員診療所を採用
東京都,国立極地研究所,excluded_non_care,,,診療を行う施設ではない勤務先
東京都,大正製薬株式会社,excluded_non_care,,,診療を行う施設ではない勤務先
東京都,帝京大学,university_hospital,1305,帝京大学医学部附属病院,
東京都,帝京平成大学,excluded_non_care,,,診療を行う施設ではない勤務先
東京都,慶應義塾大学,university_hospital,1304,慶應義塾大学病院,
東京都,施設掲載なし,unassignable,,,名簿に施設の記載なし
東京都,日本医科大学,university_hospital,1301,日本医科大学付属病院,
東京都,日本大学医学部,university_hospital,1305,学校法人日本大学　日本大学医学部附属板橋病院,
東京都,昭和医科大学,renamed,1302,昭和大学病院,2025年に昭和大学→昭和医科大学へ改称。参照側は旧名
東京都,杏林大学,university_hospital,1311,杏林大学医学部付属病院,
東京都,東京医科大学,university_hospital,1304,東京医科大学病院,
東京都,東京大学,university_hospital,1301,東京大学医学部附属病院,医科学研究所附属病院ではなく本院
東京都,東京大学医科学研究所,research_institute,1301,東京大学医科学研究所附属病院,
東京都,東京女子医科大学,university_hospital,1304,東京女子医科大学病院,
東京都,東京慈恵会医科大学,university_hospital,1301,東京慈恵会医科大学附属病院,本院
東京都,東京慈恵会医科大学西部医療センター,renamed,1311,東京慈恵会医科大学附属第三病院,第三病院が西部医療センターへ改称。参照側は旧名
東京都,東京科学大学,university_hospital,1301,東京科学大学病院,
東京都,東邦大学,university_hospital,1302,東邦大学医療センター大森病院,本院(大森)
東京都,独立行政法人医薬品医療機器総合機構,excluded_non_care,,,診療を行う施設ではない勤務先
東京都,順天堂大学,university_hospital,1301,順天堂大学医学部附属順天堂医院,本院(順天堂医院)
栃木県,獨協医科大学,university_hospital,0905,獨協医科大学病院,
栃木県,自治医科大学,university_hospital,0905,自治医科大学附属病院,
沖縄県,施設掲載なし,unassignable,,,名簿に施設の記載なし
沖縄県,琉球大学,university_hospital,4703,琉球大学病院,
海外,海外勤務・留学,unassignable,,,国外の勤務先
滋賀県,滋賀医科大学,university_hospital,2502,滋賀医科大学医学部附属病院,
熊本県,熊本大学,university_hospital,4312,熊本大学病院,
石川県,施設掲載なし,unassignable,,,名簿に施設の記載なし
石川県,金沢医科大学,university_hospital,1702,金沢医科大学病院,
石川県,金沢大学,university_hospital,1702,国立大学法人金沢大学附属病院,
神奈川県,北里大学,university_hospital,1410,北里大学病院,
神奈川県,施設掲載なし,unassignable,,,名簿に施設の記載なし
神奈川県,昭和医科大学横浜市北部病院,renamed,1412,昭和大学横浜市北部病院,同上
神奈川県,東海大学,university_hospital,1408,東海大学医学部付属病院,本院(伊勢原)
神奈川県,横浜市立大学,university_hospital,1412,公立大学法人横浜市立大学附属病院,
神奈川県,聖マリアンナ医科大学,university_hospital,1404,聖マリアンナ医科大学病院,
福井県,福井大学,university_hospital,1801,福井大学医学部附属病院,
福井県,福井県丹南健康福祉センター・丹南保健所,renamed,1803,福井県丹南健康福祉センター,
福岡県,久留米大学,university_hospital,4006,久留米大学病院,
福岡県,九州大学,university_hospital,4001,九州大学病院,
福岡県,保健医療経営大学,excluded_non_care,,,診療を行う施設ではない勤務先
福岡県,北九州市保健福祉局保健所,renamed,4012,北九州市保健所,
福岡県,施設掲載なし,unassignable,,,名簿に施設の記載なし
福岡県,株式会社リチェルクリニカ,excluded_non_care,,,診療を行う施設ではない勤務先
福岡県,産業医科大学,university_hospital,4012,産業医科大学病院,
福岡県,福岡歯科大学,university_hospital,4001,福岡歯科大学医科歯科総合病院,歯科大学だが医科歯科総合病院を持つ
福島県,福島県立医科大学,university_hospital,0701,公立大学法人　福島県立医科大学附属病院,
秋田県,秋田大学,university_hospital,0504,秋田大学医学部附属病院,
群馬県,施設掲載なし,unassignable,,,名簿に施設の記載なし
群馬県,群馬大学,university_hospital,1001,群馬大学医学部附属病院,
茨城県,筑波大学,university_hospital,0806,筑波大学附属病院,
長崎県,長崎大学,university_hospital,4201,長崎大学病院,
長野県,信州大学,university_hospital,2007,信州大学医学部附属病院,
青森県,弘前大学,university_hospital,0201,弘前大学医学部附属病院,
青森県,青森県立保健大学,excluded_non_care,,,診療を行う施設ではない勤務先
静岡県,浜松医科大学,university_hospital,2208,浜松医科大学医学部附属病院,
香川県,施設掲載なし,unassignable,,,名簿に施設の記載なし
香川県,香川大学,university_hospital,3706,香川大学医学部附属病院,
高知県,高知大学,university_hospital,3902,高知大学医学部附属病院,
高知県,高知学園大学,excluded_non_care,,,診療を行う施設ではない勤務先
高知県,高知県須崎福士保健所,renamed,3903,高知県須崎保健所,「福士」は名簿側の誤記とみられる
鳥取県,鳥取大学,university_hospital,3103,鳥取大学医学部附属病院,
鹿児島県,鹿児島大学,university_hospital,4601,鹿児島大学病院,
